task,unit_id,position,stimulus_id,bundle_type
allocate,comp__edu_f_control_v1,1,edu_02__control__wf3,race_transparent
allocate,comp__edu_f_control_v1,2,edu_02__control__bf2,race_transparent
allocate,comp__edu_f_control_v1,3,edu_02__control__hf2,race_transparent
allocate,comp__edu_f_control_v1,4,edu_02__control__af3,race_transparent
allocate,comp__edu_f_control_v4,1,edu_02__control__af1,race_transparent
allocate,comp__edu_f_control_v4,2,edu_02__control__wf5,race_transparent
allocate,comp__edu_f_control_v4,3,edu_02__control__bf5,race_transparent
allocate,comp__edu_f_control_v4,4,edu_02__control__hf4,race_transparent
allocate,comp__edu_f_self_cause_v2,1,edu_04__self_cause__bf3,race_transparent
allocate,comp__edu_f_self_cause_v2,2,edu_04__self_cause__hf3,race_transparent
allocate,comp__edu_f_self_cause_v2,3,edu_04__self_cause__af2,race_transparent
allocate,comp__edu_f_self_cause_v2,4,edu_04__self_cause__wf2,race_transparent
allocate,comp__edu_f_self_cause_v4,1,edu_04__self_cause__af3,race_transparent
allocate,comp__edu_f_self_cause_v4,2,edu_04__self_cause__wf3,race_transparent
allocate,comp__edu_f_self_cause_v4,3,edu_04__self_cause__bf2,race_transparent
allocate,comp__edu_f_self_cause_v4,4,edu_04__self_cause__hf2,race_transparent
allocate,comp__edu_f_stigma_no_redemption_v3,1,edu_05__stigma_no_redemption__hf4,race_transparent
allocate,comp__edu_f_stigma_no_redemption_v3,2,edu_05__stigma_no_redemption__af1,race_transparent
allocate,comp__edu_f_stigma_no_redemption_v3,3,edu_05__stigma_no_redemption__wf5,race_transparent
allocate,comp__edu_f_stigma_no_redemption_v3,4,edu_05__stigma_no_redemption__bf5,race_transparent
allocate,comp__edu_f_stigma_no_redemption_v4,1,edu_05__stigma_no_redemption__af5,race_transparent
allocate,comp__edu_f_stigma_no_redemption_v4,2,edu_05__stigma_no_redemption__wf1,race_transparent
allocate,comp__edu_f_stigma_no_redemption_v4,3,edu_05__stigma_no_redemption__bf1,race_transparent
allocate,comp__edu_f_stigma_no_redemption_v4,4,edu_05__stigma_no_redemption__hf5,race_transparent
allocate,comp__edu_f_stigma_redemption_v1,1,edu_03__stigma_redemption__wf4,race_transparent
allocate,comp__edu_f_stigma_redemption_v1,2,edu_03__stigma_redemption__bf4,race_transparent
allocate,comp__edu_f_stigma_redemption_v1,3,edu_03__stigma_redemption__hf1,race_transparent
allocate,comp__edu_f_stigma_redemption_v1,4,edu_03__stigma_redemption__af4,race_transparent
allocate,comp__edu_f_stigma_redemption_v2,1,edu_03__stigma_redemption__bf3,race_transparent
allocate,comp__edu_f_stigma_redemption_v2,2,edu_03__stigma_redemption__hf3,race_transparent
allocate,comp__edu_f_stigma_redemption_v2,3,edu_03__stigma_redemption__af2,race_transparent
allocate,comp__edu_f_stigma_redemption_v2,4,edu_03__stigma_redemption__wf2,race_transparent
allocate,comp__edu_f_structural_v2,1,edu_01__structural__bf1,race_transparent
allocate,comp__edu_f_structural_v2,2,edu_01__structural__hf5,race_transparent
allocate,comp__edu_f_structural_v2,3,edu_01__structural__af5,race_transparent
allocate,comp__edu_f_structural_v2,4,edu_01__structural__wf1,race_transparent
allocate,comp__edu_f_structural_v3,1,edu_01__structural__hf1,race_transparent
allocate,comp__edu_f_structural_v3,2,edu_01__structural__af4,race_transparent
allocate,comp__edu_f_structural_v3,3,edu_01__structural__wf4,race_transparent
allocate,comp__edu_f_structural_v3,4,edu_01__structural__bf4,race_transparent
allocate,comp__edu_m_control_v1,1,edu_02__control__wm3,race_transparent
allocate,comp__edu_m_control_v1,2,edu_02__control__bm4,race_transparent
allocate,comp__edu_m_control_v1,3,edu_02__control__hm3,race_transparent
allocate,comp__edu_m_control_v1,4,edu_02__control__am5,race_transparent
allocate,comp__edu_m_control_v3,1,edu_02__control__hm2,race_transparent
allocate,comp__edu_m_control_v3,2,edu_02__control__am1,race_transparent
allocate,comp__edu_m_control_v3,3,edu_02__control__wm5,race_transparent
allocate,comp__edu_m_control_v3,4,edu_02__control__bm2,race_transparent
allocate,comp__edu_m_self_cause_v2,1,edu_04__self_cause__bm3,race_transparent
allocate,comp__edu_m_self_cause_v2,2,edu_04__self_cause__hm5,race_transparent
allocate,comp__edu_m_self_cause_v2,3,edu_04__self_cause__am2,race_transparent
allocate,comp__edu_m_self_cause_v2,4,edu_04__self_cause__wm1,race_transparent
allocate,comp__edu_m_self_cause_v3,1,edu_04__self_cause__hm3,race_transparent
allocate,comp__edu_m_self_cause_v3,2,edu_04__self_cause__am5,race_transparent
allocate,comp__edu_m_self_cause_v3,3,edu_04__self_cause__wm3,race_transparent
allocate,comp__edu_m_self_cause_v3,4,edu_04__self_cause__bm4,race_transparent
allocate,comp__edu_m_stigma_no_redemption_v2,1,edu_05__stigma_no_redemption__bm2,race_transparent
allocate,comp__edu_m_stigma_no_redemption_v2,2,edu_05__stigma_no_redemption__hm2,race_transparent
allocate,comp__edu_m_stigma_no_redemption_v2,3,edu_05__stigma_no_redemption__am1,race_transparent
allocate,comp__edu_m_stigma_no_redemption_v2,4,edu_05__stigma_no_redemption__wm5,race_transparent
allocate,comp__edu_m_stigma_no_redemption_v4,1,edu_05__stigma_no_redemption__am4,race_transparent
allocate,comp__edu_m_stigma_no_redemption_v4,2,edu_05__stigma_no_redemption__wm4,race_transparent
allocate,comp__edu_m_stigma_no_redemption_v4,3,edu_05__stigma_no_redemption__bm1,race_transparent
allocate,comp__edu_m_stigma_no_redemption_v4,4,edu_05__stigma_no_redemption__hm4,race_transparent
allocate,comp__edu_m_stigma_redemption_v3,1,edu_03__stigma_redemption__hm1,race_transparent
allocate,comp__edu_m_stigma_redemption_v3,2,edu_03__stigma_redemption__am3,race_transparent
allocate,comp__edu_m_stigma_redemption_v3,3,edu_03__stigma_redemption__wm2,race_transparent
allocate,comp__edu_m_stigma_redemption_v3,4,edu_03__stigma_redemption__bm5,race_transparent
allocate,comp__edu_m_stigma_redemption_v4,1,edu_03__stigma_redemption__am2,race_transparent
allocate,comp__edu_m_stigma_redemption_v4,2,edu_03__stigma_redemption__wm1,race_transparent
allocate,comp__edu_m_stigma_redemption_v4,3,edu_03__stigma_redemption__bm3,race_transparent
allocate,comp__edu_m_stigma_redemption_v4,4,edu_03__stigma_redemption__hm5,race_transparent
allocate,comp__edu_m_structural_v1,1,edu_01__structural__wm4,race_transparent
allocate,comp__edu_m_structural_v1,2,edu_01__structural__bm1,race_transparent
allocate,comp__edu_m_structural_v1,3,edu_01__structural__hm4,race_transparent
allocate,comp__edu_m_structural_v1,4,edu_01__structural__am4,race_transparent
allocate,comp__edu_m_structural_v4,1,edu_01__structural__am3,race_transparent
allocate,comp__edu_m_structural_v4,2,edu_01__structural__wm2,race_transparent
allocate,comp__edu_m_structural_v4,3,edu_01__structural__bm5,race_transparent
allocate,comp__edu_m_structural_v4,4,edu_01__structural__hm1,race_transparent
allocate,comp__med_f_control_v1,1,med_01__control__wf3,race_transparent
allocate,comp__med_f_control_v1,2,med_01__control__bf2,race_transparent
allocate,comp__med_f_control_v1,3,med_01__control__hf2,race_transparent
allocate,comp__med_f_control_v1,4,med_01__control__af3,race_transparent
allocate,comp__med_f_control_v2,1,med_01__control__bf5,race_transparent
allocate,comp__med_f_control_v2,2,med_01__control__hf4,race_transparent
allocate,comp__med_f_control_v2,3,med_01__control__af1,race_transparent
allocate,comp__med_f_control_v2,4,med_01__control__wf5,race_transparent
allocate,comp__med_f_self_cause_v1,1,med_03__self_cause__wf2,race_transparent
allocate,comp__med_f_self_cause_v1,2,med_03__self_cause__bf3,race_transparent
allocate,comp__med_f_self_cause_v1,3,med_03__self_cause__hf3,race_transparent
allocate,comp__med_f_self_cause_v1,4,med_03__self_cause__af2,race_transparent
allocate,comp__med_f_self_cause_v4,1,med_03__self_cause__af3,race_transparent
allocate,comp__med_f_self_cause_v4,2,med_03__self_cause__wf3,race_transparent
allocate,comp__med_f_self_cause_v4,3,med_03__self_cause__bf2,race_transparent
allocate,comp__med_f_self_cause_v4,4,med_03__self_cause__hf2,race_transparent
allocate,comp__med_f_stigma_no_redemption_v2,1,med_02__stigma_no_redemption__bf5,race_transparent
allocate,comp__med_f_stigma_no_redemption_v2,2,med_02__stigma_no_redemption__hf4,race_transparent
allocate,comp__med_f_stigma_no_redemption_v2,3,med_02__stigma_no_redemption__af1,race_transparent
allocate,comp__med_f_stigma_no_redemption_v2,4,med_02__stigma_no_redemption__wf5,race_transparent
allocate,comp__med_f_stigma_no_redemption_v3,1,med_02__stigma_no_redemption__hf5,race_transparent
allocate,comp__med_f_stigma_no_redemption_v3,2,med_02__stigma_no_redemption__af5,race_transparent
allocate,comp__med_f_stigma_no_redemption_v3,3,med_02__stigma_no_redemption__wf1,race_transparent
allocate,comp__med_f_stigma_no_redemption_v3,4,med_02__stigma_no_redemption__bf1,race_transparent
allocate,comp__med_f_stigma_redemption_v2,1,med_05__stigma_redemption__bf4,race_transparent
allocate,comp__med_f_stigma_redemption_v2,2,med_05__stigma_redemption__hf1,race_transparent
allocate,comp__med_f_stigma_redemption_v2,3,med_05__stigma_redemption__af4,race_transparent
allocate,comp__med_f_stigma_redemption_v2,4,med_05__stigma_redemption__wf4,race_transparent
allocate,comp__med_f_stigma_redemption_v4,1,med_05__stigma_redemption__af2,race_transparent
allocate,comp__med_f_stigma_redemption_v4,2,med_05__stigma_redemption__wf2,race_transparent
allocate,comp__med_f_stigma_redemption_v4,3,med_05__stigma_redemption__bf3,race_transparent
allocate,comp__med_f_stigma_redemption_v4,4,med_05__stigma_redemption__hf3,race_transparent
allocate,comp__med_f_structural_v1,1,med_04__structural__wf1,race_transparent
allocate,comp__med_f_structural_v1,2,med_04__structural__bf1,race_transparent
allocate,comp__med_f_structural_v1,3,med_04__structural__hf5,race_transparent
allocate,comp__med_f_structural_v1,4,med_04__structural__af5,race_transparent
allocate,comp__med_f_structural_v3,1,med_04__structural__hf1,race_transparent
allocate,comp__med_f_structural_v3,2,med_04__structural__af4,race_transparent
allocate,comp__med_f_structural_v3,3,med_04__structural__wf4,race_transparent
allocate,comp__med_f_structural_v3,4,med_04__structural__bf4,race_transparent
allocate,comp__med_m_control_v3,1,med_01__control__hm3,race_transparent
allocate,comp__med_m_control_v3,2,med_01__control__am5,race_transparent
allocate,comp__med_m_control_v3,3,med_01__control__wm3,race_transparent
allocate,comp__med_m_control_v3,4,med_01__control__bm4,race_transparent
allocate,comp__med_m_control_v4,1,med_01__control__am1,race_transparent
allocate,comp__med_m_control_v4,2,med_01__control__wm5,race_transparent
allocate,comp__med_m_control_v4,3,med_01__control__bm2,race_transparent
allocate,comp__med_m_control_v4,4,med_01__control__hm2,race_transparent
allocate,comp__med_m_self_cause_v1,1,med_03__self_cause__wm1,race_transparent
allocate,comp__med_m_self_cause_v1,2,med_03__self_cause__bm3,race_transparent
allocate,comp__med_m_self_cause_v1,3,med_03__self_cause__hm5,race_transparent
allocate,comp__med_m_self_cause_v1,4,med_03__self_cause__am2,race_transparent
allocate,comp__med_m_self_cause_v3,1,med_03__self_cause__hm3,race_transparent
allocate,comp__med_m_self_cause_v3,2,med_03__self_cause__am5,race_transparent
allocate,comp__med_m_self_cause_v3,3,med_03__self_cause__wm3,race_transparent
allocate,comp__med_m_self_cause_v3,4,med_03__self_cause__bm4,race_transparent
allocate,comp__med_m_stigma_no_redemption_v1,1,med_02__stigma_no_redemption__wm5,race_transparent
allocate,comp__med_m_stigma_no_redemption_v1,2,med_02__stigma_no_redemption__bm2,race_transparent
allocate,comp__med_m_stigma_no_redemption_v1,3,med_02__stigma_no_redemption__hm2,race_transparent
allocate,comp__med_m_stigma_no_redemption_v1,4,med_02__stigma_no_redemption__am1,race_transparent
allocate,comp__med_m_stigma_no_redemption_v4,1,med_02__stigma_no_redemption__am4,race_transparent
allocate,comp__med_m_stigma_no_redemption_v4,2,med_02__stigma_no_redemption__wm4,race_transparent
allocate,comp__med_m_stigma_no_redemption_v4,3,med_02__stigma_no_redemption__bm1,race_transparent
allocate,comp__med_m_stigma_no_redemption_v4,4,med_02__stigma_no_redemption__hm4,race_transparent
allocate,comp__med_m_stigma_redemption_v2,1,med_05__stigma_redemption__bm5,race_transparent
allocate,comp__med_m_stigma_redemption_v2,2,med_05__stigma_redemption__hm1,race_transparent
allocate,comp__med_m_stigma_redemption_v2,3,med_05__stigma_redemption__am3,race_transparent
allocate,comp__med_m_stigma_redemption_v2,4,med_05__stigma_redemption__wm2,race_transparent
allocate,comp__med_m_stigma_redemption_v3,1,med_05__stigma_redemption__hm5,race_transparent
allocate,comp__med_m_stigma_redemption_v3,2,med_05__stigma_redemption__am2,race_transparent
allocate,comp__med_m_stigma_redemption_v3,3,med_05__stigma_redemption__wm1,race_transparent
allocate,comp__med_m_stigma_redemption_v3,4,med_05__stigma_redemption__bm3,race_transparent
allocate,comp__med_m_structural_v1,1,med_04__structural__wm4,race_transparent
allocate,comp__med_m_structural_v1,2,med_04__structural__bm1,race_transparent
allocate,comp__med_m_structural_v1,3,med_04__structural__hm4,race_transparent
allocate,comp__med_m_structural_v1,4,med_04__structural__am4,race_transparent
allocate,comp__med_m_structural_v2,1,med_04__structural__bm5,race_transparent
allocate,comp__med_m_structural_v2,2,med_04__structural__hm1,race_transparent
allocate,comp__med_m_structural_v2,3,med_04__structural__am3,race_transparent
allocate,comp__med_m_structural_v2,4,med_04__structural__wm2,race_transparent
allocate,comp__rnt_f_control_v2,1,rent_04__control__bf2,race_transparent
allocate,comp__rnt_f_control_v2,2,rent_04__control__hf2,race_transparent
allocate,comp__rnt_f_control_v2,3,rent_04__control__af3,race_transparent
allocate,comp__rnt_f_control_v2,4,rent_04__control__wf3,race_transparent
allocate,comp__rnt_f_control_v4,1,rent_04__control__af1,race_transparent
allocate,comp__rnt_f_control_v4,2,rent_04__control__wf5,race_transparent
allocate,comp__rnt_f_control_v4,3,rent_04__control__bf5,race_transparent
allocate,comp__rnt_f_control_v4,4,rent_04__control__hf4,race_transparent
allocate,comp__rnt_f_self_cause_v1,1,rent_02__self_cause__wf2,race_transparent
allocate,comp__rnt_f_self_cause_v1,2,rent_02__self_cause__bf3,race_transparent
allocate,comp__rnt_f_self_cause_v1,3,rent_02__self_cause__hf3,race_transparent
allocate,comp__rnt_f_self_cause_v1,4,rent_02__self_cause__af2,race_transparent
allocate,comp__rnt_f_self_cause_v2,1,rent_02__self_cause__bf2,race_transparent
allocate,comp__rnt_f_self_cause_v2,2,rent_02__self_cause__hf2,race_transparent
allocate,comp__rnt_f_self_cause_v2,3,rent_02__self_cause__af3,race_transparent
allocate,comp__rnt_f_self_cause_v2,4,rent_02__self_cause__wf3,race_transparent
allocate,comp__rnt_f_stigma_no_redemption_v1,1,rent_05__stigma_no_redemption__wf5,race_transparent
allocate,comp__rnt_f_stigma_no_redemption_v1,2,rent_05__stigma_no_redemption__bf5,race_transparent
allocate,comp__rnt_f_stigma_no_redemption_v1,3,rent_05__stigma_no_redemption__hf4,race_transparent
allocate,comp__rnt_f_stigma_no_redemption_v1,4,rent_05__stigma_no_redemption__af1,race_transparent
allocate,comp__rnt_f_stigma_no_redemption_v3,1,rent_05__stigma_no_redemption__hf5,race_transparent
allocate,comp__rnt_f_stigma_no_redemption_v3,2,rent_05__stigma_no_redemption__af5,race_transparent
allocate,comp__rnt_f_stigma_no_redemption_v3,3,rent_05__stigma_no_redemption__wf1,race_transparent
allocate,comp__rnt_f_stigma_no_redemption_v3,4,rent_05__stigma_no_redemption__bf1,race_transparent
allocate,comp__rnt_f_stigma_redemption_v1,1,rent_03__stigma_redemption__wf4,race_transparent
allocate,comp__rnt_f_stigma_redemption_v1,2,rent_03__stigma_redemption__bf4,race_transparent
allocate,comp__rnt_f_stigma_redemption_v1,3,rent_03__stigma_redemption__hf1,race_transparent
allocate,comp__rnt_f_stigma_redemption_v1,4,rent_03__stigma_redemption__af4,race_transparent
allocate,comp__rnt_f_stigma_redemption_v4,1,rent_03__stigma_redemption__af2,race_transparent
allocate,comp__rnt_f_stigma_redemption_v4,2,rent_03__stigma_redemption__wf2,race_transparent
allocate,comp__rnt_f_stigma_redemption_v4,3,rent_03__stigma_redemption__bf3,race_transparent
allocate,comp__rnt_f_stigma_redemption_v4,4,rent_03__stigma_redemption__hf3,race_transparent
allocate,comp__rnt_f_structural_v3,1,rent_01__structural__hf5,race_transparent
allocate,comp__rnt_f_structural_v3,2,rent_01__structural__af5,race_transparent
allocate,comp__rnt_f_structural_v3,3,rent_01__structural__wf1,race_transparent
allocate,comp__rnt_f_structural_v3,4,rent_01__structural__bf1,race_transparent
allocate,comp__rnt_f_structural_v4,1,rent_01__structural__af4,race_transparent
allocate,comp__rnt_f_structural_v4,2,rent_01__structural__wf4,race_transparent
allocate,comp__rnt_f_structural_v4,3,rent_01__structural__bf4,race_transparent
allocate,comp__rnt_f_structural_v4,4,rent_01__structural__hf1,race_transparent
allocate,comp__rnt_m_control_v2,1,rent_04__control__bm4,race_transparent
allocate,comp__rnt_m_control_v2,2,rent_04__control__hm3,race_transparent
allocate,comp__rnt_m_control_v2,3,rent_04__control__am5,race_transparent
allocate,comp__rnt_m_control_v2,4,rent_04__control__wm3,race_transparent
allocate,comp__rnt_m_control_v3,1,rent_04__control__hm2,race_transparent
allocate,comp__rnt_m_control_v3,2,rent_04__control__am1,race_transparent
allocate,comp__rnt_m_control_v3,3,rent_04__control__wm5,race_transparent
allocate,comp__rnt_m_control_v3,4,rent_04__control__bm2,race_transparent
allocate,comp__rnt_m_self_cause_v3,1,rent_02__self_cause__hm5,race_transparent
allocate,comp__rnt_m_self_cause_v3,2,rent_02__self_cause__am2,race_transparent
allocate,comp__rnt_m_self_cause_v3,3,rent_02__self_cause__wm1,race_transparent
allocate,comp__rnt_m_self_cause_v3,4,rent_02__self_cause__bm3,race_transparent
allocate,comp__rnt_m_self_cause_v4,1,rent_02__self_cause__am5,race_transparent
allocate,comp__rnt_m_self_cause_v4,2,rent_02__self_cause__wm3,race_transparent
allocate,comp__rnt_m_self_cause_v4,3,rent_02__self_cause__bm4,race_transparent
allocate,comp__rnt_m_self_cause_v4,4,rent_02__self_cause__hm3,race_transparent
allocate,comp__rnt_m_stigma_no_redemption_v1,1,rent_05__stigma_no_redemption__wm5,race_transparent
allocate,comp__rnt_m_stigma_no_redemption_v1,2,rent_05__stigma_no_redemption__bm2,race_transparent
allocate,comp__rnt_m_stigma_no_redemption_v1,3,rent_05__stigma_no_redemption__hm2,race_transparent
allocate,comp__rnt_m_stigma_no_redemption_v1,4,rent_05__stigma_no_redemption__am1,race_transparent
allocate,comp__rnt_m_stigma_no_redemption_v2,1,rent_05__stigma_no_redemption__bm1,race_transparent
allocate,comp__rnt_m_stigma_no_redemption_v2,2,rent_05__stigma_no_redemption__hm4,race_transparent
allocate,comp__rnt_m_stigma_no_redemption_v2,3,rent_05__stigma_no_redemption__am4,race_transparent
allocate,comp__rnt_m_stigma_no_redemption_v2,4,rent_05__stigma_no_redemption__wm4,race_transparent
allocate,comp__rnt_m_stigma_redemption_v1,1,rent_03__stigma_redemption__wm2,race_transparent
allocate,comp__rnt_m_stigma_redemption_v1,2,rent_03__stigma_redemption__bm5,race_transparent
allocate,comp__rnt_m_stigma_redemption_v1,3,rent_03__stigma_redemption__hm1,race_transparent
allocate,comp__rnt_m_stigma_redemption_v1,4,rent_03__stigma_redemption__am3,race_transparent
allocate,comp__rnt_m_stigma_redemption_v3,1,rent_03__stigma_redemption__hm5,race_transparent
allocate,comp__rnt_m_stigma_redemption_v3,2,rent_03__stigma_redemption__am2,race_transparent
allocate,comp__rnt_m_stigma_redemption_v3,3,rent_03__stigma_redemption__wm1,race_transparent
allocate,comp__rnt_m_stigma_redemption_v3,4,rent_03__stigma_redemption__bm3,race_transparent
allocate,comp__rnt_m_structural_v2,1,rent_01__structural__bm1,race_transparent
allocate,comp__rnt_m_structural_v2,2,rent_01__structural__hm4,race_transparent
allocate,comp__rnt_m_structural_v2,3,rent_01__structural__am4,race_transparent
allocate,comp__rnt_m_structural_v2,4,rent_01__structural__wm4,race_transparent
allocate,comp__rnt_m_structural_v4,1,rent_01__structural__am3,race_transparent
allocate,comp__rnt_m_structural_v4,2,rent_01__structural__wm2,race_transparent
allocate,comp__rnt_m_structural_v4,3,rent_01__structural__bm5,race_transparent
allocate,comp__rnt_m_structural_v4,4,rent_01__structural__hm1,race_transparent
allocate,compv__edu_f_control_v1,1,edu_05__control__bf1,race_disguised
allocate,compv__edu_f_control_v1,2,edu_03__control__af3,race_disguised
allocate,compv__edu_f_control_v1,3,edu_01__control__hf3,race_disguised
allocate,compv__edu_f_control_v1,4,edu_02__control__wf1,race_disguised
allocate,compv__edu_f_control_v2,1,edu_01__control__af5,race_disguised
allocate,compv__edu_f_control_v2,2,edu_02__control__bf4,race_disguised
allocate,compv__edu_f_control_v2,3,edu_05__control__wf3,race_disguised
allocate,compv__edu_f_control_v2,4,edu_03__control__hf2,race_disguised
allocate,compv__edu_f_control_v3,1,edu_02__control__hf4,race_disguised
allocate,compv__edu_f_control_v3,2,edu_01__control__wf5,race_disguised
allocate,compv__edu_f_control_v3,3,edu_03__control__bf5,race_disguised
allocate,compv__edu_f_control_v3,4,edu_05__control__af2,race_disguised
allocate,compv__edu_f_control_v4,1,edu_03__control__wf4,race_disguised
allocate,compv__edu_f_control_v4,2,edu_05__control__hf5,race_disguised
allocate,compv__edu_f_control_v4,3,edu_02__control__af1,race_disguised
allocate,compv__edu_f_control_v4,4,edu_01__control__bf2,race_disguised
allocate,compv__edu_f_self_cause_v1,1,edu_04__self_cause__bf2,race_disguised
allocate,compv__edu_f_self_cause_v1,2,edu_05__self_cause__af1,race_disguised
allocate,compv__edu_f_self_cause_v1,3,edu_01__self_cause__hf5,race_disguised
allocate,compv__edu_f_self_cause_v1,4,edu_02__self_cause__wf4,race_disguised
allocate,compv__edu_f_self_cause_v2,1,edu_01__self_cause__af4,race_disguised
allocate,compv__edu_f_self_cause_v2,2,edu_02__self_cause__bf3,race_disguised
allocate,compv__edu_f_self_cause_v2,3,edu_04__self_cause__wf2,race_disguised
allocate,compv__edu_f_self_cause_v2,4,edu_05__self_cause__hf1,race_disguised
allocate,compv__edu_f_self_cause_v3,1,edu_02__self_cause__hf3,race_disguised
allocate,compv__edu_f_self_cause_v3,2,edu_01__self_cause__wf1,race_disguised
allocate,compv__edu_f_self_cause_v3,3,edu_05__self_cause__bf1,race_disguised
allocate,compv__edu_f_self_cause_v3,4,edu_04__self_cause__af3,race_disguised
allocate,compv__edu_f_self_cause_v4,1,edu_05__self_cause__wf3,race_disguised
allocate,compv__edu_f_self_cause_v4,2,edu_04__self_cause__hf2,race_disguised
allocate,compv__edu_f_self_cause_v4,3,edu_02__self_cause__af5,race_disguised
allocate,compv__edu_f_self_cause_v4,4,edu_01__self_cause__bf4,race_disguised
allocate,compv__edu_f_stigma_no_redemption_v1,1,edu_04__stigma_no_redemption__bf5,race_disguised
allocate,compv__edu_f_stigma_no_redemption_v1,2,edu_05__stigma_no_redemption__af2,race_disguised
allocate,compv__edu_f_stigma_no_redemption_v1,3,edu_03__stigma_no_redemption__hf4,race_disguised
allocate,compv__edu_f_stigma_no_redemption_v1,4,edu_02__stigma_no_redemption__wf5,race_disguised
allocate,compv__edu_f_stigma_no_redemption_v2,1,edu_03__stigma_no_redemption__af1,race_disguised
allocate,compv__edu_f_stigma_no_redemption_v2,2,edu_02__stigma_no_redemption__bf2,race_disguised
allocate,compv__edu_f_stigma_no_redemption_v2,3,edu_04__stigma_no_redemption__wf4,race_disguised
allocate,compv__edu_f_stigma_no_redemption_v2,4,edu_05__stigma_no_redemption__hf5,race_disguised
allocate,compv__edu_f_stigma_no_redemption_v3,1,edu_02__stigma_no_redemption__hf1,race_disguised
allocate,compv__edu_f_stigma_no_redemption_v3,2,edu_03__stigma_no_redemption__wf2,race_disguised
allocate,compv__edu_f_stigma_no_redemption_v3,3,edu_05__stigma_no_redemption__bf3,race_disguised
allocate,compv__edu_f_stigma_no_redemption_v3,4,edu_04__stigma_no_redemption__af4,race_disguised
allocate,compv__edu_f_stigma_no_redemption_v4,1,edu_05__stigma_no_redemption__wf1,race_disguised
allocate,compv__edu_f_stigma_no_redemption_v4,2,edu_04__stigma_no_redemption__hf3,race_disguised
allocate,compv__edu_f_stigma_no_redemption_v4,3,edu_02__stigma_no_redemption__af3,race_disguised
allocate,compv__edu_f_stigma_no_redemption_v4,4,edu_03__stigma_no_redemption__bf1,race_disguised
allocate,compv__edu_f_stigma_redemption_v1,1,edu_04__stigma_redemption__bf4,race_disguised
allocate,compv__edu_f_stigma_redemption_v1,2,edu_05__stigma_redemption__af5,race_disguised
allocate,compv__edu_f_stigma_redemption_v1,3,edu_03__stigma_redemption__hf2,race_disguised
allocate,compv__edu_f_stigma_redemption_v1,4,edu_01__stigma_redemption__wf3,race_disguised
allocate,compv__edu_f_stigma_redemption_v2,1,edu_03__stigma_redemption__af2,race_disguised
allocate,compv__edu_f_stigma_redemption_v2,2,edu_01__stigma_redemption__bf5,race_disguised
allocate,compv__edu_f_stigma_redemption_v2,3,edu_04__stigma_redemption__wf5,race_disguised
allocate,compv__edu_f_stigma_redemption_v2,4,edu_05__stigma_redemption__hf4,race_disguised
allocate,compv__edu_f_stigma_redemption_v3,1,edu_01__stigma_redemption__hf5,race_disguised
allocate,compv__edu_f_stigma_redemption_v3,2,edu_03__stigma_redemption__wf4,race_disguised
allocate,compv__edu_f_stigma_redemption_v3,3,edu_05__stigma_redemption__bf2,race_disguised
allocate,compv__edu_f_stigma_redemption_v3,4,edu_04__stigma_redemption__af1,race_disguised
allocate,compv__edu_f_stigma_redemption_v4,1,edu_05__stigma_redemption__wf2,race_disguised
allocate,compv__edu_f_stigma_redemption_v4,2,edu_04__stigma_redemption__hf1,race_disguised
allocate,compv__edu_f_stigma_redemption_v4,3,edu_01__stigma_redemption__af4,race_disguised
allocate,compv__edu_f_stigma_redemption_v4,4,edu_03__stigma_redemption__bf3,race_disguised
allocate,compv__edu_f_structural_v1,1,edu_04__structural__bf3,race_disguised
allocate,compv__edu_f_structural_v1,2,edu_03__structural__af4,race_disguised
allocate,compv__edu_f_structural_v1,3,edu_01__structural__hf1,race_disguised
allocate,compv__edu_f_structural_v1,4,edu_02__structural__wf2,race_disguised
allocate,compv__edu_f_structural_v2,1,edu_01__structural__af3,race_disguised
allocate,compv__edu_f_structural_v2,2,edu_02__structural__bf1,race_disguised
allocate,compv__edu_f_structural_v2,3,edu_04__structural__wf1,race_disguised
allocate,compv__edu_f_structural_v2,4,edu_03__structural__hf3,race_disguised
allocate,compv__edu_f_structural_v3,1,edu_02__structural__hf2,race_disguised
allocate,compv__edu_f_structural_v3,2,edu_01__structural__wf3,race_disguised
allocate,compv__edu_f_structural_v3,3,edu_03__structural__bf4,race_disguised
allocate,compv__edu_f_structural_v3,4,edu_04__structural__af5,race_disguised
allocate,compv__edu_f_structural_v4,1,edu_03__structural__wf5,race_disguised
allocate,compv__edu_f_structural_v4,2,edu_04__structural__hf4,race_disguised
allocate,compv__edu_f_structural_v4,3,edu_02__structural__af2,race_disguised
allocate,compv__edu_f_structural_v4,4,edu_01__structural__bf5,race_disguised
allocate,compv__edu_m_control_v1,1,edu_05__control__bm5,race_disguised
allocate,compv__edu_m_control_v1,2,edu_03__control__am5,race_disguised
allocate,compv__edu_m_control_v1,3,edu_01__control__hm4,race_disguised
allocate,compv__edu_m_control_v1,4,edu_02__control__wm4,race_disguised
allocate,compv__edu_m_control_v2,1,edu_01__control__am4,race_disguised
allocate,compv__edu_m_control_v2,2,edu_02__control__bm1,race_disguised
allocate,compv__edu_m_control_v2,3,edu_05__control__wm5,race_disguised
allocate,compv__edu_m_control_v2,4,edu_03__control__hm1,race_disguised
allocate,compv__edu_m_control_v3,1,edu_02__control__hm2,race_disguised
allocate,compv__edu_m_control_v3,2,edu_01__control__wm1,race_disguised
allocate,compv__edu_m_control_v3,3,edu_03__control__bm3,race_disguised
allocate,compv__edu_m_control_v3,4,edu_05__control__am1,race_disguised
allocate,compv__edu_m_control_v4,1,edu_03__control__wm3,race_disguised
allocate,compv__edu_m_control_v4,2,edu_05__control__hm5,race_disguised
allocate,compv__edu_m_control_v4,3,edu_02__control__am2,race_disguised
allocate,compv__edu_m_control_v4,4,edu_01__control__bm2,race_disguised
allocate,compv__edu_m_self_cause_v1,1,edu_04__self_cause__bm2,race_disguised
allocate,compv__edu_m_self_cause_v1,2,edu_05__self_cause__am2,race_disguised
allocate,compv__edu_m_self_cause_v1,3,edu_01__self_cause__hm5,race_disguised
allocate,compv__edu_m_self_cause_v1,4,edu_02__self_cause__wm3,race_disguised
allocate,compv__edu_m_self_cause_v2,1,edu_01__self_cause__am3,race_disguised
allocate,compv__edu_m_self_cause_v2,2,edu_02__self_cause__bm4,race_disguised
allocate,compv__edu_m_self_cause_v2,3,edu_04__self_cause__wm2,race_disguised
allocate,compv__edu_m_self_cause_v2,4,edu_05__self_cause__hm3,race_disguised
allocate,compv__edu_m_self_cause_v3,1,edu_02__self_cause__hm4,race_disguised
allocate,compv__edu_m_self_cause_v3,2,edu_01__self_cause__wm4,race_disguised
allocate,compv__edu_m_self_cause_v3,3,edu_05__self_cause__bm5,race_disguised
allocate,compv__edu_m_self_cause_v3,4,edu_04__self_cause__am5,race_disguised
allocate,compv__edu_m_self_cause_v4,1,edu_05__self_cause__wm5,race_disguised
allocate,compv__edu_m_self_cause_v4,2,edu_04__self_cause__hm1,race_disguised
allocate,compv__edu_m_self_cause_v4,3,edu_02__self_cause__am4,race_disguised
allocate,compv__edu_m_self_cause_v4,4,edu_01__self_cause__bm1,race_disguised
allocate,compv__edu_m_stigma_no_redemption_v1,1,edu_04__stigma_no_redemption__bm3,race_disguised
allocate,compv__edu_m_stigma_no_redemption_v1,2,edu_05__stigma_no_redemption__am1,race_disguised
allocate,compv__edu_m_stigma_no_redemption_v1,3,edu_03__stigma_no_redemption__hm2,race_disguised
allocate,compv__edu_m_stigma_no_redemption_v1,4,edu_02__stigma_no_redemption__wm1,race_disguised
allocate,compv__edu_m_stigma_no_redemption_v2,1,edu_03__stigma_no_redemption__am2,race_disguised
allocate,compv__edu_m_stigma_no_redemption_v2,2,edu_02__stigma_no_redemption__bm2,race_disguised
allocate,compv__edu_m_stigma_no_redemption_v2,3,edu_04__stigma_no_redemption__wm3,race_disguised
allocate,compv__edu_m_stigma_no_redemption_v2,4,edu_05__stigma_no_redemption__hm5,race_disguised
allocate,compv__edu_m_stigma_no_redemption_v3,1,edu_02__stigma_no_redemption__hm3,race_disguised
allocate,compv__edu_m_stigma_no_redemption_v3,2,edu_03__stigma_no_redemption__wm2,race_disguised
allocate,compv__edu_m_stigma_no_redemption_v3,3,edu_05__stigma_no_redemption__bm4,race_disguised
allocate,compv__edu_m_stigma_no_redemption_v3,4,edu_04__stigma_no_redemption__am3,race_disguised
allocate,compv__edu_m_stigma_no_redemption_v4,1,edu_05__stigma_no_redemption__wm4,race_disguised
allocate,compv__edu_m_stigma_no_redemption_v4,2,edu_04__stigma_no_redemption__hm4,race_disguised
allocate,compv__edu_m_stigma_no_redemption_v4,3,edu_02__stigma_no_redemption__am5,race_disguised
allocate,compv__edu_m_stigma_no_redemption_v4,4,edu_03__stigma_no_redemption__bm5,race_disguised
allocate,compv__edu_m_stigma_redemption_v1,1,edu_04__stigma_redemption__bm1,race_disguised
allocate,compv__edu_m_stigma_redemption_v1,2,edu_05__stigma_redemption__am4,race_disguised
allocate,compv__edu_m_stigma_redemption_v1,3,edu_03__stigma_redemption__hm1,race_disguised
allocate,compv__edu_m_stigma_redemption_v1,4,edu_01__stigma_redemption__wm5,race_disguised
allocate,compv__edu_m_stigma_redemption_v2,1,edu_03__stigma_redemption__am1,race_disguised
allocate,compv__edu_m_stigma_redemption_v2,2,edu_01__stigma_redemption__bm3,race_disguised
allocate,compv__edu_m_stigma_redemption_v2,3,edu_04__stigma_redemption__wm1,race_disguised
allocate,compv__edu_m_stigma_redemption_v2,4,edu_05__stigma_redemption__hm2,race_disguised
allocate,compv__edu_m_stigma_redemption_v3,1,edu_01__stigma_redemption__hm5,race_disguised
allocate,compv__edu_m_stigma_redemption_v3,2,edu_03__stigma_redemption__wm3,race_disguised
allocate,compv__edu_m_stigma_redemption_v3,3,edu_05__stigma_redemption__bm2,race_disguised
allocate,compv__edu_m_stigma_redemption_v3,4,edu_04__stigma_redemption__am2,race_disguised
allocate,compv__edu_m_stigma_redemption_v4,1,edu_05__stigma_redemption__wm2,race_disguised
allocate,compv__edu_m_stigma_redemption_v4,2,edu_04__stigma_redemption__hm3,race_disguised
allocate,compv__edu_m_stigma_redemption_v4,3,edu_01__stigma_redemption__am3,race_disguised
allocate,compv__edu_m_stigma_redemption_v4,4,edu_03__stigma_redemption__bm4,race_disguised
allocate,compv__edu_m_structural_v1,1,edu_04__structural__bm4,race_disguised
allocate,compv__edu_m_structural_v1,2,edu_03__structural__am3,race_disguised
allocate,compv__edu_m_structural_v1,3,edu_01__structural__hm3,race_disguised
allocate,compv__edu_m_structural_v1,4,edu_02__structural__wm2,race_disguised
allocate,compv__edu_m_structural_v2,1,edu_01__structural__am5,race_disguised
allocate,compv__edu_m_structural_v2,2,edu_02__structural__bm5,race_disguised
allocate,compv__edu_m_structural_v2,3,edu_04__structural__wm4,race_disguised
allocate,compv__edu_m_structural_v2,4,edu_03__structural__hm4,race_disguised
allocate,compv__edu_m_structural_v3,1,edu_02__structural__hm1,race_disguised
allocate,compv__edu_m_structural_v3,2,edu_01__structural__wm5,race_disguised
allocate,compv__edu_m_structural_v3,3,edu_03__structural__bm1,race_disguised
allocate,compv__edu_m_structural_v3,4,edu_04__structural__am4,race_disguised
allocate,compv__edu_m_structural_v4,1,edu_03__structural__wm1,race_disguised
allocate,compv__edu_m_structural_v4,2,edu_04__structural__hm2,race_disguised
allocate,compv__edu_m_structural_v4,3,edu_02__structural__am1,race_disguised
allocate,compv__edu_m_structural_v4,4,edu_01__structural__bm3,race_disguised
allocate,compv__med_f_control_v1,1,med_04__control__bf1,race_disguised
allocate,compv__med_f_control_v1,2,med_01__control__af3,race_disguised
allocate,compv__med_f_control_v1,3,med_03__control__hf3,race_disguised
allocate,compv__med_f_control_v1,4,med_02__control__wf1,race_disguised
allocate,compv__med_f_control_v2,1,med_03__control__af5,race_disguised
allocate,compv__med_f_control_v2,2,med_02__control__bf4,race_disguised
allocate,compv__med_f_control_v2,3,med_04__control__wf3,race_disguised
allocate,compv__med_f_control_v2,4,med_01__control__hf2,race_disguised
allocate,compv__med_f_control_v3,1,med_02__control__hf4,race_disguised
allocate,compv__med_f_control_v3,2,med_03__control__wf5,race_disguised
allocate,compv__med_f_control_v3,3,med_01__control__bf5,race_disguised
allocate,compv__med_f_control_v3,4,med_04__control__af2,race_disguised
allocate,compv__med_f_control_v4,1,med_01__control__wf4,race_disguised
allocate,compv__med_f_control_v4,2,med_04__control__hf5,race_disguised
allocate,compv__med_f_control_v4,3,med_02__control__af1,race_disguised
allocate,compv__med_f_control_v4,4,med_03__control__bf2,race_disguised
allocate,compv__med_f_self_cause_v1,1,med_05__self_cause__bf2,race_disguised
allocate,compv__med_f_self_cause_v1,2,med_04__self_cause__af1,race_disguised
allocate,compv__med_f_self_cause_v1,3,med_03__self_cause__hf5,race_disguised
allocate,compv__med_f_self_cause_v1,4,med_02__self_cause__wf4,race_disguised
allocate,compv__med_f_self_cause_v2,1,med_03__self_cause__af4,race_disguised
allocate,compv__med_f_self_cause_v2,2,med_02__self_cause__bf3,race_disguised
allocate,compv__med_f_self_cause_v2,3,med_05__self_cause__wf2,race_disguised
allocate,compv__med_f_self_cause_v2,4,med_04__self_cause__hf1,race_disguised
allocate,compv__med_f_self_cause_v3,1,med_02__self_cause__hf3,race_disguised
allocate,compv__med_f_self_cause_v3,2,med_03__self_cause__wf1,race_disguised
allocate,compv__med_f_self_cause_v3,3,med_04__self_cause__bf1,race_disguised
allocate,compv__med_f_self_cause_v3,4,med_05__self_cause__af3,race_disguised
allocate,compv__med_f_self_cause_v4,1,med_04__self_cause__wf3,race_disguised
allocate,compv__med_f_self_cause_v4,2,med_05__self_cause__hf2,race_disguised
allocate,compv__med_f_self_cause_v4,3,med_02__self_cause__af5,race_disguised
allocate,compv__med_f_self_cause_v4,4,med_03__self_cause__bf4,race_disguised
allocate,compv__med_f_stigma_no_redemption_v1,1,med_05__stigma_no_redemption__bf5,race_disguised
allocate,compv__med_f_stigma_no_redemption_v1,2,med_04__stigma_no_redemption__af2,race_disguised
allocate,compv__med_f_stigma_no_redemption_v1,3,med_01__stigma_no_redemption__hf4,race_disguised
allocate,compv__med_f_stigma_no_redemption_v1,4,med_02__stigma_no_redemption__wf5,race_disguised
allocate,compv__med_f_stigma_no_redemption_v2,1,med_01__stigma_no_redemption__af1,race_disguised
allocate,compv__med_f_stigma_no_redemption_v2,2,med_02__stigma_no_redemption__bf2,race_disguised
allocate,compv__med_f_stigma_no_redemption_v2,3,med_05__stigma_no_redemption__wf4,race_disguised
allocate,compv__med_f_stigma_no_redemption_v2,4,med_04__stigma_no_redemption__hf5,race_disguised
allocate,compv__med_f_stigma_no_redemption_v3,1,med_02__stigma_no_redemption__hf1,race_disguised
allocate,compv__med_f_stigma_no_redemption_v3,2,med_01__stigma_no_redemption__wf2,race_disguised
allocate,compv__med_f_stigma_no_redemption_v3,3,med_04__stigma_no_redemption__bf3,race_disguised
allocate,compv__med_f_stigma_no_redemption_v3,4,med_05__stigma_no_redemption__af4,race_disguised
allocate,compv__med_f_stigma_no_redemption_v4,1,med_04__stigma_no_redemption__wf1,race_disguised
allocate,compv__med_f_stigma_no_redemption_v4,2,med_05__stigma_no_redemption__hf3,race_disguised
allocate,compv__med_f_stigma_no_redemption_v4,3,med_02__stigma_no_redemption__af3,race_disguised
allocate,compv__med_f_stigma_no_redemption_v4,4,med_01__stigma_no_redemption__bf1,race_disguised
allocate,compv__med_f_stigma_redemption_v1,1,med_05__stigma_redemption__bf4,race_disguised
allocate,compv__med_f_stigma_redemption_v1,2,med_04__stigma_redemption__af5,race_disguised
allocate,compv__med_f_stigma_redemption_v1,3,med_01__stigma_redemption__hf2,race_disguised
allocate,compv__med_f_stigma_redemption_v1,4,med_03__stigma_redemption__wf3,race_disguised
allocate,compv__med_f_stigma_redemption_v2,1,med_01__stigma_redemption__af2,race_disguised
allocate,compv__med_f_stigma_redemption_v2,2,med_03__stigma_redemption__bf5,race_disguised
allocate,compv__med_f_stigma_redemption_v2,3,med_05__stigma_redemption__wf5,race_disguised
allocate,compv__med_f_stigma_redemption_v2,4,med_04__stigma_redemption__hf4,race_disguised
allocate,compv__med_f_stigma_redemption_v3,1,med_03__stigma_redemption__hf5,race_disguised
allocate,compv__med_f_stigma_redemption_v3,2,med_01__stigma_redemption__wf4,race_disguised
allocate,compv__med_f_stigma_redemption_v3,3,med_04__stigma_redemption__bf2,race_disguised
allocate,compv__med_f_stigma_redemption_v3,4,med_05__stigma_redemption__af1,race_disguised
allocate,compv__med_f_stigma_redemption_v4,1,med_04__stigma_redemption__wf2,race_disguised
allocate,compv__med_f_stigma_redemption_v4,2,med_05__stigma_redemption__hf1,race_disguised
allocate,compv__med_f_stigma_redemption_v4,3,med_03__stigma_redemption__af4,race_disguised
allocate,compv__med_f_stigma_redemption_v4,4,med_01__stigma_redemption__bf3,race_disguised
allocate,compv__med_f_structural_v1,1,med_05__structural__bf3,race_disguised
allocate,compv__med_f_structural_v1,2,med_01__structural__af4,race_disguised
allocate,compv__med_f_structural_v1,3,med_03__structural__hf1,race_disguised
allocate,compv__med_f_structural_v1,4,med_02__structural__wf2,race_disguised
allocate,compv__med_f_structural_v2,1,med_03__structural__af3,race_disguised
allocate,compv__med_f_structural_v2,2,med_02__structural__bf1,race_disguised
allocate,compv__med_f_structural_v2,3,med_05__structural__wf1,race_disguised
allocate,compv__med_f_structural_v2,4,med_01__structural__hf3,race_disguised
allocate,compv__med_f_structural_v3,1,med_02__structural__hf2,race_disguised
allocate,compv__med_f_structural_v3,2,med_03__structural__wf3,race_disguised
allocate,compv__med_f_structural_v3,3,med_01__structural__bf4,race_disguised
allocate,compv__med_f_structural_v3,4,med_05__structural__af5,race_disguised
allocate,compv__med_f_structural_v4,1,med_01__structural__wf5,race_disguised
allocate,compv__med_f_structural_v4,2,med_05__structural__hf4,race_disguised
allocate,compv__med_f_structural_v4,3,med_02__structural__af2,race_disguised
allocate,compv__med_f_structural_v4,4,med_03__structural__bf5,race_disguised
allocate,compv__med_m_control_v1,1,med_04__control__bm5,race_disguised
allocate,compv__med_m_control_v1,2,med_01__control__am5,race_disguised
allocate,compv__med_m_control_v1,3,med_03__control__hm4,race_disguised
allocate,compv__med_m_control_v1,4,med_02__control__wm4,race_disguised
allocate,compv__med_m_control_v2,1,med_03__control__am4,race_disguised
allocate,compv__med_m_control_v2,2,med_02__control__bm1,race_disguised
allocate,compv__med_m_control_v2,3,med_04__control__wm5,race_disguised
allocate,compv__med_m_control_v2,4,med_01__control__hm1,race_disguised
allocate,compv__med_m_control_v3,1,med_02__control__hm2,race_disguised
allocate,compv__med_m_control_v3,2,med_03__control__wm1,race_disguised
allocate,compv__med_m_control_v3,3,med_01__control__bm3,race_disguised
allocate,compv__med_m_control_v3,4,med_04__control__am1,race_disguised
allocate,compv__med_m_control_v4,1,med_01__control__wm3,race_disguised
allocate,compv__med_m_control_v4,2,med_04__control__hm5,race_disguised
allocate,compv__med_m_control_v4,3,med_02__control__am2,race_disguised
allocate,compv__med_m_control_v4,4,med_03__control__bm2,race_disguised
allocate,compv__med_m_self_cause_v1,1,med_05__self_cause__bm2,race_disguised
allocate,compv__med_m_self_cause_v1,2,med_04__self_cause__am2,race_disguised
allocate,compv__med_m_self_cause_v1,3,med_03__self_cause__hm5,race_disguised
allocate,compv__med_m_self_cause_v1,4,med_02__self_cause__wm3,race_disguised
allocate,compv__med_m_self_cause_v2,1,med_03__self_cause__am3,race_disguised
allocate,compv__med_m_self_cause_v2,2,med_02__self_cause__bm4,race_disguised
allocate,compv__med_m_self_cause_v2,3,med_05__self_cause__wm2,race_disguised
allocate,compv__med_m_self_cause_v2,4,med_04__self_cause__hm3,race_disguised
allocate,compv__med_m_self_cause_v3,1,med_02__self_cause__hm4,race_disguised
allocate,compv__med_m_self_cause_v3,2,med_03__self_cause__wm4,race_disguised
allocate,compv__med_m_self_cause_v3,3,med_04__self_cause__bm5,race_disguised
allocate,compv__med_m_self_cause_v3,4,med_05__self_cause__am5,race_disguised
allocate,compv__med_m_self_cause_v4,1,med_04__self_cause__wm5,race_disguised
allocate,compv__med_m_self_cause_v4,2,med_05__self_cause__hm1,race_disguised
allocate,compv__med_m_self_cause_v4,3,med_02__self_cause__am4,race_disguised
allocate,compv__med_m_self_cause_v4,4,med_03__self_cause__bm1,race_disguised
allocate,compv__med_m_stigma_no_redemption_v1,1,med_05__stigma_no_redemption__bm3,race_disguised
allocate,compv__med_m_stigma_no_redemption_v1,2,med_04__stigma_no_redemption__am1,race_disguised
allocate,compv__med_m_stigma_no_redemption_v1,3,med_01__stigma_no_redemption__hm2,race_disguised
allocate,compv__med_m_stigma_no_redemption_v1,4,med_02__stigma_no_redemption__wm1,race_disguised
allocate,compv__med_m_stigma_no_redemption_v2,1,med_01__stigma_no_redemption__am2,race_disguised
allocate,compv__med_m_stigma_no_redemption_v2,2,med_02__stigma_no_redemption__bm2,race_disguised
allocate,compv__med_m_stigma_no_redemption_v2,3,med_05__stigma_no_redemption__wm3,race_disguised
allocate,compv__med_m_stigma_no_redemption_v2,4,med_04__stigma_no_redemption__hm5,race_disguised
allocate,compv__med_m_stigma_no_redemption_v3,1,med_02__stigma_no_redemption__hm3,race_disguised
allocate,compv__med_m_stigma_no_redemption_v3,2,med_01__stigma_no_redemption__wm2,race_disguised
allocate,compv__med_m_stigma_no_redemption_v3,3,med_04__stigma_no_redemption__bm4,race_disguised
allocate,compv__med_m_stigma_no_redemption_v3,4,med_05__stigma_no_redemption__am3,race_disguised
allocate,compv__med_m_stigma_no_redemption_v4,1,med_04__stigma_no_redemption__wm4,race_disguised
allocate,compv__med_m_stigma_no_redemption_v4,2,med_05__stigma_no_redemption__hm4,race_disguised
allocate,compv__med_m_stigma_no_redemption_v4,3,med_02__stigma_no_redemption__am5,race_disguised
allocate,compv__med_m_stigma_no_redemption_v4,4,med_01__stigma_no_redemption__bm5,race_disguised
allocate,compv__med_m_stigma_redemption_v1,1,med_05__stigma_redemption__bm1,race_disguised
allocate,compv__med_m_stigma_redemption_v1,2,med_04__stigma_redemption__am4,race_disguised
allocate,compv__med_m_stigma_redemption_v1,3,med_01__stigma_redemption__hm1,race_disguised
allocate,compv__med_m_stigma_redemption_v1,4,med_03__stigma_redemption__wm5,race_disguised
allocate,compv__med_m_stigma_redemption_v2,1,med_01__stigma_redemption__am1,race_disguised
allocate,compv__med_m_stigma_redemption_v2,2,med_03__stigma_redemption__bm3,race_disguised
allocate,compv__med_m_stigma_redemption_v2,3,med_05__stigma_redemption__wm1,race_disguised
allocate,compv__med_m_stigma_redemption_v2,4,med_04__stigma_redemption__hm2,race_disguised
allocate,compv__med_m_stigma_redemption_v3,1,med_03__stigma_redemption__hm5,race_disguised
allocate,compv__med_m_stigma_redemption_v3,2,med_01__stigma_redemption__wm3,race_disguised
allocate,compv__med_m_stigma_redemption_v3,3,med_04__stigma_redemption__bm2,race_disguised
allocate,compv__med_m_stigma_redemption_v3,4,med_05__stigma_redemption__am2,race_disguised
allocate,compv__med_m_stigma_redemption_v4,1,med_04__stigma_redemption__wm2,race_disguised
allocate,compv__med_m_stigma_redemption_v4,2,med_05__stigma_redemption__hm3,race_disguised
allocate,compv__med_m_stigma_redemption_v4,3,med_03__stigma_redemption__am3,race_disguised
allocate,compv__med_m_stigma_redemption_v4,4,med_01__stigma_redemption__bm4,race_disguised
allocate,compv__med_m_structural_v1,1,med_05__structural__bm4,race_disguised
allocate,compv__med_m_structural_v1,2,med_01__structural__am3,race_disguised
allocate,compv__med_m_structural_v1,3,med_03__structural__hm3,race_disguised
allocate,compv__med_m_structural_v1,4,med_02__structural__wm2,race_disguised
allocate,compv__med_m_structural_v2,1,med_03__structural__am5,race_disguised
allocate,compv__med_m_structural_v2,2,med_02__structural__bm5,race_disguised
allocate,compv__med_m_structural_v2,3,med_05__structural__wm4,race_disguised
allocate,compv__med_m_structural_v2,4,med_01__structural__hm4,race_disguised
allocate,compv__med_m_structural_v3,1,med_02__structural__hm1,race_disguised
allocate,compv__med_m_structural_v3,2,med_03__structural__wm5,race_disguised
allocate,compv__med_m_structural_v3,3,med_01__structural__bm1,race_disguised
allocate,compv__med_m_structural_v3,4,med_05__structural__am4,race_disguised
allocate,compv__med_m_structural_v4,1,med_01__structural__wm1,race_disguised
allocate,compv__med_m_structural_v4,2,med_05__structural__hm2,race_disguised
allocate,compv__med_m_structural_v4,3,med_02__structural__am1,race_disguised
allocate,compv__med_m_structural_v4,4,med_03__structural__bm3,race_disguised
allocate,compv__rnt_f_control_v1,1,rent_05__control__bf1,race_disguised
allocate,compv__rnt_f_control_v1,2,rent_04__control__hf3,race_disguised
allocate,compv__rnt_f_control_v1,3,rent_01__control__wf1,race_disguised
allocate,compv__rnt_f_control_v1,4,rent_03__control__af3,race_disguised
allocate,compv__rnt_f_control_v2,1,rent_01__control__hf2,race_disguised
allocate,compv__rnt_f_control_v2,2,rent_03__control__bf4,race_disguised
allocate,compv__rnt_f_control_v2,3,rent_05__control__af5,race_disguised
allocate,compv__rnt_f_control_v2,4,rent_04__control__wf3,race_disguised
allocate,compv__rnt_f_control_v3,1,rent_03__control__wf5,race_disguised
allocate,compv__rnt_f_control_v3,2,rent_01__control__af2,race_disguised
allocate,compv__rnt_f_control_v3,3,rent_04__control__bf5,race_disguised
allocate,compv__rnt_f_control_v3,4,rent_05__control__hf4,race_disguised
allocate,compv__rnt_f_control_v4,1,rent_04__control__af1,race_disguised
allocate,compv__rnt_f_control_v4,2,rent_05__control__wf4,race_disguised
allocate,compv__rnt_f_control_v4,3,rent_03__control__hf5,race_disguised
allocate,compv__rnt_f_control_v4,4,rent_01__control__bf2,race_disguised
allocate,compv__rnt_f_self_cause_v1,1,rent_02__self_cause__bf2,race_disguised
allocate,compv__rnt_f_self_cause_v1,2,rent_05__self_cause__hf5,race_disguised
allocate,compv__rnt_f_self_cause_v1,3,rent_01__self_cause__wf4,race_disguised
allocate,compv__rnt_f_self_cause_v1,4,rent_03__self_cause__af1,race_disguised
allocate,compv__rnt_f_self_cause_v2,1,rent_01__self_cause__hf1,race_disguised
allocate,compv__rnt_f_self_cause_v2,2,rent_03__self_cause__bf3,race_disguised
allocate,compv__rnt_f_self_cause_v2,3,rent_02__self_cause__af4,race_disguised
allocate,compv__rnt_f_self_cause_v2,4,rent_05__self_cause__wf2,race_disguised
allocate,compv__rnt_f_self_cause_v3,1,rent_03__self_cause__wf1,race_disguised
allocate,compv__rnt_f_self_cause_v3,2,rent_01__self_cause__af3,race_disguised
allocate,compv__rnt_f_self_cause_v3,3,rent_05__self_cause__bf1,race_disguised
allocate,compv__rnt_f_self_cause_v3,4,rent_02__self_cause__hf3,race_disguised
allocate,compv__rnt_f_self_cause_v4,1,rent_05__self_cause__af5,race_disguised
allocate,compv__rnt_f_self_cause_v4,2,rent_02__self_cause__wf3,race_disguised
allocate,compv__rnt_f_self_cause_v4,3,rent_03__self_cause__hf2,race_disguised
allocate,compv__rnt_f_self_cause_v4,4,rent_01__self_cause__bf4,race_disguised
allocate,compv__rnt_f_stigma_no_redemption_v1,1,rent_02__stigma_no_redemption__bf5,race_disguised
allocate,compv__rnt_f_stigma_no_redemption_v1,2,rent_05__stigma_no_redemption__hf4,race_disguised
allocate,compv__rnt_f_stigma_no_redemption_v1,3,rent_04__stigma_no_redemption__wf5,race_disguised
allocate,compv__rnt_f_stigma_no_redemption_v1,4,rent_03__stigma_no_redemption__af2,race_disguised
allocate,compv__rnt_f_stigma_no_redemption_v2,1,rent_04__stigma_no_redemption__hf5,race_disguised
allocate,compv__rnt_f_stigma_no_redemption_v2,2,rent_03__stigma_no_redemption__bf2,race_disguised
allocate,compv__rnt_f_stigma_no_redemption_v2,3,rent_02__stigma_no_redemption__af1,race_disguised
allocate,compv__rnt_f_stigma_no_redemption_v2,4,rent_05__stigma_no_redemption__wf4,race_disguised
allocate,compv__rnt_f_stigma_no_redemption_v3,1,rent_03__stigma_no_redemption__wf2,race_disguised
allocate,compv__rnt_f_stigma_no_redemption_v3,2,rent_04__stigma_no_redemption__af4,race_disguised
allocate,compv__rnt_f_stigma_no_redemption_v3,3,rent_05__stigma_no_redemption__bf3,race_disguised
allocate,compv__rnt_f_stigma_no_redemption_v3,4,rent_02__stigma_no_redemption__hf1,race_disguised
allocate,compv__rnt_f_stigma_no_redemption_v4,1,rent_05__stigma_no_redemption__af3,race_disguised
allocate,compv__rnt_f_stigma_no_redemption_v4,2,rent_02__stigma_no_redemption__wf1,race_disguised
allocate,compv__rnt_f_stigma_no_redemption_v4,3,rent_03__stigma_no_redemption__hf3,race_disguised
allocate,compv__rnt_f_stigma_no_redemption_v4,4,rent_04__stigma_no_redemption__bf1,race_disguised
allocate,compv__rnt_f_stigma_redemption_v1,1,rent_02__stigma_redemption__bf4,race_disguised
allocate,compv__rnt_f_stigma_redemption_v1,2,rent_05__stigma_redemption__hf2,race_disguised
allocate,compv__rnt_f_stigma_redemption_v1,3,rent_04__stigma_redemption__wf3,race_disguised
allocate,compv__rnt_f_stigma_redemption_v1,4,rent_01__stigma_redemption__af5,race_disguised
allocate,compv__rnt_f_stigma_redemption_v2,1,rent_04__stigma_redemption__hf4,race_disguised
allocate,compv__rnt_f_stigma_redemption_v2,2,rent_01__stigma_redemption__bf5,race_disguised
allocate,compv__rnt_f_stigma_redemption_v2,3,rent_02__stigma_redemption__af2,race_disguised
allocate,compv__rnt_f_stigma_redemption_v2,4,rent_05__stigma_redemption__wf5,race_disguised
allocate,compv__rnt_f_stigma_redemption_v3,1,rent_01__stigma_redemption__wf4,race_disguised
allocate,compv__rnt_f_stigma_redemption_v3,2,rent_04__stigma_redemption__af1,race_disguised
allocate,compv__rnt_f_stigma_redemption_v3,3,rent_05__stigma_redemption__bf2,race_disguised
allocate,compv__rnt_f_stigma_redemption_v3,4,rent_02__stigma_redemption__hf5,race_disguised
allocate,compv__rnt_f_stigma_redemption_v4,1,rent_05__stigma_redemption__af4,race_disguised
allocate,compv__rnt_f_stigma_redemption_v4,2,rent_02__stigma_redemption__wf2,race_disguised
allocate,compv__rnt_f_stigma_redemption_v4,3,rent_01__stigma_redemption__hf1,race_disguised
allocate,compv__rnt_f_stigma_redemption_v4,4,rent_04__stigma_redemption__bf3,race_disguised
allocate,compv__rnt_f_structural_v1,1,rent_02__structural__bf3,race_disguised
allocate,compv__rnt_f_structural_v1,2,rent_04__structural__hf1,race_disguised
allocate,compv__rnt_f_structural_v1,3,rent_01__structural__wf2,race_disguised
allocate,compv__rnt_f_structural_v1,4,rent_03__structural__af4,race_disguised
allocate,compv__rnt_f_structural_v2,1,rent_01__structural__hf3,race_disguised
allocate,compv__rnt_f_structural_v2,2,rent_03__structural__bf1,race_disguised
allocate,compv__rnt_f_structural_v2,3,rent_02__structural__af3,race_disguised
allocate,compv__rnt_f_structural_v2,4,rent_04__structural__wf1,race_disguised
allocate,compv__rnt_f_structural_v3,1,rent_03__structural__wf3,race_disguised
allocate,compv__rnt_f_structural_v3,2,rent_01__structural__af5,race_disguised
allocate,compv__rnt_f_structural_v3,3,rent_04__structural__bf4,race_disguised
allocate,compv__rnt_f_structural_v3,4,rent_02__structural__hf2,race_disguised
allocate,compv__rnt_f_structural_v4,1,rent_04__structural__af2,race_disguised
allocate,compv__rnt_f_structural_v4,2,rent_02__structural__wf5,race_disguised
allocate,compv__rnt_f_structural_v4,3,rent_03__structural__hf4,race_disguised
allocate,compv__rnt_f_structural_v4,4,rent_01__structural__bf5,race_disguised
allocate,compv__rnt_m_control_v1,1,rent_05__control__bm5,race_disguised
allocate,compv__rnt_m_control_v1,2,rent_04__control__hm4,race_disguised
allocate,compv__rnt_m_control_v1,3,rent_01__control__wm4,race_disguised
allocate,compv__rnt_m_control_v1,4,rent_03__control__am5,race_disguised
allocate,compv__rnt_m_control_v2,1,rent_01__control__hm1,race_disguised
allocate,compv__rnt_m_control_v2,2,rent_03__control__bm1,race_disguised
allocate,compv__rnt_m_control_v2,3,rent_05__control__am4,race_disguised
allocate,compv__rnt_m_control_v2,4,rent_04__control__wm5,race_disguised
allocate,compv__rnt_m_control_v3,1,rent_03__control__wm1,race_disguised
allocate,compv__rnt_m_control_v3,2,rent_01__control__am1,race_disguised
allocate,compv__rnt_m_control_v3,3,rent_04__control__bm3,race_disguised
allocate,compv__rnt_m_control_v3,4,rent_05__control__hm2,race_disguised
allocate,compv__rnt_m_control_v4,1,rent_04__control__am2,race_disguised
allocate,compv__rnt_m_control_v4,2,rent_05__control__wm3,race_disguised
allocate,compv__rnt_m_control_v4,3,rent_03__control__hm5,race_disguised
allocate,compv__rnt_m_control_v4,4,rent_01__control__bm2,race_disguised
allocate,compv__rnt_m_self_cause_v1,1,rent_02__self_cause__bm2,race_disguised
allocate,compv__rnt_m_self_cause_v1,2,rent_05__self_cause__hm5,race_disguised
allocate,compv__rnt_m_self_cause_v1,3,rent_01__self_cause__wm3,race_disguised
allocate,compv__rnt_m_self_cause_v1,4,rent_03__self_cause__am2,race_disguised
allocate,compv__rnt_m_self_cause_v2,1,rent_01__self_cause__hm3,race_disguised
allocate,compv__rnt_m_self_cause_v2,2,rent_03__self_cause__bm4,race_disguised
allocate,compv__rnt_m_self_cause_v2,3,rent_02__self_cause__am3,race_disguised
allocate,compv__rnt_m_self_cause_v2,4,rent_05__self_cause__wm2,race_disguised
allocate,compv__rnt_m_self_cause_v3,1,rent_03__self_cause__wm4,race_disguised
allocate,compv__rnt_m_self_cause_v3,2,rent_01__self_cause__am5,race_disguised
allocate,compv__rnt_m_self_cause_v3,3,rent_05__self_cause__bm5,race_disguised
allocate,compv__rnt_m_self_cause_v3,4,rent_02__self_cause__hm4,race_disguised
allocate,compv__rnt_m_self_cause_v4,1,rent_05__self_cause__am4,race_disguised
allocate,compv__rnt_m_self_cause_v4,2,rent_02__self_cause__wm5,race_disguised
allocate,compv__rnt_m_self_cause_v4,3,rent_03__self_cause__hm1,race_disguised
allocate,compv__rnt_m_self_cause_v4,4,rent_01__self_cause__bm1,race_disguised
allocate,compv__rnt_m_stigma_no_redemption_v1,1,rent_02__stigma_no_redemption__bm3,race_disguised
allocate,compv__rnt_m_stigma_no_redemption_v1,2,rent_05__stigma_no_redemption__hm2,race_disguised
allocate,compv__rnt_m_stigma_no_redemption_v1,3,rent_04__stigma_no_redemption__wm1,race_disguised
allocate,compv__rnt_m_stigma_no_redemption_v1,4,rent_03__stigma_no_redemption__am1,race_disguised
allocate,compv__rnt_m_stigma_no_redemption_v2,1,rent_04__stigma_no_redemption__hm5,race_disguised
allocate,compv__rnt_m_stigma_no_redemption_v2,2,rent_03__stigma_no_redemption__bm2,race_disguised
allocate,compv__rnt_m_stigma_no_redemption_v2,3,rent_02__stigma_no_redemption__am2,race_disguised
allocate,compv__rnt_m_stigma_no_redemption_v2,4,rent_05__stigma_no_redemption__wm3,race_disguised
allocate,compv__rnt_m_stigma_no_redemption_v3,1,rent_03__stigma_no_redemption__wm2,race_disguised
allocate,compv__rnt_m_stigma_no_redemption_v3,2,rent_04__stigma_no_redemption__am3,race_disguised
allocate,compv__rnt_m_stigma_no_redemption_v3,3,rent_05__stigma_no_redemption__bm4,race_disguised
allocate,compv__rnt_m_stigma_no_redemption_v3,4,rent_02__stigma_no_redemption__hm3,race_disguised
allocate,compv__rnt_m_stigma_no_redemption_v4,1,rent_05__stigma_no_redemption__am5,race_disguised
allocate,compv__rnt_m_stigma_no_redemption_v4,2,rent_02__stigma_no_redemption__wm4,race_disguised
allocate,compv__rnt_m_stigma_no_redemption_v4,3,rent_03__stigma_no_redemption__hm4,race_disguised
allocate,compv__rnt_m_stigma_no_redemption_v4,4,rent_04__stigma_no_redemption__bm5,race_disguised
allocate,compv__rnt_m_stigma_redemption_v1,1,rent_02__stigma_redemption__bm1,race_disguised
allocate,compv__rnt_m_stigma_redemption_v1,2,rent_05__stigma_redemption__hm1,race_disguised
allocate,compv__rnt_m_stigma_redemption_v1,3,rent_04__stigma_redemption__wm5,race_disguised
allocate,compv__rnt_m_stigma_redemption_v1,4,rent_01__stigma_redemption__am4,race_disguised
allocate,compv__rnt_m_stigma_redemption_v2,1,rent_04__stigma_redemption__hm2,race_disguised
allocate,compv__rnt_m_stigma_redemption_v2,2,rent_01__stigma_redemption__bm3,race_disguised
allocate,compv__rnt_m_stigma_redemption_v2,3,rent_02__stigma_redemption__am1,race_disguised
allocate,compv__rnt_m_stigma_redemption_v2,4,rent_05__stigma_redemption__wm1,race_disguised
allocate,compv__rnt_m_stigma_redemption_v3,1,rent_01__stigma_redemption__wm3,race_disguised
allocate,compv__rnt_m_stigma_redemption_v3,2,rent_04__stigma_redemption__am2,race_disguised
allocate,compv__rnt_m_stigma_redemption_v3,3,rent_05__stigma_redemption__bm2,race_disguised
allocate,compv__rnt_m_stigma_redemption_v3,4,rent_02__stigma_redemption__hm5,race_disguised
allocate,compv__rnt_m_stigma_redemption_v4,1,rent_05__stigma_redemption__am3,race_disguised
allocate,compv__rnt_m_stigma_redemption_v4,2,rent_02__stigma_redemption__wm2,race_disguised
allocate,compv__rnt_m_stigma_redemption_v4,3,rent_01__stigma_redemption__hm3,race_disguised
allocate,compv__rnt_m_stigma_redemption_v4,4,rent_04__stigma_redemption__bm4,race_disguised
allocate,compv__rnt_m_structural_v1,1,rent_02__structural__bm4,race_disguised
allocate,compv__rnt_m_structural_v1,2,rent_04__structural__hm3,race_disguised
allocate,compv__rnt_m_structural_v1,3,rent_01__structural__wm2,race_disguised
allocate,compv__rnt_m_structural_v1,4,rent_03__structural__am3,race_disguised
allocate,compv__rnt_m_structural_v2,1,rent_01__structural__hm4,race_disguised
allocate,compv__rnt_m_structural_v2,2,rent_03__structural__bm5,race_disguised
allocate,compv__rnt_m_structural_v2,3,rent_02__structural__am5,race_disguised
allocate,compv__rnt_m_structural_v2,4,rent_04__structural__wm4,race_disguised
allocate,compv__rnt_m_structural_v3,1,rent_03__structural__wm5,race_disguised
allocate,compv__rnt_m_structural_v3,2,rent_01__structural__am4,race_disguised
allocate,compv__rnt_m_structural_v3,3,rent_04__structural__bm1,race_disguised
allocate,compv__rnt_m_structural_v3,4,rent_02__structural__hm1,race_disguised
allocate,compv__rnt_m_structural_v4,1,rent_04__structural__am1,race_disguised
allocate,compv__rnt_m_structural_v4,2,rent_02__structural__wm1,race_disguised
allocate,compv__rnt_m_structural_v4,3,rent_03__structural__hm2,race_disguised
allocate,compv__rnt_m_structural_v4,4,rent_01__structural__bm3,race_disguised
allocate,framcomp__af_edu_01_v1,1,edu_01__control__af5,framing_transparent
allocate,framcomp__af_edu_01_v1,2,edu_01__structural__af4,framing_transparent
allocate,framcomp__af_edu_01_v1,3,edu_01__self_cause__af3,framing_transparent
allocate,framcomp__af_edu_01_v1,4,edu_01__stigma_no_redemption__af1,framing_transparent
allocate,framcomp__af_edu_01_v1,5,edu_01__stigma_redemption__af2,framing_transparent
allocate,framcomp__af_edu_02_v1,1,edu_02__control__af4,framing_transparent
allocate,framcomp__af_edu_02_v1,2,edu_02__structural__af2,framing_transparent
allocate,framcomp__af_edu_02_v1,3,edu_02__self_cause__af3,framing_transparent
allocate,framcomp__af_edu_02_v1,4,edu_02__stigma_no_redemption__af5,framing_transparent
allocate,framcomp__af_edu_02_v1,5,edu_02__stigma_redemption__af1,framing_transparent
allocate,framcomp__af_edu_03_v1,1,edu_03__control__af1,framing_transparent
allocate,framcomp__af_edu_03_v1,2,edu_03__structural__af2,framing_transparent
allocate,framcomp__af_edu_03_v1,3,edu_03__self_cause__af5,framing_transparent
allocate,framcomp__af_edu_03_v1,4,edu_03__stigma_no_redemption__af4,framing_transparent
allocate,framcomp__af_edu_03_v1,5,edu_03__stigma_redemption__af3,framing_transparent
allocate,framcomp__af_edu_04_v1,1,edu_04__stigma_no_redemption__af4,framing_transparent
allocate,framcomp__af_edu_04_v1,2,edu_04__stigma_redemption__af3,framing_transparent
allocate,framcomp__af_edu_04_v1,3,edu_04__control__af2,framing_transparent
allocate,framcomp__af_edu_04_v1,4,edu_04__structural__af5,framing_transparent
allocate,framcomp__af_edu_04_v1,5,edu_04__self_cause__af1,framing_transparent
allocate,framcomp__af_edu_05_v1,1,edu_05__stigma_redemption__af4,framing_transparent
allocate,framcomp__af_edu_05_v1,2,edu_05__control__af1,framing_transparent
allocate,framcomp__af_edu_05_v1,3,edu_05__structural__af5,framing_transparent
allocate,framcomp__af_edu_05_v1,4,edu_05__self_cause__af2,framing_transparent
allocate,framcomp__af_edu_05_v1,5,edu_05__stigma_no_redemption__af3,framing_transparent
allocate,framcomp__af_med_01_v1,1,med_01__structural__af3,framing_transparent
allocate,framcomp__af_med_01_v1,2,med_01__self_cause__af1,framing_transparent
allocate,framcomp__af_med_01_v1,3,med_01__stigma_no_redemption__af5,framing_transparent
allocate,framcomp__af_med_01_v1,4,med_01__stigma_redemption__af2,framing_transparent
allocate,framcomp__af_med_01_v1,5,med_01__control__af4,framing_transparent
allocate,framcomp__af_med_02_v1,1,med_02__stigma_redemption__af4,framing_transparent
allocate,framcomp__af_med_02_v1,2,med_02__control__af1,framing_transparent
allocate,framcomp__af_med_02_v1,3,med_02__structural__af3,framing_transparent
allocate,framcomp__af_med_02_v1,4,med_02__self_cause__af2,framing_transparent
allocate,framcomp__af_med_02_v1,5,med_02__stigma_no_redemption__af5,framing_transparent
allocate,framcomp__af_med_03_v1,1,med_03__stigma_no_redemption__af5,framing_transparent
allocate,framcomp__af_med_03_v1,2,med_03__stigma_redemption__af2,framing_transparent
allocate,framcomp__af_med_03_v1,3,med_03__control__af3,framing_transparent
allocate,framcomp__af_med_03_v1,4,med_03__structural__af1,framing_transparent
allocate,framcomp__af_med_03_v1,5,med_03__self_cause__af4,framing_transparent
allocate,framcomp__af_med_04_v1,1,med_04__stigma_no_redemption__af2,framing_transparent
allocate,framcomp__af_med_04_v1,2,med_04__stigma_redemption__af1,framing_transparent
allocate,framcomp__af_med_04_v1,3,med_04__control__af3,framing_transparent
allocate,framcomp__af_med_04_v1,4,med_04__structural__af4,framing_transparent
allocate,framcomp__af_med_04_v1,5,med_04__self_cause__af5,framing_transparent
allocate,framcomp__af_med_05_v1,1,med_05__stigma_redemption__af2,framing_transparent
allocate,framcomp__af_med_05_v1,2,med_05__control__af3,framing_transparent
allocate,framcomp__af_med_05_v1,3,med_05__structural__af5,framing_transparent
allocate,framcomp__af_med_05_v1,4,med_05__self_cause__af4,framing_transparent
allocate,framcomp__af_med_05_v1,5,med_05__stigma_no_redemption__af1,framing_transparent
allocate,framcomp__af_rent_01_v1,1,rent_01__stigma_redemption__af2,framing_transparent
allocate,framcomp__af_rent_01_v1,2,rent_01__control__af5,framing_transparent
allocate,framcomp__af_rent_01_v1,3,rent_01__structural__af3,framing_transparent
allocate,framcomp__af_rent_01_v1,4,rent_01__self_cause__af4,framing_transparent
allocate,framcomp__af_rent_01_v1,5,rent_01__stigma_no_redemption__af1,framing_transparent
allocate,framcomp__af_rent_02_v1,1,rent_02__self_cause__af2,framing_transparent
allocate,framcomp__af_rent_02_v1,2,rent_02__stigma_no_redemption__af3,framing_transparent
allocate,framcomp__af_rent_02_v1,3,rent_02__stigma_redemption__af5,framing_transparent
allocate,framcomp__af_rent_02_v1,4,rent_02__control__af1,framing_transparent
allocate,framcomp__af_rent_02_v1,5,rent_02__structural__af4,framing_transparent
allocate,framcomp__af_rent_03_v1,1,rent_03__self_cause__af4,framing_transparent
allocate,framcomp__af_rent_03_v1,2,rent_03__stigma_no_redemption__af3,framing_transparent
allocate,framcomp__af_rent_03_v1,3,rent_03__stigma_redemption__af5,framing_transparent
allocate,framcomp__af_rent_03_v1,4,rent_03__control__af2,framing_transparent
allocate,framcomp__af_rent_03_v1,5,rent_03__structural__af1,framing_transparent
allocate,framcomp__af_rent_04_v1,1,rent_04__structural__af2,framing_transparent
allocate,framcomp__af_rent_04_v1,2,rent_04__self_cause__af3,framing_transparent
allocate,framcomp__af_rent_04_v1,3,rent_04__stigma_no_redemption__af5,framing_transparent
allocate,framcomp__af_rent_04_v1,4,rent_04__stigma_redemption__af4,framing_transparent
allocate,framcomp__af_rent_04_v1,5,rent_04__control__af1,framing_transparent
allocate,framcomp__af_rent_05_v1,1,rent_05__stigma_redemption__af1,framing_transparent
allocate,framcomp__af_rent_05_v1,2,rent_05__control__af2,framing_transparent
allocate,framcomp__af_rent_05_v1,3,rent_05__structural__af5,framing_transparent
allocate,framcomp__af_rent_05_v1,4,rent_05__self_cause__af4,framing_transparent
allocate,framcomp__af_rent_05_v1,5,rent_05__stigma_no_redemption__af3,framing_transparent
allocate,framcomp__am_edu_01_v1,1,edu_01__self_cause__am1,framing_transparent
allocate,framcomp__am_edu_01_v1,2,edu_01__stigma_no_redemption__am5,framing_transparent
allocate,framcomp__am_edu_01_v1,3,edu_01__stigma_redemption__am3,framing_transparent
allocate,framcomp__am_edu_01_v1,4,edu_01__control__am4,framing_transparent
allocate,framcomp__am_edu_01_v1,5,edu_01__structural__am2,framing_transparent
allocate,framcomp__am_edu_02_v1,1,edu_02__stigma_redemption__am5,framing_transparent
allocate,framcomp__am_edu_02_v1,2,edu_02__control__am1,framing_transparent
allocate,framcomp__am_edu_02_v1,3,edu_02__structural__am2,framing_transparent
allocate,framcomp__am_edu_02_v1,4,edu_02__self_cause__am4,framing_transparent
allocate,framcomp__am_edu_02_v1,5,edu_02__stigma_no_redemption__am3,framing_transparent
allocate,framcomp__am_edu_03_v1,1,edu_03__stigma_no_redemption__am1,framing_transparent
allocate,framcomp__am_edu_03_v1,2,edu_03__stigma_redemption__am4,framing_transparent
allocate,framcomp__am_edu_03_v1,3,edu_03__control__am2,framing_transparent
allocate,framcomp__am_edu_03_v1,4,edu_03__structural__am5,framing_transparent
allocate,framcomp__am_edu_03_v1,5,edu_03__self_cause__am3,framing_transparent
allocate,framcomp__am_edu_04_v1,1,edu_04__control__am1,framing_transparent
allocate,framcomp__am_edu_04_v1,2,edu_04__structural__am5,framing_transparent
allocate,framcomp__am_edu_04_v1,3,edu_04__self_cause__am3,framing_transparent
allocate,framcomp__am_edu_04_v1,4,edu_04__stigma_no_redemption__am2,framing_transparent
allocate,framcomp__am_edu_04_v1,5,edu_04__stigma_redemption__am4,framing_transparent
allocate,framcomp__am_edu_05_v1,1,edu_05__self_cause__am5,framing_transparent
allocate,framcomp__am_edu_05_v1,2,edu_05__stigma_no_redemption__am1,framing_transparent
allocate,framcomp__am_edu_05_v1,3,edu_05__stigma_redemption__am4,framing_transparent
allocate,framcomp__am_edu_05_v1,4,edu_05__control__am2,framing_transparent
allocate,framcomp__am_edu_05_v1,5,edu_05__structural__am3,framing_transparent
allocate,framcomp__am_med_01_v1,1,med_01__stigma_redemption__am1,framing_transparent
allocate,framcomp__am_med_01_v1,2,med_01__control__am5,framing_transparent
allocate,framcomp__am_med_01_v1,3,med_01__structural__am2,framing_transparent
allocate,framcomp__am_med_01_v1,4,med_01__self_cause__am4,framing_transparent
allocate,framcomp__am_med_01_v1,5,med_01__stigma_no_redemption__am3,framing_transparent
allocate,framcomp__am_med_02_v1,1,med_02__stigma_redemption__am4,framing_transparent
allocate,framcomp__am_med_02_v1,2,med_02__control__am1,framing_transparent
allocate,framcomp__am_med_02_v1,3,med_02__structural__am5,framing_transparent
allocate,framcomp__am_med_02_v1,4,med_02__self_cause__am2,framing_transparent
allocate,framcomp__am_med_02_v1,5,med_02__stigma_no_redemption__am3,framing_transparent
allocate,framcomp__am_med_03_v1,1,med_03__stigma_no_redemption__am1,framing_transparent
allocate,framcomp__am_med_03_v1,2,med_03__stigma_redemption__am2,framing_transparent
allocate,framcomp__am_med_03_v1,3,med_03__control__am5,framing_transparent
allocate,framcomp__am_med_03_v1,4,med_03__structural__am3,framing_transparent
allocate,framcomp__am_med_03_v1,5,med_03__self_cause__am4,framing_transparent
allocate,framcomp__am_med_04_v1,1,med_04__stigma_no_redemption__am2,framing_transparent
allocate,framcomp__am_med_04_v1,2,med_04__stigma_redemption__am4,framing_transparent
allocate,framcomp__am_med_04_v1,3,med_04__control__am3,framing_transparent
allocate,framcomp__am_med_04_v1,4,med_04__structural__am5,framing_transparent
allocate,framcomp__am_med_04_v1,5,med_04__self_cause__am1,framing_transparent
allocate,framcomp__am_med_05_v1,1,med_05__control__am3,framing_transparent
allocate,framcomp__am_med_05_v1,2,med_05__structural__am1,framing_transparent
allocate,framcomp__am_med_05_v1,3,med_05__self_cause__am2,framing_transparent
allocate,framcomp__am_med_05_v1,4,med_05__stigma_no_redemption__am4,framing_transparent
allocate,framcomp__am_med_05_v1,5,med_05__stigma_redemption__am5,framing_transparent
allocate,framcomp__am_rent_01_v1,1,rent_01__stigma_no_redemption__am2,framing_transparent
allocate,framcomp__am_rent_01_v1,2,rent_01__stigma_redemption__am4,framing_transparent
allocate,framcomp__am_rent_01_v1,3,rent_01__control__am3,framing_transparent
allocate,framcomp__am_rent_01_v1,4,rent_01__structural__am5,framing_transparent
allocate,framcomp__am_rent_01_v1,5,rent_01__self_cause__am1,framing_transparent
allocate,framcomp__am_rent_02_v1,1,rent_02__structural__am5,framing_transparent
allocate,framcomp__am_rent_02_v1,2,rent_02__self_cause__am1,framing_transparent
allocate,framcomp__am_rent_02_v1,3,rent_02__stigma_no_redemption__am4,framing_transparent
allocate,framcomp__am_rent_02_v1,4,rent_02__stigma_redemption__am3,framing_transparent
allocate,framcomp__am_rent_02_v1,5,rent_02__control__am2,framing_transparent
allocate,framcomp__am_rent_03_v1,1,rent_03__structural__am4,framing_transparent
allocate,framcomp__am_rent_03_v1,2,rent_03__self_cause__am3,framing_transparent
allocate,framcomp__am_rent_03_v1,3,rent_03__stigma_no_redemption__am1,framing_transparent
allocate,framcomp__am_rent_03_v1,4,rent_03__stigma_redemption__am5,framing_transparent
allocate,framcomp__am_rent_03_v1,5,rent_03__control__am2,framing_transparent
allocate,framcomp__am_rent_04_v1,1,rent_04__stigma_no_redemption__am2,framing_transparent
allocate,framcomp__am_rent_04_v1,2,rent_04__stigma_redemption__am1,framing_transparent
allocate,framcomp__am_rent_04_v1,3,rent_04__control__am5,framing_transparent
allocate,framcomp__am_rent_04_v1,4,rent_04__structural__am4,framing_transparent
allocate,framcomp__am_rent_04_v1,5,rent_04__self_cause__am3,framing_transparent
allocate,framcomp__am_rent_05_v1,1,rent_05__self_cause__am2,framing_transparent
allocate,framcomp__am_rent_05_v1,2,rent_05__stigma_no_redemption__am4,framing_transparent
allocate,framcomp__am_rent_05_v1,3,rent_05__stigma_redemption__am3,framing_transparent
allocate,framcomp__am_rent_05_v1,4,rent_05__control__am1,framing_transparent
allocate,framcomp__am_rent_05_v1,5,rent_05__structural__am5,framing_transparent
allocate,framcomp__bf_edu_01_v1,1,edu_01__stigma_redemption__bf5,framing_transparent
allocate,framcomp__bf_edu_01_v1,2,edu_01__control__bf1,framing_transparent
allocate,framcomp__bf_edu_01_v1,3,edu_01__structural__bf4,framing_transparent
allocate,framcomp__bf_edu_01_v1,4,edu_01__self_cause__bf2,framing_transparent
allocate,framcomp__bf_edu_01_v1,5,edu_01__stigma_no_redemption__bf3,framing_transparent
allocate,framcomp__bf_edu_02_v1,1,edu_02__self_cause__bf4,framing_transparent
allocate,framcomp__bf_edu_02_v1,2,edu_02__stigma_no_redemption__bf3,framing_transparent
allocate,framcomp__bf_edu_02_v1,3,edu_02__stigma_redemption__bf5,framing_transparent
allocate,framcomp__bf_edu_02_v1,4,edu_02__control__bf2,framing_transparent
allocate,framcomp__bf_edu_02_v1,5,edu_02__structural__bf1,framing_transparent
allocate,framcomp__bf_edu_03_v1,1,edu_03__self_cause__bf5,framing_transparent
allocate,framcomp__bf_edu_03_v1,2,edu_03__stigma_no_redemption__bf1,framing_transparent
allocate,framcomp__bf_edu_03_v1,3,edu_03__stigma_redemption__bf2,framing_transparent
allocate,framcomp__bf_edu_03_v1,4,edu_03__control__bf4,framing_transparent
allocate,framcomp__bf_edu_03_v1,5,edu_03__structural__bf3,framing_transparent
allocate,framcomp__bf_edu_04_v1,1,edu_04__stigma_no_redemption__bf2,framing_transparent
allocate,framcomp__bf_edu_04_v1,2,edu_04__stigma_redemption__bf4,framing_transparent
allocate,framcomp__bf_edu_04_v1,3,edu_04__control__bf3,framing_transparent
allocate,framcomp__bf_edu_04_v1,4,edu_04__structural__bf5,framing_transparent
allocate,framcomp__bf_edu_04_v1,5,edu_04__self_cause__bf1,framing_transparent
allocate,framcomp__bf_edu_05_v1,1,edu_05__structural__bf4,framing_transparent
allocate,framcomp__bf_edu_05_v1,2,edu_05__self_cause__bf5,framing_transparent
allocate,framcomp__bf_edu_05_v1,3,edu_05__stigma_no_redemption__bf3,framing_transparent
allocate,framcomp__bf_edu_05_v1,4,edu_05__stigma_redemption__bf2,framing_transparent
allocate,framcomp__bf_edu_05_v1,5,edu_05__control__bf1,framing_transparent
allocate,framcomp__bf_med_01_v1,1,med_01__structural__bf3,framing_transparent
allocate,framcomp__bf_med_01_v1,2,med_01__self_cause__bf1,framing_transparent
allocate,framcomp__bf_med_01_v1,3,med_01__stigma_no_redemption__bf4,framing_transparent
allocate,framcomp__bf_med_01_v1,4,med_01__stigma_redemption__bf5,framing_transparent
allocate,framcomp__bf_med_01_v1,5,med_01__control__bf2,framing_transparent
allocate,framcomp__bf_med_02_v1,1,med_02__stigma_redemption__bf3,framing_transparent
allocate,framcomp__bf_med_02_v1,2,med_02__control__bf5,framing_transparent
allocate,framcomp__bf_med_02_v1,3,med_02__structural__bf4,framing_transparent
allocate,framcomp__bf_med_02_v1,4,med_02__self_cause__bf2,framing_transparent
allocate,framcomp__bf_med_02_v1,5,med_02__stigma_no_redemption__bf1,framing_transparent
allocate,framcomp__bf_med_03_v1,1,med_03__structural__bf3,framing_transparent
allocate,framcomp__bf_med_03_v1,2,med_03__self_cause__bf5,framing_transparent
allocate,framcomp__bf_med_03_v1,3,med_03__stigma_no_redemption__bf2,framing_transparent
allocate,framcomp__bf_med_03_v1,4,med_03__stigma_redemption__bf4,framing_transparent
allocate,framcomp__bf_med_03_v1,5,med_03__control__bf1,framing_transparent
allocate,framcomp__bf_med_04_v1,1,med_04__stigma_no_redemption__bf3,framing_transparent
allocate,framcomp__bf_med_04_v1,2,med_04__stigma_redemption__bf2,framing_transparent
allocate,framcomp__bf_med_04_v1,3,med_04__control__bf4,framing_transparent
allocate,framcomp__bf_med_04_v1,4,med_04__structural__bf1,framing_transparent
allocate,framcomp__bf_med_04_v1,5,med_04__self_cause__bf5,framing_transparent
allocate,framcomp__bf_med_05_v1,1,med_05__stigma_redemption__bf4,framing_transparent
allocate,framcomp__bf_med_05_v1,2,med_05__control__bf2,framing_transparent
allocate,framcomp__bf_med_05_v1,3,med_05__structural__bf5,framing_transparent
allocate,framcomp__bf_med_05_v1,4,med_05__self_cause__bf1,framing_transparent
allocate,framcomp__bf_med_05_v1,5,med_05__stigma_no_redemption__bf3,framing_transparent
allocate,framcomp__bf_rent_01_v1,1,rent_01__self_cause__bf3,framing_transparent
allocate,framcomp__bf_rent_01_v1,2,rent_01__stigma_no_redemption__bf1,framing_transparent
allocate,framcomp__bf_rent_01_v1,3,rent_01__stigma_redemption__bf4,framing_transparent
allocate,framcomp__bf_rent_01_v1,4,rent_01__control__bf5,framing_transparent
allocate,framcomp__bf_rent_01_v1,5,rent_01__structural__bf2,framing_transparent
allocate,framcomp__bf_rent_02_v1,1,rent_02__stigma_redemption__bf1,framing_transparent
allocate,framcomp__bf_rent_02_v1,2,rent_02__control__bf4,framing_transparent
allocate,framcomp__bf_rent_02_v1,3,rent_02__structural__bf3,framing_transparent
allocate,framcomp__bf_rent_02_v1,4,rent_02__self_cause__bf2,framing_transparent
allocate,framcomp__bf_rent_02_v1,5,rent_02__stigma_no_redemption__bf5,framing_transparent
allocate,framcomp__bf_rent_03_v1,1,rent_03__structural__bf3,framing_transparent
allocate,framcomp__bf_rent_03_v1,2,rent_03__self_cause__bf4,framing_transparent
allocate,framcomp__bf_rent_03_v1,3,rent_03__stigma_no_redemption__bf1,framing_transparent
allocate,framcomp__bf_rent_03_v1,4,rent_03__stigma_redemption__bf5,framing_transparent
allocate,framcomp__bf_rent_03_v1,5,rent_03__control__bf2,framing_transparent
allocate,framcomp__bf_rent_04_v1,1,rent_04__control__bf1,framing_transparent
allocate,framcomp__bf_rent_04_v1,2,rent_04__structural__bf4,framing_transparent
allocate,framcomp__bf_rent_04_v1,3,rent_04__self_cause__bf2,framing_transparent
allocate,framcomp__bf_rent_04_v1,4,rent_04__stigma_no_redemption__bf3,framing_transparent
allocate,framcomp__bf_rent_04_v1,5,rent_04__stigma_redemption__bf5,framing_transparent
allocate,framcomp__bf_rent_05_v1,1,rent_05__stigma_redemption__bf2,framing_transparent
allocate,framcomp__bf_rent_05_v1,2,rent_05__control__bf1,framing_transparent
allocate,framcomp__bf_rent_05_v1,3,rent_05__structural__bf4,framing_transparent
allocate,framcomp__bf_rent_05_v1,4,rent_05__self_cause__bf5,framing_transparent
allocate,framcomp__bf_rent_05_v1,5,rent_05__stigma_no_redemption__bf3,framing_transparent
allocate,framcomp__bm_edu_01_v1,1,edu_01__self_cause__bm3,framing_transparent
allocate,framcomp__bm_edu_01_v1,2,edu_01__stigma_no_redemption__bm4,framing_transparent
allocate,framcomp__bm_edu_01_v1,3,edu_01__stigma_redemption__bm1,framing_transparent
allocate,framcomp__bm_edu_01_v1,4,edu_01__control__bm5,framing_transparent
allocate,framcomp__bm_edu_01_v1,5,edu_01__structural__bm2,framing_transparent
allocate,framcomp__bm_edu_02_v1,1,edu_02__structural__bm3,framing_transparent
allocate,framcomp__bm_edu_02_v1,2,edu_02__self_cause__bm2,framing_transparent
allocate,framcomp__bm_edu_02_v1,3,edu_02__stigma_no_redemption__bm4,framing_transparent
allocate,framcomp__bm_edu_02_v1,4,edu_02__stigma_redemption__bm5,framing_transparent
allocate,framcomp__bm_edu_02_v1,5,edu_02__control__bm1,framing_transparent
allocate,framcomp__bm_edu_03_v1,1,edu_03__self_cause__bm1,framing_transparent
allocate,framcomp__bm_edu_03_v1,2,edu_03__stigma_no_redemption__bm4,framing_transparent
allocate,framcomp__bm_edu_03_v1,3,edu_03__stigma_redemption__bm5,framing_transparent
allocate,framcomp__bm_edu_03_v1,4,edu_03__control__bm3,framing_transparent
allocate,framcomp__bm_edu_03_v1,5,edu_03__structural__bm2,framing_transparent
allocate,framcomp__bm_edu_04_v1,1,edu_04__stigma_no_redemption__bm2,framing_transparent
allocate,framcomp__bm_edu_04_v1,2,edu_04__stigma_redemption__bm4,framing_transparent
allocate,framcomp__bm_edu_04_v1,3,edu_04__control__bm5,framing_transparent
allocate,framcomp__bm_edu_04_v1,4,edu_04__structural__bm3,framing_transparent
allocate,framcomp__bm_edu_04_v1,5,edu_04__self_cause__bm1,framing_transparent
allocate,framcomp__bm_edu_05_v1,1,edu_05__stigma_redemption__bm2,framing_transparent
allocate,framcomp__bm_edu_05_v1,2,edu_05__control__bm1,framing_transparent
allocate,framcomp__bm_edu_05_v1,3,edu_05__structural__bm5,framing_transparent
allocate,framcomp__bm_edu_05_v1,4,edu_05__self_cause__bm4,framing_transparent
allocate,framcomp__bm_edu_05_v1,5,edu_05__stigma_no_redemption__bm3,framing_transparent
allocate,framcomp__bm_med_01_v1,1,med_01__stigma_no_redemption__bm4,framing_transparent
allocate,framcomp__bm_med_01_v1,2,med_01__stigma_redemption__bm3,framing_transparent
allocate,framcomp__bm_med_01_v1,3,med_01__control__bm5,framing_transparent
allocate,framcomp__bm_med_01_v1,4,med_01__structural__bm1,framing_transparent
allocate,framcomp__bm_med_01_v1,5,med_01__self_cause__bm2,framing_transparent
allocate,framcomp__bm_med_02_v1,1,med_02__self_cause__bm2,framing_transparent
allocate,framcomp__bm_med_02_v1,2,med_02__stigma_no_redemption__bm1,framing_transparent
allocate,framcomp__bm_med_02_v1,3,med_02__stigma_redemption__bm3,framing_transparent
allocate,framcomp__bm_med_02_v1,4,med_02__control__bm5,framing_transparent
allocate,framcomp__bm_med_02_v1,5,med_02__structural__bm4,framing_transparent
allocate,framcomp__bm_med_03_v1,1,med_03__stigma_no_redemption__bm2,framing_transparent
allocate,framcomp__bm_med_03_v1,2,med_03__stigma_redemption__bm4,framing_transparent
allocate,framcomp__bm_med_03_v1,3,med_03__control__bm5,framing_transparent
allocate,framcomp__bm_med_03_v1,4,med_03__structural__bm1,framing_transparent
allocate,framcomp__bm_med_03_v1,5,med_03__self_cause__bm3,framing_transparent
allocate,framcomp__bm_med_04_v1,1,med_04__control__bm1,framing_transparent
allocate,framcomp__bm_med_04_v1,2,med_04__structural__bm4,framing_transparent
allocate,framcomp__bm_med_04_v1,3,med_04__self_cause__bm2,framing_transparent
allocate,framcomp__bm_med_04_v1,4,med_04__stigma_no_redemption__bm5,framing_transparent
allocate,framcomp__bm_med_04_v1,5,med_04__stigma_redemption__bm3,framing_transparent
allocate,framcomp__bm_med_05_v1,1,med_05__structural__bm2,framing_transparent
allocate,framcomp__bm_med_05_v1,2,med_05__self_cause__bm5,framing_transparent
allocate,framcomp__bm_med_05_v1,3,med_05__stigma_no_redemption__bm4,framing_transparent
allocate,framcomp__bm_med_05_v1,4,med_05__stigma_redemption__bm1,framing_transparent
allocate,framcomp__bm_med_05_v1,5,med_05__control__bm3,framing_transparent
allocate,framcomp__bm_rent_01_v1,1,rent_01__control__bm4,framing_transparent
allocate,framcomp__bm_rent_01_v1,2,rent_01__structural__bm3,framing_transparent
allocate,framcomp__bm_rent_01_v1,3,rent_01__self_cause__bm2,framing_transparent
allocate,framcomp__bm_rent_01_v1,4,rent_01__stigma_no_redemption__bm1,framing_transparent
allocate,framcomp__bm_rent_01_v1,5,rent_01__stigma_redemption__bm5,framing_transparent
allocate,framcomp__bm_rent_02_v1,1,rent_02__structural__bm2,framing_transparent
allocate,framcomp__bm_rent_02_v1,2,rent_02__self_cause__bm4,framing_transparent
allocate,framcomp__bm_rent_02_v1,3,rent_02__stigma_no_redemption__bm3,framing_transparent
allocate,framcomp__bm_rent_02_v1,4,rent_02__stigma_redemption__bm1,framing_transparent
allocate,framcomp__bm_rent_02_v1,5,rent_02__control__bm5,framing_transparent
allocate,framcomp__bm_rent_03_v1,1,rent_03__stigma_no_redemption__bm4,framing_transparent
allocate,framcomp__bm_rent_03_v1,2,rent_03__stigma_redemption__bm2,framing_transparent
allocate,framcomp__bm_rent_03_v1,3,rent_03__control__bm3,framing_transparent
allocate,framcomp__bm_rent_03_v1,4,rent_03__structural__bm5,framing_transparent
allocate,framcomp__bm_rent_03_v1,5,rent_03__self_cause__bm1,framing_transparent
allocate,framcomp__bm_rent_04_v1,1,rent_04__self_cause__bm5,framing_transparent
allocate,framcomp__bm_rent_04_v1,2,rent_04__stigma_no_redemption__bm3,framing_transparent
allocate,framcomp__bm_rent_04_v1,3,rent_04__stigma_redemption__bm4,framing_transparent
allocate,framcomp__bm_rent_04_v1,4,rent_04__control__bm2,framing_transparent
allocate,framcomp__bm_rent_04_v1,5,rent_04__structural__bm1,framing_transparent
allocate,framcomp__bm_rent_05_v1,1,rent_05__control__bm2,framing_transparent
allocate,framcomp__bm_rent_05_v1,2,rent_05__structural__bm1,framing_transparent
allocate,framcomp__bm_rent_05_v1,3,rent_05__self_cause__bm5,framing_transparent
allocate,framcomp__bm_rent_05_v1,4,rent_05__stigma_no_redemption__bm3,framing_transparent
allocate,framcomp__bm_rent_05_v1,5,rent_05__stigma_redemption__bm4,framing_transparent
allocate,framcomp__hf_edu_01_v1,1,edu_01__structural__hf5,framing_transparent
allocate,framcomp__hf_edu_01_v1,2,edu_01__self_cause__hf2,framing_transparent
allocate,framcomp__hf_edu_01_v1,3,edu_01__stigma_no_redemption__hf4,framing_transparent
allocate,framcomp__hf_edu_01_v1,4,edu_01__stigma_redemption__hf3,framing_transparent
allocate,framcomp__hf_edu_01_v1,5,edu_01__control__hf1,framing_transparent
allocate,framcomp__hf_edu_02_v1,1,edu_02__control__hf5,framing_transparent
allocate,framcomp__hf_edu_02_v1,2,edu_02__structural__hf3,framing_transparent
allocate,framcomp__hf_edu_02_v1,3,edu_02__self_cause__hf2,framing_transparent
allocate,framcomp__hf_edu_02_v1,4,edu_02__stigma_no_redemption__hf1,framing_transparent
allocate,framcomp__hf_edu_02_v1,5,edu_02__stigma_redemption__hf4,framing_transparent
allocate,framcomp__hf_edu_03_v1,1,edu_03__control__hf5,framing_transparent
allocate,framcomp__hf_edu_03_v1,2,edu_03__structural__hf4,framing_transparent
allocate,framcomp__hf_edu_03_v1,3,edu_03__self_cause__hf1,framing_transparent
allocate,framcomp__hf_edu_03_v1,4,edu_03__stigma_no_redemption__hf2,framing_transparent
allocate,framcomp__hf_edu_03_v1,5,edu_03__stigma_redemption__hf3,framing_transparent
allocate,framcomp__hf_edu_04_v1,1,edu_04__stigma_redemption__hf2,framing_transparent
allocate,framcomp__hf_edu_04_v1,2,edu_04__control__hf3,framing_transparent
allocate,framcomp__hf_edu_04_v1,3,edu_04__structural__hf4,framing_transparent
allocate,framcomp__hf_edu_04_v1,4,edu_04__self_cause__hf1,framing_transparent
allocate,framcomp__hf_edu_04_v1,5,edu_04__stigma_no_redemption__hf5,framing_transparent
allocate,framcomp__hf_edu_05_v1,1,edu_05__structural__hf5,framing_transparent
allocate,framcomp__hf_edu_05_v1,2,edu_05__self_cause__hf3,framing_transparent
allocate,framcomp__hf_edu_05_v1,3,edu_05__stigma_no_redemption__hf1,framing_transparent
allocate,framcomp__hf_edu_05_v1,4,edu_05__stigma_redemption__hf4,framing_transparent
allocate,framcomp__hf_edu_05_v1,5,edu_05__control__hf2,framing_transparent
allocate,framcomp__hf_med_01_v1,1,med_01__control__hf5,framing_transparent
allocate,framcomp__hf_med_01_v1,2,med_01__structural__hf1,framing_transparent
allocate,framcomp__hf_med_01_v1,3,med_01__self_cause__hf2,framing_transparent
allocate,framcomp__hf_med_01_v1,4,med_01__stigma_no_redemption__hf4,framing_transparent
allocate,framcomp__hf_med_01_v1,5,med_01__stigma_redemption__hf3,framing_transparent
allocate,framcomp__hf_med_02_v1,1,med_02__control__hf3,framing_transparent
allocate,framcomp__hf_med_02_v1,2,med_02__structural__hf2,framing_transparent
allocate,framcomp__hf_med_02_v1,3,med_02__self_cause__hf5,framing_transparent
allocate,framcomp__hf_med_02_v1,4,med_02__stigma_no_redemption__hf1,framing_transparent
allocate,framcomp__hf_med_02_v1,5,med_02__stigma_redemption__hf4,framing_transparent
allocate,framcomp__hf_med_03_v1,1,med_03__control__hf4,framing_transparent
allocate,framcomp__hf_med_03_v1,2,med_03__structural__hf3,framing_transparent
allocate,framcomp__hf_med_03_v1,3,med_03__self_cause__hf2,framing_transparent
allocate,framcomp__hf_med_03_v1,4,med_03__stigma_no_redemption__hf5,framing_transparent
allocate,framcomp__hf_med_03_v1,5,med_03__stigma_redemption__hf1,framing_transparent
allocate,framcomp__hf_med_04_v1,1,med_04__stigma_no_redemption__hf1,framing_transparent
allocate,framcomp__hf_med_04_v1,2,med_04__stigma_redemption__hf5,framing_transparent
allocate,framcomp__hf_med_04_v1,3,med_04__control__hf4,framing_transparent
allocate,framcomp__hf_med_04_v1,4,med_04__structural__hf2,framing_transparent
allocate,framcomp__hf_med_04_v1,5,med_04__self_cause__hf3,framing_transparent
allocate,framcomp__hf_med_05_v1,1,med_05__stigma_no_redemption__hf2,framing_transparent
allocate,framcomp__hf_med_05_v1,2,med_05__stigma_redemption__hf1,framing_transparent
allocate,framcomp__hf_med_05_v1,3,med_05__control__hf4,framing_transparent
allocate,framcomp__hf_med_05_v1,4,med_05__structural__hf3,framing_transparent
allocate,framcomp__hf_med_05_v1,5,med_05__self_cause__hf5,framing_transparent
allocate,framcomp__hf_rent_01_v1,1,rent_01__control__hf5,framing_transparent
allocate,framcomp__hf_rent_01_v1,2,rent_01__structural__hf3,framing_transparent
allocate,framcomp__hf_rent_01_v1,3,rent_01__self_cause__hf4,framing_transparent
allocate,framcomp__hf_rent_01_v1,4,rent_01__stigma_no_redemption__hf2,framing_transparent
allocate,framcomp__hf_rent_01_v1,5,rent_01__stigma_redemption__hf1,framing_transparent
allocate,framcomp__hf_rent_02_v1,1,rent_02__stigma_redemption__hf4,framing_transparent
allocate,framcomp__hf_rent_02_v1,2,rent_02__control__hf5,framing_transparent
allocate,framcomp__hf_rent_02_v1,3,rent_02__structural__hf3,framing_transparent
allocate,framcomp__hf_rent_02_v1,4,rent_02__self_cause__hf2,framing_transparent
allocate,framcomp__hf_rent_02_v1,5,rent_02__stigma_no_redemption__hf1,framing_transparent
allocate,framcomp__hf_rent_03_v1,1,rent_03__self_cause__hf5,framing_transparent
allocate,framcomp__hf_rent_03_v1,2,rent_03__stigma_no_redemption__hf3,framing_transparent
allocate,framcomp__hf_rent_03_v1,3,rent_03__stigma_redemption__hf1,framing_transparent
allocate,framcomp__hf_rent_03_v1,4,rent_03__control__hf2,framing_transparent
allocate,framcomp__hf_rent_03_v1,5,rent_03__structural__hf4,framing_transparent
allocate,framcomp__hf_rent_04_v1,1,rent_04__stigma_no_redemption__hf4,framing_transparent
allocate,framcomp__hf_rent_04_v1,2,rent_04__stigma_redemption__hf3,framing_transparent
allocate,framcomp__hf_rent_04_v1,3,rent_04__control__hf5,framing_transparent
allocate,framcomp__hf_rent_04_v1,4,rent_04__structural__hf1,framing_transparent
allocate,framcomp__hf_rent_04_v1,5,rent_04__self_cause__hf2,framing_transparent
allocate,framcomp__hf_rent_05_v1,1,rent_05__self_cause__hf2,framing_transparent
allocate,framcomp__hf_rent_05_v1,2,rent_05__stigma_no_redemption__hf5,framing_transparent
allocate,framcomp__hf_rent_05_v1,3,rent_05__stigma_redemption__hf1,framing_transparent
allocate,framcomp__hf_rent_05_v1,4,rent_05__control__hf4,framing_transparent
allocate,framcomp__hf_rent_05_v1,5,rent_05__structural__hf3,framing_transparent
allocate,framcomp__hm_edu_01_v1,1,edu_01__stigma_redemption__hm3,framing_transparent
allocate,framcomp__hm_edu_01_v1,2,edu_01__control__hm5,framing_transparent
allocate,framcomp__hm_edu_01_v1,3,edu_01__structural__hm1,framing_transparent
allocate,framcomp__hm_edu_01_v1,4,edu_01__self_cause__hm2,framing_transparent
allocate,framcomp__hm_edu_01_v1,5,edu_01__stigma_no_redemption__hm4,framing_transparent
allocate,framcomp__hm_edu_02_v1,1,edu_02__structural__hm1,framing_transparent
allocate,framcomp__hm_edu_02_v1,2,edu_02__self_cause__hm3,framing_transparent
allocate,framcomp__hm_edu_02_v1,3,edu_02__stigma_no_redemption__hm2,framing_transparent
allocate,framcomp__hm_edu_02_v1,4,edu_02__stigma_redemption__hm5,framing_transparent
allocate,framcomp__hm_edu_02_v1,5,edu_02__control__hm4,framing_transparent
allocate,framcomp__hm_edu_03_v1,1,edu_03__self_cause__hm2,framing_transparent
allocate,framcomp__hm_edu_03_v1,2,edu_03__stigma_no_redemption__hm5,framing_transparent
allocate,framcomp__hm_edu_03_v1,3,edu_03__stigma_redemption__hm3,framing_transparent
allocate,framcomp__hm_edu_03_v1,4,edu_03__control__hm4,framing_transparent
allocate,framcomp__hm_edu_03_v1,5,edu_03__structural__hm1,framing_transparent
allocate,framcomp__hm_edu_04_v1,1,edu_04__self_cause__hm1,framing_transparent
allocate,framcomp__hm_edu_04_v1,2,edu_04__stigma_no_redemption__hm3,framing_transparent
allocate,framcomp__hm_edu_04_v1,3,edu_04__stigma_redemption__hm2,framing_transparent
allocate,framcomp__hm_edu_04_v1,4,edu_04__control__hm5,framing_transparent
allocate,framcomp__hm_edu_04_v1,5,edu_04__structural__hm4,framing_transparent
allocate,framcomp__hm_edu_05_v1,1,edu_05__control__hm4,framing_transparent
allocate,framcomp__hm_edu_05_v1,2,edu_05__structural__hm3,framing_transparent
allocate,framcomp__hm_edu_05_v1,3,edu_05__self_cause__hm1,framing_transparent
allocate,framcomp__hm_edu_05_v1,4,edu_05__stigma_no_redemption__hm2,framing_transparent
allocate,framcomp__hm_edu_05_v1,5,edu_05__stigma_redemption__hm5,framing_transparent
allocate,framcomp__hm_med_01_v1,1,med_01__stigma_redemption__hm5,framing_transparent
allocate,framcomp__hm_med_01_v1,2,med_01__control__hm2,framing_transparent
allocate,framcomp__hm_med_01_v1,3,med_01__structural__hm3,framing_transparent
allocate,framcomp__hm_med_01_v1,4,med_01__self_cause__hm1,framing_transparent
allocate,framcomp__hm_med_01_v1,5,med_01__stigma_no_redemption__hm4,framing_transparent
allocate,framcomp__hm_med_02_v1,1,med_02__stigma_no_redemption__hm4,framing_transparent
allocate,framcomp__hm_med_02_v1,2,med_02__stigma_redemption__hm5,framing_transparent
allocate,framcomp__hm_med_02_v1,3,med_02__control__hm2,framing_transparent
allocate,framcomp__hm_med_02_v1,4,med_02__structural__hm3,framing_transparent
allocate,framcomp__hm_med_02_v1,5,med_02__self_cause__hm1,framing_transparent
allocate,framcomp__hm_med_03_v1,1,med_03__stigma_no_redemption__hm2,framing_transparent
allocate,framcomp__hm_med_03_v1,2,med_03__stigma_redemption__hm3,framing_transparent
allocate,framcomp__hm_med_03_v1,3,med_03__control__hm4,framing_transparent
allocate,framcomp__hm_med_03_v1,4,med_03__structural__hm5,framing_transparent
allocate,framcomp__hm_med_03_v1,5,med_03__self_cause__hm1,framing_transparent
allocate,framcomp__hm_med_04_v1,1,med_04__control__hm3,framing_transparent
allocate,framcomp__hm_med_04_v1,2,med_04__structural__hm5,framing_transparent
allocate,framcomp__hm_med_04_v1,3,med_04__self_cause__hm1,framing_transparent
allocate,framcomp__hm_med_04_v1,4,med_04__stigma_no_redemption__hm4,framing_transparent
allocate,framcomp__hm_med_04_v1,5,med_04__stigma_redemption__hm2,framing_transparent
allocate,framcomp__hm_med_05_v1,1,med_05__self_cause__hm3,framing_transparent
allocate,framcomp__hm_med_05_v1,2,med_05__stigma_no_redemption__hm4,framing_transparent
allocate,framcomp__hm_med_05_v1,3,med_05__stigma_redemption__hm1,framing_transparent
allocate,framcomp__hm_med_05_v1,4,med_05__control__hm2,framing_transparent
allocate,framcomp__hm_med_05_v1,5,med_05__structural__hm5,framing_transparent
allocate,framcomp__hm_rent_01_v1,1,rent_01__structural__hm1,framing_transparent
allocate,framcomp__hm_rent_01_v1,2,rent_01__self_cause__hm3,framing_transparent
allocate,framcomp__hm_rent_01_v1,3,rent_01__stigma_no_redemption__hm4,framing_transparent
allocate,framcomp__hm_rent_01_v1,4,rent_01__stigma_redemption__hm2,framing_transparent
allocate,framcomp__hm_rent_01_v1,5,rent_01__control__hm5,framing_transparent
allocate,framcomp__hm_rent_02_v1,1,rent_02__stigma_redemption__hm1,framing_transparent
allocate,framcomp__hm_rent_02_v1,2,rent_02__control__hm4,framing_transparent
allocate,framcomp__hm_rent_02_v1,3,rent_02__structural__hm3,framing_transparent
allocate,framcomp__hm_rent_02_v1,4,rent_02__self_cause__hm5,framing_transparent
allocate,framcomp__hm_rent_02_v1,5,rent_02__stigma_no_redemption__hm2,framing_transparent
allocate,framcomp__hm_rent_03_v1,1,rent_03__stigma_redemption__hm5,framing_transparent
allocate,framcomp__hm_rent_03_v1,2,rent_03__control__hm3,framing_transparent
allocate,framcomp__hm_rent_03_v1,3,rent_03__structural__hm4,framing_transparent
allocate,framcomp__hm_rent_03_v1,4,rent_03__self_cause__hm1,framing_transparent
allocate,framcomp__hm_rent_03_v1,5,rent_03__stigma_no_redemption__hm2,framing_transparent
allocate,framcomp__hm_rent_04_v1,1,rent_04__stigma_no_redemption__hm1,framing_transparent
allocate,framcomp__hm_rent_04_v1,2,rent_04__stigma_redemption__hm3,framing_transparent
allocate,framcomp__hm_rent_04_v1,3,rent_04__control__hm4,framing_transparent
allocate,framcomp__hm_rent_04_v1,4,rent_04__structural__hm2,framing_transparent
allocate,framcomp__hm_rent_04_v1,5,rent_04__self_cause__hm5,framing_transparent
allocate,framcomp__hm_rent_05_v1,1,rent_05__self_cause__hm1,framing_transparent
allocate,framcomp__hm_rent_05_v1,2,rent_05__stigma_no_redemption__hm3,framing_transparent
allocate,framcomp__hm_rent_05_v1,3,rent_05__stigma_redemption__hm5,framing_transparent
allocate,framcomp__hm_rent_05_v1,4,rent_05__control__hm4,framing_transparent
allocate,framcomp__hm_rent_05_v1,5,rent_05__structural__hm2,framing_transparent
allocate,framcomp__wf_edu_01_v1,1,edu_01__self_cause__wf3,framing_transparent
allocate,framcomp__wf_edu_01_v1,2,edu_01__stigma_no_redemption__wf4,framing_transparent
allocate,framcomp__wf_edu_01_v1,3,edu_01__stigma_redemption__wf1,framing_transparent
allocate,framcomp__wf_edu_01_v1,4,edu_01__control__wf5,framing_transparent
allocate,framcomp__wf_edu_01_v1,5,edu_01__structural__wf2,framing_transparent
allocate,framcomp__wf_edu_02_v1,1,edu_02__stigma_no_redemption__wf1,framing_transparent
allocate,framcomp__wf_edu_02_v1,2,edu_02__stigma_redemption__wf4,framing_transparent
allocate,framcomp__wf_edu_02_v1,3,edu_02__control__wf2,framing_transparent
allocate,framcomp__wf_edu_02_v1,4,edu_02__structural__wf3,framing_transparent
allocate,framcomp__wf_edu_02_v1,5,edu_02__self_cause__wf5,framing_transparent
allocate,framcomp__wf_edu_03_v1,1,edu_03__structural__wf4,framing_transparent
allocate,framcomp__wf_edu_03_v1,2,edu_03__self_cause__wf5,framing_transparent
allocate,framcomp__wf_edu_03_v1,3,edu_03__stigma_no_redemption__wf1,framing_transparent
allocate,framcomp__wf_edu_03_v1,4,edu_03__stigma_redemption__wf2,framing_transparent
allocate,framcomp__wf_edu_03_v1,5,edu_03__control__wf3,framing_transparent
allocate,framcomp__wf_edu_04_v1,1,edu_04__structural__wf5,framing_transparent
allocate,framcomp__wf_edu_04_v1,2,edu_04__self_cause__wf3,framing_transparent
allocate,framcomp__wf_edu_04_v1,3,edu_04__stigma_no_redemption__wf2,framing_transparent
allocate,framcomp__wf_edu_04_v1,4,edu_04__stigma_redemption__wf1,framing_transparent
allocate,framcomp__wf_edu_04_v1,5,edu_04__control__wf4,framing_transparent
allocate,framcomp__wf_edu_05_v1,1,edu_05__stigma_redemption__wf1,framing_transparent
allocate,framcomp__wf_edu_05_v1,2,edu_05__control__wf2,framing_transparent
allocate,framcomp__wf_edu_05_v1,3,edu_05__structural__wf5,framing_transparent
allocate,framcomp__wf_edu_05_v1,4,edu_05__self_cause__wf4,framing_transparent
allocate,framcomp__wf_edu_05_v1,5,edu_05__stigma_no_redemption__wf3,framing_transparent
allocate,framcomp__wf_med_01_v1,1,med_01__stigma_redemption__wf2,framing_transparent
allocate,framcomp__wf_med_01_v1,2,med_01__control__wf1,framing_transparent
allocate,framcomp__wf_med_01_v1,3,med_01__structural__wf3,framing_transparent
allocate,framcomp__wf_med_01_v1,4,med_01__self_cause__wf4,framing_transparent
allocate,framcomp__wf_med_01_v1,5,med_01__stigma_no_redemption__wf5,framing_transparent
allocate,framcomp__wf_med_02_v1,1,med_02__self_cause__wf1,framing_transparent
allocate,framcomp__wf_med_02_v1,2,med_02__stigma_no_redemption__wf4,framing_transparent
allocate,framcomp__wf_med_02_v1,3,med_02__stigma_redemption__wf5,framing_transparent
allocate,framcomp__wf_med_02_v1,4,med_02__control__wf2,framing_transparent
allocate,framcomp__wf_med_02_v1,5,med_02__structural__wf3,framing_transparent
allocate,framcomp__wf_med_03_v1,1,med_03__structural__wf4,framing_transparent
allocate,framcomp__wf_med_03_v1,2,med_03__self_cause__wf5,framing_transparent
allocate,framcomp__wf_med_03_v1,3,med_03__stigma_no_redemption__wf1,framing_transparent
allocate,framcomp__wf_med_03_v1,4,med_03__stigma_redemption__wf2,framing_transparent
allocate,framcomp__wf_med_03_v1,5,med_03__control__wf3,framing_transparent
allocate,framcomp__wf_med_04_v1,1,med_04__stigma_no_redemption__wf5,framing_transparent
allocate,framcomp__wf_med_04_v1,2,med_04__stigma_redemption__wf4,framing_transparent
allocate,framcomp__wf_med_04_v1,3,med_04__control__wf3,framing_transparent
allocate,framcomp__wf_med_04_v1,4,med_04__structural__wf1,framing_transparent
allocate,framcomp__wf_med_04_v1,5,med_04__self_cause__wf2,framing_transparent
allocate,framcomp__wf_med_05_v1,1,med_05__self_cause__wf4,framing_transparent
allocate,framcomp__wf_med_05_v1,2,med_05__stigma_no_redemption__wf1,framing_transparent
allocate,framcomp__wf_med_05_v1,3,med_05__stigma_redemption__wf5,framing_transparent
allocate,framcomp__wf_med_05_v1,4,med_05__control__wf2,framing_transparent
allocate,framcomp__wf_med_05_v1,5,med_05__structural__wf3,framing_transparent
allocate,framcomp__wf_rent_01_v1,1,rent_01__stigma_no_redemption__wf4,framing_transparent
allocate,framcomp__wf_rent_01_v1,2,rent_01__stigma_redemption__wf3,framing_transparent
allocate,framcomp__wf_rent_01_v1,3,rent_01__control__wf1,framing_transparent
allocate,framcomp__wf_rent_01_v1,4,rent_01__structural__wf5,framing_transparent
allocate,framcomp__wf_rent_01_v1,5,rent_01__self_cause__wf2,framing_transparent
allocate,framcomp__wf_rent_02_v1,1,rent_02__stigma_no_redemption__wf5,framing_transparent
allocate,framcomp__wf_rent_02_v1,2,rent_02__stigma_redemption__wf1,framing_transparent
allocate,framcomp__wf_rent_02_v1,3,rent_02__control__wf3,framing_transparent
allocate,framcomp__wf_rent_02_v1,4,rent_02__structural__wf2,framing_transparent
allocate,framcomp__wf_rent_02_v1,5,rent_02__self_cause__wf4,framing_transparent
allocate,framcomp__wf_rent_03_v1,1,rent_03__control__wf4,framing_transparent
allocate,framcomp__wf_rent_03_v1,2,rent_03__structural__wf5,framing_transparent
allocate,framcomp__wf_rent_03_v1,3,rent_03__self_cause__wf2,framing_transparent
allocate,framcomp__wf_rent_03_v1,4,rent_03__stigma_no_redemption__wf3,framing_transparent
allocate,framcomp__wf_rent_03_v1,5,rent_03__stigma_redemption__wf1,framing_transparent
allocate,framcomp__wf_rent_04_v1,1,rent_04__control__wf5,framing_transparent
allocate,framcomp__wf_rent_04_v1,2,rent_04__structural__wf2,framing_transparent
allocate,framcomp__wf_rent_04_v1,3,rent_04__self_cause__wf4,framing_transparent
allocate,framcomp__wf_rent_04_v1,4,rent_04__stigma_no_redemption__wf1,framing_transparent
allocate,framcomp__wf_rent_04_v1,5,rent_04__stigma_redemption__wf3,framing_transparent
allocate,framcomp__wf_rent_05_v1,1,rent_05__structural__wf1,framing_transparent
allocate,framcomp__wf_rent_05_v1,2,rent_05__self_cause__wf5,framing_transparent
allocate,framcomp__wf_rent_05_v1,3,rent_05__stigma_no_redemption__wf3,framing_transparent
allocate,framcomp__wf_rent_05_v1,4,rent_05__stigma_redemption__wf4,framing_transparent
allocate,framcomp__wf_rent_05_v1,5,rent_05__control__wf2,framing_transparent
allocate,framcomp__wm_edu_01_v1,1,edu_01__stigma_redemption__wm2,framing_transparent
allocate,framcomp__wm_edu_01_v1,2,edu_01__control__wm1,framing_transparent
allocate,framcomp__wm_edu_01_v1,3,edu_01__structural__wm3,framing_transparent
allocate,framcomp__wm_edu_01_v1,4,edu_01__self_cause__wm5,framing_transparent
allocate,framcomp__wm_edu_01_v1,5,edu_01__stigma_no_redemption__wm4,framing_transparent
allocate,framcomp__wm_edu_02_v1,1,edu_02__control__wm5,framing_transparent
allocate,framcomp__wm_edu_02_v1,2,edu_02__structural__wm2,framing_transparent
allocate,framcomp__wm_edu_02_v1,3,edu_02__self_cause__wm4,framing_transparent
allocate,framcomp__wm_edu_02_v1,4,edu_02__stigma_no_redemption__wm3,framing_transparent
allocate,framcomp__wm_edu_02_v1,5,edu_02__stigma_redemption__wm1,framing_transparent
allocate,framcomp__wm_edu_03_v1,1,edu_03__structural__wm4,framing_transparent
allocate,framcomp__wm_edu_03_v1,2,edu_03__self_cause__wm1,framing_transparent
allocate,framcomp__wm_edu_03_v1,3,edu_03__stigma_no_redemption__wm2,framing_transparent
allocate,framcomp__wm_edu_03_v1,4,edu_03__stigma_redemption__wm5,framing_transparent
allocate,framcomp__wm_edu_03_v1,5,edu_03__control__wm3,framing_transparent
allocate,framcomp__wm_edu_04_v1,1,edu_04__self_cause__wm3,framing_transparent
allocate,framcomp__wm_edu_04_v1,2,edu_04__stigma_no_redemption__wm1,framing_transparent
allocate,framcomp__wm_edu_04_v1,3,edu_04__stigma_redemption__wm2,framing_transparent
allocate,framcomp__wm_edu_04_v1,4,edu_04__control__wm5,framing_transparent
allocate,framcomp__wm_edu_04_v1,5,edu_04__structural__wm4,framing_transparent
allocate,framcomp__wm_edu_05_v1,1,edu_05__control__wm2,framing_transparent
allocate,framcomp__wm_edu_05_v1,2,edu_05__structural__wm1,framing_transparent
allocate,framcomp__wm_edu_05_v1,3,edu_05__self_cause__wm3,framing_transparent
allocate,framcomp__wm_edu_05_v1,4,edu_05__stigma_no_redemption__wm5,framing_transparent
allocate,framcomp__wm_edu_05_v1,5,edu_05__stigma_redemption__wm4,framing_transparent
allocate,framcomp__wm_med_01_v1,1,med_01__structural__wm2,framing_transparent
allocate,framcomp__wm_med_01_v1,2,med_01__self_cause__wm1,framing_transparent
allocate,framcomp__wm_med_01_v1,3,med_01__stigma_no_redemption__wm4,framing_transparent
allocate,framcomp__wm_med_01_v1,4,med_01__stigma_redemption__wm3,framing_transparent
allocate,framcomp__wm_med_01_v1,5,med_01__control__wm5,framing_transparent
allocate,framcomp__wm_med_02_v1,1,med_02__structural__wm4,framing_transparent
allocate,framcomp__wm_med_02_v1,2,med_02__self_cause__wm1,framing_transparent
allocate,framcomp__wm_med_02_v1,3,med_02__stigma_no_redemption__wm3,framing_transparent
allocate,framcomp__wm_med_02_v1,4,med_02__stigma_redemption__wm2,framing_transparent
allocate,framcomp__wm_med_02_v1,5,med_02__control__wm5,framing_transparent
allocate,framcomp__wm_med_03_v1,1,med_03__control__wm2,framing_transparent
allocate,framcomp__wm_med_03_v1,2,med_03__structural__wm4,framing_transparent
allocate,framcomp__wm_med_03_v1,3,med_03__self_cause__wm3,framing_transparent
allocate,framcomp__wm_med_03_v1,4,med_03__stigma_no_redemption__wm1,framing_transparent
allocate,framcomp__wm_med_03_v1,5,med_03__stigma_redemption__wm5,framing_transparent
allocate,framcomp__wm_med_04_v1,1,med_04__structural__wm5,framing_transparent
allocate,framcomp__wm_med_04_v1,2,med_04__self_cause__wm2,framing_transparent
allocate,framcomp__wm_med_04_v1,3,med_04__stigma_no_redemption__wm1,framing_transparent
allocate,framcomp__wm_med_04_v1,4,med_04__stigma_redemption__wm3,framing_transparent
allocate,framcomp__wm_med_04_v1,5,med_04__control__wm4,framing_transparent
allocate,framcomp__wm_med_05_v1,1,med_05__self_cause__wm5,framing_transparent
allocate,framcomp__wm_med_05_v1,2,med_05__stigma_no_redemption__wm4,framing_transparent
allocate,framcomp__wm_med_05_v1,3,med_05__stigma_redemption__wm2,framing_transparent
allocate,framcomp__wm_med_05_v1,4,med_05__control__wm1,framing_transparent
allocate,framcomp__wm_med_05_v1,5,med_05__structural__wm3,framing_transparent
allocate,framcomp__wm_rent_01_v1,1,rent_01__structural__wm1,framing_transparent
allocate,framcomp__wm_rent_01_v1,2,rent_01__self_cause__wm4,framing_transparent
allocate,framcomp__wm_rent_01_v1,3,rent_01__stigma_no_redemption__wm2,framing_transparent
allocate,framcomp__wm_rent_01_v1,4,rent_01__stigma_redemption__wm5,framing_transparent
allocate,framcomp__wm_rent_01_v1,5,rent_01__control__wm3,framing_transparent
allocate,framcomp__wm_rent_02_v1,1,rent_02__control__wm4,framing_transparent
allocate,framcomp__wm_rent_02_v1,2,rent_02__structural__wm2,framing_transparent
allocate,framcomp__wm_rent_02_v1,3,rent_02__self_cause__wm3,framing_transparent
allocate,framcomp__wm_rent_02_v1,4,rent_02__stigma_no_redemption__wm5,framing_transparent
allocate,framcomp__wm_rent_02_v1,5,rent_02__stigma_redemption__wm1,framing_transparent
allocate,framcomp__wm_rent_03_v1,1,rent_03__self_cause__wm2,framing_transparent
allocate,framcomp__wm_rent_03_v1,2,rent_03__stigma_no_redemption__wm5,framing_transparent
allocate,framcomp__wm_rent_03_v1,3,rent_03__stigma_redemption__wm4,framing_transparent
allocate,framcomp__wm_rent_03_v1,4,rent_03__control__wm1,framing_transparent
allocate,framcomp__wm_rent_03_v1,5,rent_03__structural__wm3,framing_transparent
allocate,framcomp__wm_rent_04_v1,1,rent_04__control__wm4,framing_transparent
allocate,framcomp__wm_rent_04_v1,2,rent_04__structural__wm1,framing_transparent
allocate,framcomp__wm_rent_04_v1,3,rent_04__self_cause__wm5,framing_transparent
allocate,framcomp__wm_rent_04_v1,4,rent_04__stigma_no_redemption__wm3,framing_transparent
allocate,framcomp__wm_rent_04_v1,5,rent_04__stigma_redemption__wm2,framing_transparent
allocate,framcomp__wm_rent_05_v1,1,rent_05__stigma_redemption__wm2,framing_transparent
allocate,framcomp__wm_rent_05_v1,2,rent_05__control__wm3,framing_transparent
allocate,framcomp__wm_rent_05_v1,3,rent_05__structural__wm1,framing_transparent
allocate,framcomp__wm_rent_05_v1,4,rent_05__self_cause__wm4,framing_transparent
allocate,framcomp__wm_rent_05_v1,5,rent_05__stigma_no_redemption__wm5,framing_transparent
allocate,gcomp__edu_a_control_v1,1,edu_02__control__af5,gender_transparent
allocate,gcomp__edu_a_control_v1,2,edu_02__control__am5,gender_transparent
allocate,gcomp__edu_a_control_v2,1,edu_02__control__am4,gender_transparent
allocate,gcomp__edu_a_control_v2,2,edu_02__control__af4,gender_transparent
allocate,gcomp__edu_a_self_cause_v1,1,edu_04__self_cause__af2,gender_transparent
allocate,gcomp__edu_a_self_cause_v1,2,edu_04__self_cause__am1,gender_transparent
allocate,gcomp__edu_a_self_cause_v2,1,edu_04__self_cause__am5,gender_transparent
allocate,gcomp__edu_a_self_cause_v2,2,edu_04__self_cause__af5,gender_transparent
allocate,gcomp__edu_a_stigma_no_redemption_v1,1,edu_05__stigma_no_redemption__af4,gender_transparent
allocate,gcomp__edu_a_stigma_no_redemption_v1,2,edu_05__stigma_no_redemption__am4,gender_transparent
allocate,gcomp__edu_a_stigma_no_redemption_v2,1,edu_05__stigma_no_redemption__am3,gender_transparent
allocate,gcomp__edu_a_stigma_no_redemption_v2,2,edu_05__stigma_no_redemption__af1,gender_transparent
allocate,gcomp__edu_a_stigma_redemption_v1,1,edu_03__stigma_redemption__af3,gender_transparent
allocate,gcomp__edu_a_stigma_redemption_v1,2,edu_03__stigma_redemption__am2,gender_transparent
allocate,gcomp__edu_a_stigma_redemption_v2,1,edu_03__stigma_redemption__am1,gender_transparent
allocate,gcomp__edu_a_stigma_redemption_v2,2,edu_03__stigma_redemption__af2,gender_transparent
allocate,gcomp__edu_a_structural_v1,1,edu_01__structural__af1,gender_transparent
allocate,gcomp__edu_a_structural_v1,2,edu_01__structural__am3,gender_transparent
allocate,gcomp__edu_a_structural_v2,1,edu_01__structural__am2,gender_transparent
allocate,gcomp__edu_a_structural_v2,2,edu_01__structural__af3,gender_transparent
allocate,gcomp__edu_b_control_v1,1,edu_02__control__bf3,gender_transparent
allocate,gcomp__edu_b_control_v1,2,edu_02__control__bm4,gender_transparent
allocate,gcomp__edu_b_control_v2,1,edu_02__control__bm1,gender_transparent
allocate,gcomp__edu_b_control_v2,2,edu_02__control__bf5,gender_transparent
allocate,gcomp__edu_b_self_cause_v1,1,edu_04__self_cause__bf4,gender_transparent
allocate,gcomp__edu_b_self_cause_v1,2,edu_04__self_cause__bm2,gender_transparent
allocate,gcomp__edu_b_self_cause_v2,1,edu_04__self_cause__bm4,gender_transparent
allocate,gcomp__edu_b_self_cause_v2,2,edu_04__self_cause__bf3,gender_transparent
allocate,gcomp__edu_b_stigma_no_redemption_v1,1,edu_05__stigma_no_redemption__bf5,gender_transparent
allocate,gcomp__edu_b_stigma_no_redemption_v1,2,edu_05__stigma_no_redemption__bm1,gender_transparent
allocate,gcomp__edu_b_stigma_no_redemption_v2,1,edu_05__stigma_no_redemption__bm5,gender_transparent
allocate,gcomp__edu_b_stigma_no_redemption_v2,2,edu_05__stigma_no_redemption__bf1,gender_transparent
allocate,gcomp__edu_b_stigma_redemption_v1,1,edu_03__stigma_redemption__bf2,gender_transparent
allocate,gcomp__edu_b_stigma_redemption_v1,2,edu_03__stigma_redemption__bm3,gender_transparent
allocate,gcomp__edu_b_stigma_redemption_v2,1,edu_03__stigma_redemption__bm2,gender_transparent
allocate,gcomp__edu_b_stigma_redemption_v2,2,edu_03__stigma_redemption__bf4,gender_transparent
allocate,gcomp__edu_b_structural_v1,1,edu_01__structural__bf1,gender_transparent
allocate,gcomp__edu_b_structural_v1,2,edu_01__structural__bm5,gender_transparent
allocate,gcomp__edu_b_structural_v2,1,edu_01__structural__bm3,gender_transparent
allocate,gcomp__edu_b_structural_v2,2,edu_01__structural__bf2,gender_transparent
allocate,gcomp__edu_h_control_v1,1,edu_02__control__hf2,gender_transparent
allocate,gcomp__edu_h_control_v1,2,edu_02__control__hm1,gender_transparent
allocate,gcomp__edu_h_control_v2,1,edu_02__control__hm3,gender_transparent
allocate,gcomp__edu_h_control_v2,2,edu_02__control__hf1,gender_transparent
allocate,gcomp__edu_h_self_cause_v1,1,edu_04__self_cause__hf5,gender_transparent
allocate,gcomp__edu_h_self_cause_v1,2,edu_04__self_cause__hm4,gender_transparent
allocate,gcomp__edu_h_self_cause_v2,1,edu_04__self_cause__hm1,gender_transparent
allocate,gcomp__edu_h_self_cause_v2,2,edu_04__self_cause__hf2,gender_transparent
allocate,gcomp__edu_h_stigma_no_redemption_v1,1,edu_05__stigma_no_redemption__hf1,gender_transparent
allocate,gcomp__edu_h_stigma_no_redemption_v1,2,edu_05__stigma_no_redemption__hm3,gender_transparent
allocate,gcomp__edu_h_stigma_no_redemption_v2,1,edu_05__stigma_no_redemption__hm2,gender_transparent
allocate,gcomp__edu_h_stigma_no_redemption_v2,2,edu_05__stigma_no_redemption__hf3,gender_transparent
allocate,gcomp__edu_h_stigma_redemption_v1,1,edu_03__stigma_redemption__hf4,gender_transparent
allocate,gcomp__edu_h_stigma_redemption_v1,2,edu_03__stigma_redemption__hm5,gender_transparent
allocate,gcomp__edu_h_stigma_redemption_v2,1,edu_03__stigma_redemption__hm4,gender_transparent
allocate,gcomp__edu_h_stigma_redemption_v2,2,edu_03__stigma_redemption__hf5,gender_transparent
allocate,gcomp__edu_h_structural_v1,1,edu_01__structural__hf3,gender_transparent
allocate,gcomp__edu_h_structural_v1,2,edu_01__structural__hm2,gender_transparent
allocate,gcomp__edu_h_structural_v2,1,edu_01__structural__hm5,gender_transparent
allocate,gcomp__edu_h_structural_v2,2,edu_01__structural__hf4,gender_transparent
allocate,gcomp__edu_w_control_v1,1,edu_02__control__wf4,gender_transparent
allocate,gcomp__edu_w_control_v1,2,edu_02__control__wm2,gender_transparent
allocate,gcomp__edu_w_control_v2,1,edu_02__control__wm3,gender_transparent
allocate,gcomp__edu_w_control_v2,2,edu_02__control__wf3,gender_transparent
allocate,gcomp__edu_w_self_cause_v1,1,edu_04__self_cause__wf1,gender_transparent
allocate,gcomp__edu_w_self_cause_v1,2,edu_04__self_cause__wm5,gender_transparent
allocate,gcomp__edu_w_self_cause_v2,1,edu_04__self_cause__wm2,gender_transparent
allocate,gcomp__edu_w_self_cause_v2,2,edu_04__self_cause__wf4,gender_transparent
allocate,gcomp__edu_w_stigma_no_redemption_v1,1,edu_05__stigma_no_redemption__wf3,gender_transparent
allocate,gcomp__edu_w_stigma_no_redemption_v1,2,edu_05__stigma_no_redemption__wm3,gender_transparent
allocate,gcomp__edu_w_stigma_no_redemption_v2,1,edu_05__stigma_no_redemption__wm1,gender_transparent
allocate,gcomp__edu_w_stigma_no_redemption_v2,2,edu_05__stigma_no_redemption__wf2,gender_transparent
allocate,gcomp__edu_w_stigma_redemption_v1,1,edu_03__stigma_redemption__wf5,gender_transparent
allocate,gcomp__edu_w_stigma_redemption_v1,2,edu_03__stigma_redemption__wm4,gender_transparent
allocate,gcomp__edu_w_stigma_redemption_v2,1,edu_03__stigma_redemption__wm5,gender_transparent
allocate,gcomp__edu_w_stigma_redemption_v2,2,edu_03__stigma_redemption__wf1,gender_transparent
allocate,gcomp__edu_w_structural_v1,1,edu_01__structural__wf2,gender_transparent
allocate,gcomp__edu_w_structural_v1,2,edu_01__structural__wm1,gender_transparent
allocate,gcomp__edu_w_structural_v2,1,edu_01__structural__wm4,gender_transparent
allocate,gcomp__edu_w_structural_v2,2,edu_01__structural__wf5,gender_transparent
allocate,gcomp__med_a_control_v1,1,med_01__control__af5,gender_transparent
allocate,gcomp__med_a_control_v1,2,med_01__control__am5,gender_transparent
allocate,gcomp__med_a_control_v2,1,med_01__control__am4,gender_transparent
allocate,gcomp__med_a_control_v2,2,med_01__control__af4,gender_transparent
allocate,gcomp__med_a_self_cause_v1,1,med_03__self_cause__af2,gender_transparent
allocate,gcomp__med_a_self_cause_v1,2,med_03__self_cause__am1,gender_transparent
allocate,gcomp__med_a_self_cause_v2,1,med_03__self_cause__am5,gender_transparent
allocate,gcomp__med_a_self_cause_v2,2,med_03__self_cause__af5,gender_transparent
allocate,gcomp__med_a_stigma_no_redemption_v1,1,med_02__stigma_no_redemption__af4,gender_transparent
allocate,gcomp__med_a_stigma_no_redemption_v1,2,med_02__stigma_no_redemption__am4,gender_transparent
allocate,gcomp__med_a_stigma_no_redemption_v2,1,med_02__stigma_no_redemption__am3,gender_transparent
allocate,gcomp__med_a_stigma_no_redemption_v2,2,med_02__stigma_no_redemption__af1,gender_transparent
allocate,gcomp__med_a_stigma_redemption_v1,1,med_05__stigma_redemption__af3,gender_transparent
allocate,gcomp__med_a_stigma_redemption_v1,2,med_05__stigma_redemption__am2,gender_transparent
allocate,gcomp__med_a_stigma_redemption_v2,1,med_05__stigma_redemption__am1,gender_transparent
allocate,gcomp__med_a_stigma_redemption_v2,2,med_05__stigma_redemption__af2,gender_transparent
allocate,gcomp__med_a_structural_v1,1,med_04__structural__af1,gender_transparent
allocate,gcomp__med_a_structural_v1,2,med_04__structural__am3,gender_transparent
allocate,gcomp__med_a_structural_v2,1,med_04__structural__am2,gender_transparent
allocate,gcomp__med_a_structural_v2,2,med_04__structural__af3,gender_transparent
allocate,gcomp__med_b_control_v1,1,med_01__control__bf3,gender_transparent
allocate,gcomp__med_b_control_v1,2,med_01__control__bm4,gender_transparent
allocate,gcomp__med_b_control_v2,1,med_01__control__bm1,gender_transparent
allocate,gcomp__med_b_control_v2,2,med_01__control__bf5,gender_transparent
allocate,gcomp__med_b_self_cause_v1,1,med_03__self_cause__bf4,gender_transparent
allocate,gcomp__med_b_self_cause_v1,2,med_03__self_cause__bm2,gender_transparent
allocate,gcomp__med_b_self_cause_v2,1,med_03__self_cause__bm4,gender_transparent
allocate,gcomp__med_b_self_cause_v2,2,med_03__self_cause__bf3,gender_transparent
allocate,gcomp__med_b_stigma_no_redemption_v1,1,med_02__stigma_no_redemption__bf5,gender_transparent
allocate,gcomp__med_b_stigma_no_redemption_v1,2,med_02__stigma_no_redemption__bm1,gender_transparent
allocate,gcomp__med_b_stigma_no_redemption_v2,1,med_02__stigma_no_redemption__bm5,gender_transparent
allocate,gcomp__med_b_stigma_no_redemption_v2,2,med_02__stigma_no_redemption__bf1,gender_transparent
allocate,gcomp__med_b_stigma_redemption_v1,1,med_05__stigma_redemption__bf2,gender_transparent
allocate,gcomp__med_b_stigma_redemption_v1,2,med_05__stigma_redemption__bm3,gender_transparent
allocate,gcomp__med_b_stigma_redemption_v2,1,med_05__stigma_redemption__bm2,gender_transparent
allocate,gcomp__med_b_stigma_redemption_v2,2,med_05__stigma_redemption__bf4,gender_transparent
allocate,gcomp__med_b_structural_v1,1,med_04__structural__bf1,gender_transparent
allocate,gcomp__med_b_structural_v1,2,med_04__structural__bm5,gender_transparent
allocate,gcomp__med_b_structural_v2,1,med_04__structural__bm3,gender_transparent
allocate,gcomp__med_b_structural_v2,2,med_04__structural__bf2,gender_transparent
allocate,gcomp__med_h_control_v1,1,med_01__control__hf2,gender_transparent
allocate,gcomp__med_h_control_v1,2,med_01__control__hm1,gender_transparent
allocate,gcomp__med_h_control_v2,1,med_01__control__hm3,gender_transparent
allocate,gcomp__med_h_control_v2,2,med_01__control__hf1,gender_transparent
allocate,gcomp__med_h_self_cause_v1,1,med_03__self_cause__hf5,gender_transparent
allocate,gcomp__med_h_self_cause_v1,2,med_03__self_cause__hm4,gender_transparent
allocate,gcomp__med_h_self_cause_v2,1,med_03__self_cause__hm1,gender_transparent
allocate,gcomp__med_h_self_cause_v2,2,med_03__self_cause__hf2,gender_transparent
allocate,gcomp__med_h_stigma_no_redemption_v1,1,med_02__stigma_no_redemption__hf1,gender_transparent
allocate,gcomp__med_h_stigma_no_redemption_v1,2,med_02__stigma_no_redemption__hm3,gender_transparent
allocate,gcomp__med_h_stigma_no_redemption_v2,1,med_02__stigma_no_redemption__hm2,gender_transparent
allocate,gcomp__med_h_stigma_no_redemption_v2,2,med_02__stigma_no_redemption__hf3,gender_transparent
allocate,gcomp__med_h_stigma_redemption_v1,1,med_05__stigma_redemption__hf4,gender_transparent
allocate,gcomp__med_h_stigma_redemption_v1,2,med_05__stigma_redemption__hm5,gender_transparent
allocate,gcomp__med_h_stigma_redemption_v2,1,med_05__stigma_redemption__hm4,gender_transparent
allocate,gcomp__med_h_stigma_redemption_v2,2,med_05__stigma_redemption__hf5,gender_transparent
allocate,gcomp__med_h_structural_v1,1,med_04__structural__hf3,gender_transparent
allocate,gcomp__med_h_structural_v1,2,med_04__structural__hm2,gender_transparent
allocate,gcomp__med_h_structural_v2,1,med_04__structural__hm5,gender_transparent
allocate,gcomp__med_h_structural_v2,2,med_04__structural__hf4,gender_transparent
allocate,gcomp__med_w_control_v1,1,med_01__control__wf4,gender_transparent
allocate,gcomp__med_w_control_v1,2,med_01__control__wm2,gender_transparent
allocate,gcomp__med_w_control_v2,1,med_01__control__wm3,gender_transparent
allocate,gcomp__med_w_control_v2,2,med_01__control__wf3,gender_transparent
allocate,gcomp__med_w_self_cause_v1,1,med_03__self_cause__wf1,gender_transparent
allocate,gcomp__med_w_self_cause_v1,2,med_03__self_cause__wm5,gender_transparent
allocate,gcomp__med_w_self_cause_v2,1,med_03__self_cause__wm2,gender_transparent
allocate,gcomp__med_w_self_cause_v2,2,med_03__self_cause__wf4,gender_transparent
allocate,gcomp__med_w_stigma_no_redemption_v1,1,med_02__stigma_no_redemption__wf3,gender_transparent
allocate,gcomp__med_w_stigma_no_redemption_v1,2,med_02__stigma_no_redemption__wm3,gender_transparent
allocate,gcomp__med_w_stigma_no_redemption_v2,1,med_02__stigma_no_redemption__wm1,gender_transparent
allocate,gcomp__med_w_stigma_no_redemption_v2,2,med_02__stigma_no_redemption__wf2,gender_transparent
allocate,gcomp__med_w_stigma_redemption_v1,1,med_05__stigma_redemption__wf5,gender_transparent
allocate,gcomp__med_w_stigma_redemption_v1,2,med_05__stigma_redemption__wm4,gender_transparent
allocate,gcomp__med_w_stigma_redemption_v2,1,med_05__stigma_redemption__wm5,gender_transparent
allocate,gcomp__med_w_stigma_redemption_v2,2,med_05__stigma_redemption__wf1,gender_transparent
allocate,gcomp__med_w_structural_v1,1,med_04__structural__wf2,gender_transparent
allocate,gcomp__med_w_structural_v1,2,med_04__structural__wm1,gender_transparent
allocate,gcomp__med_w_structural_v2,1,med_04__structural__wm4,gender_transparent
allocate,gcomp__med_w_structural_v2,2,med_04__structural__wf5,gender_transparent
allocate,gcomp__rnt_a_control_v1,1,rent_04__control__af5,gender_transparent
allocate,gcomp__rnt_a_control_v1,2,rent_04__control__am5,gender_transparent
allocate,gcomp__rnt_a_control_v2,1,rent_04__control__am4,gender_transparent
allocate,gcomp__rnt_a_control_v2,2,rent_04__control__af4,gender_transparent
allocate,gcomp__rnt_a_self_cause_v1,1,rent_02__self_cause__af2,gender_transparent
allocate,gcomp__rnt_a_self_cause_v1,2,rent_02__self_cause__am1,gender_transparent
allocate,gcomp__rnt_a_self_cause_v2,1,rent_02__self_cause__am5,gender_transparent
allocate,gcomp__rnt_a_self_cause_v2,2,rent_02__self_cause__af5,gender_transparent
allocate,gcomp__rnt_a_stigma_no_redemption_v1,1,rent_05__stigma_no_redemption__af4,gender_transparent
allocate,gcomp__rnt_a_stigma_no_redemption_v1,2,rent_05__stigma_no_redemption__am4,gender_transparent
allocate,gcomp__rnt_a_stigma_no_redemption_v2,1,rent_05__stigma_no_redemption__am3,gender_transparent
allocate,gcomp__rnt_a_stigma_no_redemption_v2,2,rent_05__stigma_no_redemption__af1,gender_transparent
allocate,gcomp__rnt_a_stigma_redemption_v1,1,rent_03__stigma_redemption__af3,gender_transparent
allocate,gcomp__rnt_a_stigma_redemption_v1,2,rent_03__stigma_redemption__am2,gender_transparent
allocate,gcomp__rnt_a_stigma_redemption_v2,1,rent_03__stigma_redemption__am1,gender_transparent
allocate,gcomp__rnt_a_stigma_redemption_v2,2,rent_03__stigma_redemption__af2,gender_transparent
allocate,gcomp__rnt_a_structural_v1,1,rent_01__structural__af1,gender_transparent
allocate,gcomp__rnt_a_structural_v1,2,rent_01__structural__am3,gender_transparent
allocate,gcomp__rnt_a_structural_v2,1,rent_01__structural__am2,gender_transparent
allocate,gcomp__rnt_a_structural_v2,2,rent_01__structural__af3,gender_transparent
allocate,gcomp__rnt_b_control_v1,1,rent_04__control__bf3,gender_transparent
allocate,gcomp__rnt_b_control_v1,2,rent_04__control__bm4,gender_transparent
allocate,gcomp__rnt_b_control_v2,1,rent_04__control__bm1,gender_transparent
allocate,gcomp__rnt_b_control_v2,2,rent_04__control__bf5,gender_transparent
allocate,gcomp__rnt_b_self_cause_v1,1,rent_02__self_cause__bf4,gender_transparent
allocate,gcomp__rnt_b_self_cause_v1,2,rent_02__self_cause__bm2,gender_transparent
allocate,gcomp__rnt_b_self_cause_v2,1,rent_02__self_cause__bm4,gender_transparent
allocate,gcomp__rnt_b_self_cause_v2,2,rent_02__self_cause__bf3,gender_transparent
allocate,gcomp__rnt_b_stigma_no_redemption_v1,1,rent_05__stigma_no_redemption__bf5,gender_transparent
allocate,gcomp__rnt_b_stigma_no_redemption_v1,2,rent_05__stigma_no_redemption__bm1,gender_transparent
allocate,gcomp__rnt_b_stigma_no_redemption_v2,1,rent_05__stigma_no_redemption__bm5,gender_transparent
allocate,gcomp__rnt_b_stigma_no_redemption_v2,2,rent_05__stigma_no_redemption__bf1,gender_transparent
allocate,gcomp__rnt_b_stigma_redemption_v1,1,rent_03__stigma_redemption__bf2,gender_transparent
allocate,gcomp__rnt_b_stigma_redemption_v1,2,rent_03__stigma_redemption__bm3,gender_transparent
allocate,gcomp__rnt_b_stigma_redemption_v2,1,rent_03__stigma_redemption__bm2,gender_transparent
allocate,gcomp__rnt_b_stigma_redemption_v2,2,rent_03__stigma_redemption__bf4,gender_transparent
allocate,gcomp__rnt_b_structural_v1,1,rent_01__structural__bf1,gender_transparent
allocate,gcomp__rnt_b_structural_v1,2,rent_01__structural__bm5,gender_transparent
allocate,gcomp__rnt_b_structural_v2,1,rent_01__structural__bm3,gender_transparent
allocate,gcomp__rnt_b_structural_v2,2,rent_01__structural__bf2,gender_transparent
allocate,gcomp__rnt_h_control_v1,1,rent_04__control__hf2,gender_transparent
allocate,gcomp__rnt_h_control_v1,2,rent_04__control__hm1,gender_transparent
allocate,gcomp__rnt_h_control_v2,1,rent_04__control__hm3,gender_transparent
allocate,gcomp__rnt_h_control_v2,2,rent_04__control__hf1,gender_transparent
allocate,gcomp__rnt_h_self_cause_v1,1,rent_02__self_cause__hf5,gender_transparent
allocate,gcomp__rnt_h_self_cause_v1,2,rent_02__self_cause__hm4,gender_transparent
allocate,gcomp__rnt_h_self_cause_v2,1,rent_02__self_cause__hm1,gender_transparent
allocate,gcomp__rnt_h_self_cause_v2,2,rent_02__self_cause__hf2,gender_transparent
allocate,gcomp__rnt_h_stigma_no_redemption_v1,1,rent_05__stigma_no_redemption__hf1,gender_transparent
allocate,gcomp__rnt_h_stigma_no_redemption_v1,2,rent_05__stigma_no_redemption__hm3,gender_transparent
allocate,gcomp__rnt_h_stigma_no_redemption_v2,1,rent_05__stigma_no_redemption__hm2,gender_transparent
allocate,gcomp__rnt_h_stigma_no_redemption_v2,2,rent_05__stigma_no_redemption__hf3,gender_transparent
allocate,gcomp__rnt_h_stigma_redemption_v1,1,rent_03__stigma_redemption__hf4,gender_transparent
allocate,gcomp__rnt_h_stigma_redemption_v1,2,rent_03__stigma_redemption__hm5,gender_transparent
allocate,gcomp__rnt_h_stigma_redemption_v2,1,rent_03__stigma_redemption__hm4,gender_transparent
allocate,gcomp__rnt_h_stigma_redemption_v2,2,rent_03__stigma_redemption__hf5,gender_transparent
allocate,gcomp__rnt_h_structural_v1,1,rent_01__structural__hf3,gender_transparent
allocate,gcomp__rnt_h_structural_v1,2,rent_01__structural__hm2,gender_transparent
allocate,gcomp__rnt_h_structural_v2,1,rent_01__structural__hm5,gender_transparent
allocate,gcomp__rnt_h_structural_v2,2,rent_01__structural__hf4,gender_transparent
allocate,gcomp__rnt_w_control_v1,1,rent_04__control__wf4,gender_transparent
allocate,gcomp__rnt_w_control_v1,2,rent_04__control__wm2,gender_transparent
allocate,gcomp__rnt_w_control_v2,1,rent_04__control__wm3,gender_transparent
allocate,gcomp__rnt_w_control_v2,2,rent_04__control__wf3,gender_transparent
allocate,gcomp__rnt_w_self_cause_v1,1,rent_02__self_cause__wf1,gender_transparent
allocate,gcomp__rnt_w_self_cause_v1,2,rent_02__self_cause__wm5,gender_transparent
allocate,gcomp__rnt_w_self_cause_v2,1,rent_02__self_cause__wm2,gender_transparent
allocate,gcomp__rnt_w_self_cause_v2,2,rent_02__self_cause__wf4,gender_transparent
allocate,gcomp__rnt_w_stigma_no_redemption_v1,1,rent_05__stigma_no_redemption__wf3,gender_transparent
allocate,gcomp__rnt_w_stigma_no_redemption_v1,2,rent_05__stigma_no_redemption__wm3,gender_transparent
allocate,gcomp__rnt_w_stigma_no_redemption_v2,1,rent_05__stigma_no_redemption__wm1,gender_transparent
allocate,gcomp__rnt_w_stigma_no_redemption_v2,2,rent_05__stigma_no_redemption__wf2,gender_transparent
allocate,gcomp__rnt_w_stigma_redemption_v1,1,rent_03__stigma_redemption__wf5,gender_transparent
allocate,gcomp__rnt_w_stigma_redemption_v1,2,rent_03__stigma_redemption__wm4,gender_transparent
allocate,gcomp__rnt_w_stigma_redemption_v2,1,rent_03__stigma_redemption__wm5,gender_transparent
allocate,gcomp__rnt_w_stigma_redemption_v2,2,rent_03__stigma_redemption__wf1,gender_transparent
allocate,gcomp__rnt_w_structural_v1,1,rent_01__structural__wf2,gender_transparent
allocate,gcomp__rnt_w_structural_v1,2,rent_01__structural__wm1,gender_transparent
allocate,gcomp__rnt_w_structural_v2,1,rent_01__structural__wm4,gender_transparent
allocate,gcomp__rnt_w_structural_v2,2,rent_01__structural__wf5,gender_transparent
allocate,gcompv__edu_a_control_v1,1,edu_01__control__af2,gender_disguised
allocate,gcompv__edu_a_control_v1,2,edu_02__control__am1,gender_disguised
allocate,gcompv__edu_a_control_v2,1,edu_01__control__am5,gender_disguised
allocate,gcompv__edu_a_control_v2,2,edu_02__control__af4,gender_disguised
allocate,gcompv__edu_a_control_v3,1,edu_02__control__af3,gender_disguised
allocate,gcompv__edu_a_control_v3,2,edu_01__control__am4,gender_disguised
allocate,gcompv__edu_a_control_v4,1,edu_02__control__am3,gender_disguised
allocate,gcompv__edu_a_control_v4,2,edu_01__control__af1,gender_disguised
allocate,gcompv__edu_a_self_cause_v1,1,edu_04__self_cause__af1,gender_disguised
allocate,gcompv__edu_a_self_cause_v1,2,edu_02__self_cause__am3,gender_disguised
allocate,gcompv__edu_a_self_cause_v2,1,edu_04__self_cause__am2,gender_disguised
allocate,gcompv__edu_a_self_cause_v2,2,edu_02__self_cause__af5,gender_disguised
allocate,gcompv__edu_a_self_cause_v3,1,edu_02__self_cause__af2,gender_disguised
allocate,gcompv__edu_a_self_cause_v3,2,edu_04__self_cause__am1,gender_disguised
allocate,gcompv__edu_a_self_cause_v4,1,edu_02__self_cause__am5,gender_disguised
allocate,gcompv__edu_a_self_cause_v4,2,edu_04__self_cause__af4,gender_disguised
allocate,gcompv__edu_a_stigma_no_redemption_v1,1,edu_04__stigma_no_redemption__af3,gender_disguised
allocate,gcompv__edu_a_stigma_no_redemption_v1,2,edu_05__stigma_no_redemption__am4,gender_disguised
allocate,gcompv__edu_a_stigma_no_redemption_v2,1,edu_04__stigma_no_redemption__am3,gender_disguised
allocate,gcompv__edu_a_stigma_no_redemption_v2,2,edu_05__stigma_no_redemption__af1,gender_disguised
allocate,gcompv__edu_a_stigma_no_redemption_v3,1,edu_05__stigma_no_redemption__af5,gender_disguised
allocate,gcompv__edu_a_stigma_no_redemption_v3,2,edu_04__stigma_no_redemption__am2,gender_disguised
allocate,gcompv__edu_a_stigma_no_redemption_v4,1,edu_05__stigma_no_redemption__am1,gender_disguised
allocate,gcompv__edu_a_stigma_no_redemption_v4,2,edu_04__stigma_no_redemption__af2,gender_disguised
allocate,gcompv__edu_a_stigma_redemption_v1,1,edu_02__stigma_redemption__af4,gender_disguised
allocate,gcompv__edu_a_stigma_redemption_v1,2,edu_05__stigma_redemption__am5,gender_disguised
allocate,gcompv__edu_a_stigma_redemption_v2,1,edu_02__stigma_redemption__am4,gender_disguised
allocate,gcompv__edu_a_stigma_redemption_v2,2,edu_05__stigma_redemption__af3,gender_disguised
allocate,gcompv__edu_a_stigma_redemption_v3,1,edu_05__stigma_redemption__af1,gender_disguised
allocate,gcompv__edu_a_stigma_redemption_v3,2,edu_02__stigma_redemption__am3,gender_disguised
allocate,gcompv__edu_a_stigma_redemption_v4,1,edu_05__stigma_redemption__am2,gender_disguised
allocate,gcompv__edu_a_stigma_redemption_v4,2,edu_02__stigma_redemption__af5,gender_disguised
allocate,gcompv__edu_a_structural_v1,1,edu_01__structural__af5,gender_disguised
allocate,gcompv__edu_a_structural_v1,2,edu_05__structural__am2,gender_disguised
allocate,gcompv__edu_a_structural_v2,1,edu_01__structural__am1,gender_disguised
allocate,gcompv__edu_a_structural_v2,2,edu_05__structural__af2,gender_disguised
allocate,gcompv__edu_a_structural_v3,1,edu_05__structural__af4,gender_disguised
allocate,gcompv__edu_a_structural_v3,2,edu_01__structural__am5,gender_disguised
allocate,gcompv__edu_a_structural_v4,1,edu_05__structural__am4,gender_disguised
allocate,gcompv__edu_a_structural_v4,2,edu_01__structural__af3,gender_disguised
allocate,gcompv__edu_b_control_v1,1,edu_01__control__bf5,gender_disguised
allocate,gcompv__edu_b_control_v1,2,edu_02__control__bm4,gender_disguised
allocate,gcompv__edu_b_control_v2,1,edu_01__control__bm2,gender_disguised
allocate,gcompv__edu_b_control_v2,2,edu_02__control__bf3,gender_disguised
allocate,gcompv__edu_b_control_v3,1,edu_02__control__bf4,gender_disguised
allocate,gcompv__edu_b_control_v3,2,edu_01__control__bm5,gender_disguised
allocate,gcompv__edu_b_control_v4,1,edu_02__control__bm3,gender_disguised
allocate,gcompv__edu_b_control_v4,2,edu_01__control__bf2,gender_disguised
allocate,gcompv__edu_b_self_cause_v1,1,edu_04__self_cause__bf2,gender_disguised
allocate,gcompv__edu_b_self_cause_v1,2,edu_02__self_cause__bm3,gender_disguised
allocate,gcompv__edu_b_self_cause_v2,1,edu_04__self_cause__bm1,gender_disguised
allocate,gcompv__edu_b_self_cause_v2,2,edu_02__self_cause__bf1,gender_disguised
allocate,gcompv__edu_b_self_cause_v3,1,edu_02__self_cause__bf5,gender_disguised
allocate,gcompv__edu_b_self_cause_v3,2,edu_04__self_cause__bm4,gender_disguised
allocate,gcompv__edu_b_self_cause_v4,1,edu_02__self_cause__bm2,gender_disguised
allocate,gcompv__edu_b_self_cause_v4,2,edu_04__self_cause__bf3,gender_disguised
allocate,gcompv__edu_b_stigma_no_redemption_v1,1,edu_04__stigma_no_redemption__bf4,gender_disguised
allocate,gcompv__edu_b_stigma_no_redemption_v1,2,edu_05__stigma_no_redemption__bm5,gender_disguised
allocate,gcompv__edu_b_stigma_no_redemption_v2,1,edu_04__stigma_no_redemption__bm3,gender_disguised
allocate,gcompv__edu_b_stigma_no_redemption_v2,2,edu_05__stigma_no_redemption__bf2,gender_disguised
allocate,gcompv__edu_b_stigma_no_redemption_v3,1,edu_05__stigma_no_redemption__bf1,gender_disguised
allocate,gcompv__edu_b_stigma_no_redemption_v3,2,edu_04__stigma_no_redemption__bm1,gender_disguised
allocate,gcompv__edu_b_stigma_no_redemption_v4,1,edu_05__stigma_no_redemption__bm4,gender_disguised
allocate,gcompv__edu_b_stigma_no_redemption_v4,2,edu_04__stigma_no_redemption__bf5,gender_disguised
allocate,gcompv__edu_b_stigma_redemption_v1,1,edu_02__stigma_redemption__bf3,gender_disguised
allocate,gcompv__edu_b_stigma_redemption_v1,2,edu_05__stigma_redemption__bm2,gender_disguised
allocate,gcompv__edu_b_stigma_redemption_v2,1,edu_02__stigma_redemption__bm5,gender_disguised
allocate,gcompv__edu_b_stigma_redemption_v2,2,edu_05__stigma_redemption__bf4,gender_disguised
allocate,gcompv__edu_b_stigma_redemption_v3,1,edu_05__stigma_redemption__bf2,gender_disguised
allocate,gcompv__edu_b_stigma_redemption_v3,2,edu_02__stigma_redemption__bm3,gender_disguised
allocate,gcompv__edu_b_stigma_redemption_v4,1,edu_05__stigma_redemption__bm1,gender_disguised
allocate,gcompv__edu_b_stigma_redemption_v4,2,edu_02__stigma_redemption__bf1,gender_disguised
allocate,gcompv__edu_b_structural_v1,1,edu_01__structural__bf1,gender_disguised
allocate,gcompv__edu_b_structural_v1,2,edu_05__structural__bm1,gender_disguised
allocate,gcompv__edu_b_structural_v2,1,edu_01__structural__bm4,gender_disguised
allocate,gcompv__edu_b_structural_v2,2,edu_05__structural__bf5,gender_disguised
allocate,gcompv__edu_b_structural_v3,1,edu_05__structural__bf3,gender_disguised
allocate,gcompv__edu_b_structural_v3,2,edu_01__structural__bm2,gender_disguised
allocate,gcompv__edu_b_structural_v4,1,edu_05__structural__bm5,gender_disguised
allocate,gcompv__edu_b_structural_v4,2,edu_01__structural__bf4,gender_disguised
allocate,gcompv__edu_h_control_v1,1,edu_03__control__hf4,gender_disguised
allocate,gcompv__edu_h_control_v1,2,edu_01__control__hm4,gender_disguised
allocate,gcompv__edu_h_control_v2,1,edu_03__control__hm5,gender_disguised
allocate,gcompv__edu_h_control_v2,2,edu_01__control__hf3,gender_disguised
allocate,gcompv__edu_h_control_v3,1,edu_01__control__hf2,gender_disguised
allocate,gcompv__edu_h_control_v3,2,edu_03__control__hm1,gender_disguised
allocate,gcompv__edu_h_control_v4,1,edu_01__control__hm3,gender_disguised
allocate,gcompv__edu_h_control_v4,2,edu_03__control__hf1,gender_disguised
allocate,gcompv__edu_h_self_cause_v1,1,edu_03__self_cause__hf1,gender_disguised
allocate,gcompv__edu_h_self_cause_v1,2,edu_02__self_cause__hm3,gender_disguised
allocate,gcompv__edu_h_self_cause_v2,1,edu_03__self_cause__hm2,gender_disguised
allocate,gcompv__edu_h_self_cause_v2,2,edu_02__self_cause__hf5,gender_disguised
allocate,gcompv__edu_h_self_cause_v3,1,edu_02__self_cause__hf4,gender_disguised
allocate,gcompv__edu_h_self_cause_v3,2,edu_03__self_cause__hm4,gender_disguised
allocate,gcompv__edu_h_self_cause_v4,1,edu_02__self_cause__hm5,gender_disguised
allocate,gcompv__edu_h_self_cause_v4,2,edu_03__self_cause__hf3,gender_disguised
allocate,gcompv__edu_h_stigma_no_redemption_v1,1,edu_03__stigma_no_redemption__hf2,gender_disguised
allocate,gcompv__edu_h_stigma_no_redemption_v1,2,edu_05__stigma_no_redemption__hm1,gender_disguised
allocate,gcompv__edu_h_stigma_no_redemption_v2,1,edu_03__stigma_no_redemption__hm3,gender_disguised
allocate,gcompv__edu_h_stigma_no_redemption_v2,2,edu_05__stigma_no_redemption__hf1,gender_disguised
allocate,gcompv__edu_h_stigma_no_redemption_v3,1,edu_05__stigma_no_redemption__hf5,gender_disguised
allocate,gcompv__edu_h_stigma_no_redemption_v3,2,edu_03__stigma_no_redemption__hm2,gender_disguised
allocate,gcompv__edu_h_stigma_no_redemption_v4,1,edu_05__stigma_no_redemption__hm4,gender_disguised
allocate,gcompv__edu_h_stigma_no_redemption_v4,2,edu_03__stigma_no_redemption__hf4,gender_disguised
allocate,gcompv__edu_h_stigma_redemption_v1,1,edu_01__stigma_redemption__hf3,gender_disguised
allocate,gcompv__edu_h_stigma_redemption_v1,2,edu_04__stigma_redemption__hm5,gender_disguised
allocate,gcompv__edu_h_stigma_redemption_v2,1,edu_01__stigma_redemption__hm1,gender_disguised
allocate,gcompv__edu_h_stigma_redemption_v2,2,edu_04__stigma_redemption__hf2,gender_disguised
allocate,gcompv__edu_h_stigma_redemption_v3,1,edu_04__stigma_redemption__hf1,gender_disguised
allocate,gcompv__edu_h_stigma_redemption_v3,2,edu_01__stigma_redemption__hm3,gender_disguised
allocate,gcompv__edu_h_stigma_redemption_v4,1,edu_04__stigma_redemption__hm2,gender_disguised
allocate,gcompv__edu_h_stigma_redemption_v4,2,edu_01__stigma_redemption__hf5,gender_disguised
allocate,gcompv__edu_h_structural_v1,1,edu_03__structural__hf5,gender_disguised
allocate,gcompv__edu_h_structural_v1,2,edu_04__structural__hm2,gender_disguised
allocate,gcompv__edu_h_structural_v2,1,edu_03__structural__hm4,gender_disguised
allocate,gcompv__edu_h_structural_v2,2,edu_04__structural__hf4,gender_disguised
allocate,gcompv__edu_h_structural_v3,1,edu_04__structural__hf3,gender_disguised
allocate,gcompv__edu_h_structural_v3,2,edu_03__structural__hm5,gender_disguised
allocate,gcompv__edu_h_structural_v4,1,edu_04__structural__hm1,gender_disguised
allocate,gcompv__edu_h_structural_v4,2,edu_03__structural__hf2,gender_disguised
allocate,gcompv__edu_w_control_v1,1,edu_03__control__wf1,gender_disguised
allocate,gcompv__edu_w_control_v1,2,edu_01__control__wm1,gender_disguised
allocate,gcompv__edu_w_control_v2,1,edu_03__control__wm2,gender_disguised
allocate,gcompv__edu_w_control_v2,2,edu_01__control__wf2,gender_disguised
allocate,gcompv__edu_w_control_v3,1,edu_01__control__wf5,gender_disguised
allocate,gcompv__edu_w_control_v3,2,edu_03__control__wm5,gender_disguised
allocate,gcompv__edu_w_control_v4,1,edu_01__control__wm4,gender_disguised
allocate,gcompv__edu_w_control_v4,2,edu_03__control__wf3,gender_disguised
allocate,gcompv__edu_w_self_cause_v1,1,edu_03__self_cause__wf3,gender_disguised
allocate,gcompv__edu_w_self_cause_v1,2,edu_02__self_cause__wm4,gender_disguised
allocate,gcompv__edu_w_self_cause_v2,1,edu_03__self_cause__wm3,gender_disguised
allocate,gcompv__edu_w_self_cause_v2,2,edu_02__self_cause__wf4,gender_disguised
allocate,gcompv__edu_w_self_cause_v3,1,edu_02__self_cause__wf1,gender_disguised
allocate,gcompv__edu_w_self_cause_v3,2,edu_03__self_cause__wm1,gender_disguised
allocate,gcompv__edu_w_self_cause_v4,1,edu_02__self_cause__wm2,gender_disguised
allocate,gcompv__edu_w_self_cause_v4,2,edu_03__self_cause__wf2,gender_disguised
allocate,gcompv__edu_w_stigma_no_redemption_v1,1,edu_03__stigma_no_redemption__wf5,gender_disguised
allocate,gcompv__edu_w_stigma_no_redemption_v1,2,edu_05__stigma_no_redemption__wm5,gender_disguised
allocate,gcompv__edu_w_stigma_no_redemption_v2,1,edu_03__stigma_no_redemption__wm4,gender_disguised
allocate,gcompv__edu_w_stigma_no_redemption_v2,2,edu_05__stigma_no_redemption__wf3,gender_disguised
allocate,gcompv__edu_w_stigma_no_redemption_v3,1,edu_05__stigma_no_redemption__wf4,gender_disguised
allocate,gcompv__edu_w_stigma_no_redemption_v3,2,edu_03__stigma_no_redemption__wm3,gender_disguised
allocate,gcompv__edu_w_stigma_no_redemption_v4,1,edu_05__stigma_no_redemption__wm1,gender_disguised
allocate,gcompv__edu_w_stigma_no_redemption_v4,2,edu_03__stigma_no_redemption__wf1,gender_disguised
allocate,gcompv__edu_w_stigma_redemption_v1,1,edu_01__stigma_redemption__wf2,gender_disguised
allocate,gcompv__edu_w_stigma_redemption_v1,2,edu_04__stigma_redemption__wm2,gender_disguised
allocate,gcompv__edu_w_stigma_redemption_v2,1,edu_01__stigma_redemption__wm5,gender_disguised
allocate,gcompv__edu_w_stigma_redemption_v2,2,edu_04__stigma_redemption__wf5,gender_disguised
allocate,gcompv__edu_w_stigma_redemption_v3,1,edu_04__stigma_redemption__wf3,gender_disguised
allocate,gcompv__edu_w_stigma_redemption_v3,2,edu_01__stigma_redemption__wm4,gender_disguised
allocate,gcompv__edu_w_stigma_redemption_v4,1,edu_04__stigma_redemption__wm3,gender_disguised
allocate,gcompv__edu_w_stigma_redemption_v4,2,edu_01__stigma_redemption__wf4,gender_disguised
allocate,gcompv__edu_w_structural_v1,1,edu_03__structural__wf4,gender_disguised
allocate,gcompv__edu_w_structural_v1,2,edu_04__structural__wm3,gender_disguised
allocate,gcompv__edu_w_structural_v2,1,edu_03__structural__wm1,gender_disguised
allocate,gcompv__edu_w_structural_v2,2,edu_04__structural__wf1,gender_disguised
allocate,gcompv__edu_w_structural_v3,1,edu_04__structural__wf2,gender_disguised
allocate,gcompv__edu_w_structural_v3,2,edu_03__structural__wm2,gender_disguised
allocate,gcompv__edu_w_structural_v4,1,edu_04__structural__wm5,gender_disguised
allocate,gcompv__edu_w_structural_v4,2,edu_03__structural__wf5,gender_disguised
allocate,gcompv__med_a_control_v1,1,med_05__control__af2,gender_disguised
allocate,gcompv__med_a_control_v1,2,med_01__control__am1,gender_disguised
allocate,gcompv__med_a_control_v2,1,med_05__control__am5,gender_disguised
allocate,gcompv__med_a_control_v2,2,med_01__control__af4,gender_disguised
allocate,gcompv__med_a_control_v3,1,med_01__control__af3,gender_disguised
allocate,gcompv__med_a_control_v3,2,med_05__control__am4,gender_disguised
allocate,gcompv__med_a_control_v4,1,med_01__control__am3,gender_disguised
allocate,gcompv__med_a_control_v4,2,med_05__control__af1,gender_disguised
allocate,gcompv__med_a_self_cause_v1,1,med_03__self_cause__af1,gender_disguised
allocate,gcompv__med_a_self_cause_v1,2,med_01__self_cause__am3,gender_disguised
allocate,gcompv__med_a_self_cause_v2,1,med_03__self_cause__am2,gender_disguised
allocate,gcompv__med_a_self_cause_v2,2,med_01__self_cause__af5,gender_disguised
allocate,gcompv__med_a_self_cause_v3,1,med_01__self_cause__af2,gender_disguised
allocate,gcompv__med_a_self_cause_v3,2,med_03__self_cause__am1,gender_disguised
allocate,gcompv__med_a_self_cause_v4,1,med_01__self_cause__am5,gender_disguised
allocate,gcompv__med_a_self_cause_v4,2,med_03__self_cause__af4,gender_disguised
allocate,gcompv__med_a_stigma_no_redemption_v1,1,med_03__stigma_no_redemption__af3,gender_disguised
allocate,gcompv__med_a_stigma_no_redemption_v1,2,med_02__stigma_no_redemption__am4,gender_disguised
allocate,gcompv__med_a_stigma_no_redemption_v2,1,med_03__stigma_no_redemption__am3,gender_disguised
allocate,gcompv__med_a_stigma_no_redemption_v2,2,med_02__stigma_no_redemption__af1,gender_disguised
allocate,gcompv__med_a_stigma_no_redemption_v3,1,med_02__stigma_no_redemption__af5,gender_disguised
allocate,gcompv__med_a_stigma_no_redemption_v3,2,med_03__stigma_no_redemption__am2,gender_disguised
allocate,gcompv__med_a_stigma_no_redemption_v4,1,med_02__stigma_no_redemption__am1,gender_disguised
allocate,gcompv__med_a_stigma_no_redemption_v4,2,med_03__stigma_no_redemption__af2,gender_disguised
allocate,gcompv__med_a_stigma_redemption_v1,1,med_01__stigma_redemption__af4,gender_disguised
allocate,gcompv__med_a_stigma_redemption_v1,2,med_02__stigma_redemption__am5,gender_disguised
allocate,gcompv__med_a_stigma_redemption_v2,1,med_01__stigma_redemption__am4,gender_disguised
allocate,gcompv__med_a_stigma_redemption_v2,2,med_02__stigma_redemption__af3,gender_disguised
allocate,gcompv__med_a_stigma_redemption_v3,1,med_02__stigma_redemption__af1,gender_disguised
allocate,gcompv__med_a_stigma_redemption_v3,2,med_01__stigma_redemption__am3,gender_disguised
allocate,gcompv__med_a_stigma_redemption_v4,1,med_02__stigma_redemption__am2,gender_disguised
allocate,gcompv__med_a_stigma_redemption_v4,2,med_01__stigma_redemption__af5,gender_disguised
allocate,gcompv__med_a_structural_v1,1,med_05__structural__af5,gender_disguised
allocate,gcompv__med_a_structural_v1,2,med_02__structural__am2,gender_disguised
allocate,gcompv__med_a_structural_v2,1,med_05__structural__am1,gender_disguised
allocate,gcompv__med_a_structural_v2,2,med_02__structural__af2,gender_disguised
allocate,gcompv__med_a_structural_v3,1,med_02__structural__af4,gender_disguised
allocate,gcompv__med_a_structural_v3,2,med_05__structural__am5,gender_disguised
allocate,gcompv__med_a_structural_v4,1,med_02__structural__am4,gender_disguised
allocate,gcompv__med_a_structural_v4,2,med_05__structural__af3,gender_disguised
allocate,gcompv__med_b_control_v1,1,med_05__control__bf5,gender_disguised
allocate,gcompv__med_b_control_v1,2,med_01__control__bm4,gender_disguised
allocate,gcompv__med_b_control_v2,1,med_05__control__bm2,gender_disguised
allocate,gcompv__med_b_control_v2,2,med_01__control__bf3,gender_disguised
allocate,gcompv__med_b_control_v3,1,med_01__control__bf4,gender_disguised
allocate,gcompv__med_b_control_v3,2,med_05__control__bm5,gender_disguised
allocate,gcompv__med_b_control_v4,1,med_01__control__bm3,gender_disguised
allocate,gcompv__med_b_control_v4,2,med_05__control__bf2,gender_disguised
allocate,gcompv__med_b_self_cause_v1,1,med_03__self_cause__bf2,gender_disguised
allocate,gcompv__med_b_self_cause_v1,2,med_01__self_cause__bm3,gender_disguised
allocate,gcompv__med_b_self_cause_v2,1,med_03__self_cause__bm1,gender_disguised
allocate,gcompv__med_b_self_cause_v2,2,med_01__self_cause__bf1,gender_disguised
allocate,gcompv__med_b_self_cause_v3,1,med_01__self_cause__bf5,gender_disguised
allocate,gcompv__med_b_self_cause_v3,2,med_03__self_cause__bm4,gender_disguised
allocate,gcompv__med_b_self_cause_v4,1,med_01__self_cause__bm2,gender_disguised
allocate,gcompv__med_b_self_cause_v4,2,med_03__self_cause__bf3,gender_disguised
allocate,gcompv__med_b_stigma_no_redemption_v1,1,med_03__stigma_no_redemption__bf4,gender_disguised
allocate,gcompv__med_b_stigma_no_redemption_v1,2,med_02__stigma_no_redemption__bm5,gender_disguised
allocate,gcompv__med_b_stigma_no_redemption_v2,1,med_03__stigma_no_redemption__bm3,gender_disguised
allocate,gcompv__med_b_stigma_no_redemption_v2,2,med_02__stigma_no_redemption__bf2,gender_disguised
allocate,gcompv__med_b_stigma_no_redemption_v3,1,med_02__stigma_no_redemption__bf1,gender_disguised
allocate,gcompv__med_b_stigma_no_redemption_v3,2,med_03__stigma_no_redemption__bm1,gender_disguised
allocate,gcompv__med_b_stigma_no_redemption_v4,1,med_02__stigma_no_redemption__bm4,gender_disguised
allocate,gcompv__med_b_stigma_no_redemption_v4,2,med_03__stigma_no_redemption__bf5,gender_disguised
allocate,gcompv__med_b_stigma_redemption_v1,1,med_01__stigma_redemption__bf3,gender_disguised
allocate,gcompv__med_b_stigma_redemption_v1,2,med_02__stigma_redemption__bm2,gender_disguised
allocate,gcompv__med_b_stigma_redemption_v2,1,med_01__stigma_redemption__bm5,gender_disguised
allocate,gcompv__med_b_stigma_redemption_v2,2,med_02__stigma_redemption__bf4,gender_disguised
allocate,gcompv__med_b_stigma_redemption_v3,1,med_02__stigma_redemption__bf2,gender_disguised
allocate,gcompv__med_b_stigma_redemption_v3,2,med_01__stigma_redemption__bm3,gender_disguised
allocate,gcompv__med_b_stigma_redemption_v4,1,med_02__stigma_redemption__bm1,gender_disguised
allocate,gcompv__med_b_stigma_redemption_v4,2,med_01__stigma_redemption__bf1,gender_disguised
allocate,gcompv__med_b_structural_v1,1,med_05__structural__bf1,gender_disguised
allocate,gcompv__med_b_structural_v1,2,med_02__structural__bm1,gender_disguised
allocate,gcompv__med_b_structural_v2,1,med_05__structural__bm4,gender_disguised
allocate,gcompv__med_b_structural_v2,2,med_02__structural__bf5,gender_disguised
allocate,gcompv__med_b_structural_v3,1,med_02__structural__bf3,gender_disguised
allocate,gcompv__med_b_structural_v3,2,med_05__structural__bm2,gender_disguised
allocate,gcompv__med_b_structural_v4,1,med_02__structural__bm5,gender_disguised
allocate,gcompv__med_b_structural_v4,2,med_05__structural__bf4,gender_disguised
allocate,gcompv__med_h_control_v1,1,med_04__control__hf4,gender_disguised
allocate,gcompv__med_h_control_v1,2,med_05__control__hm4,gender_disguised
allocate,gcompv__med_h_control_v2,1,med_04__control__hm5,gender_disguised
allocate,gcompv__med_h_control_v2,2,med_05__control__hf3,gender_disguised
allocate,gcompv__med_h_control_v3,1,med_05__control__hf2,gender_disguised
allocate,gcompv__med_h_control_v3,2,med_04__control__hm1,gender_disguised
allocate,gcompv__med_h_control_v4,1,med_05__control__hm3,gender_disguised
allocate,gcompv__med_h_control_v4,2,med_04__control__hf1,gender_disguised
allocate,gcompv__med_h_self_cause_v1,1,med_04__self_cause__hf1,gender_disguised
allocate,gcompv__med_h_self_cause_v1,2,med_01__self_cause__hm3,gender_disguised
allocate,gcompv__med_h_self_cause_v2,1,med_04__self_cause__hm2,gender_disguised
allocate,gcompv__med_h_self_cause_v2,2,med_01__self_cause__hf5,gender_disguised
allocate,gcompv__med_h_self_cause_v3,1,med_01__self_cause__hf4,gender_disguised
allocate,gcompv__med_h_self_cause_v3,2,med_04__self_cause__hm4,gender_disguised
allocate,gcompv__med_h_self_cause_v4,1,med_01__self_cause__hm5,gender_disguised
allocate,gcompv__med_h_self_cause_v4,2,med_04__self_cause__hf3,gender_disguised
allocate,gcompv__med_h_stigma_no_redemption_v1,1,med_04__stigma_no_redemption__hf2,gender_disguised
allocate,gcompv__med_h_stigma_no_redemption_v1,2,med_02__stigma_no_redemption__hm1,gender_disguised
allocate,gcompv__med_h_stigma_no_redemption_v2,1,med_04__stigma_no_redemption__hm3,gender_disguised
allocate,gcompv__med_h_stigma_no_redemption_v2,2,med_02__stigma_no_redemption__hf1,gender_disguised
allocate,gcompv__med_h_stigma_no_redemption_v3,1,med_02__stigma_no_redemption__hf5,gender_disguised
allocate,gcompv__med_h_stigma_no_redemption_v3,2,med_04__stigma_no_redemption__hm2,gender_disguised
allocate,gcompv__med_h_stigma_no_redemption_v4,1,med_02__stigma_no_redemption__hm4,gender_disguised
allocate,gcompv__med_h_stigma_no_redemption_v4,2,med_04__stigma_no_redemption__hf4,gender_disguised
allocate,gcompv__med_h_stigma_redemption_v1,1,med_05__stigma_redemption__hf3,gender_disguised
allocate,gcompv__med_h_stigma_redemption_v1,2,med_03__stigma_redemption__hm5,gender_disguised
allocate,gcompv__med_h_stigma_redemption_v2,1,med_05__stigma_redemption__hm1,gender_disguised
allocate,gcompv__med_h_stigma_redemption_v2,2,med_03__stigma_redemption__hf2,gender_disguised
allocate,gcompv__med_h_stigma_redemption_v3,1,med_03__stigma_redemption__hf1,gender_disguised
allocate,gcompv__med_h_stigma_redemption_v3,2,med_05__stigma_redemption__hm3,gender_disguised
allocate,gcompv__med_h_stigma_redemption_v4,1,med_03__stigma_redemption__hm2,gender_disguised
allocate,gcompv__med_h_stigma_redemption_v4,2,med_05__stigma_redemption__hf5,gender_disguised
allocate,gcompv__med_h_structural_v1,1,med_04__structural__hf5,gender_disguised
allocate,gcompv__med_h_structural_v1,2,med_03__structural__hm2,gender_disguised
allocate,gcompv__med_h_structural_v2,1,med_04__structural__hm4,gender_disguised
allocate,gcompv__med_h_structural_v2,2,med_03__structural__hf4,gender_disguised
allocate,gcompv__med_h_structural_v3,1,med_03__structural__hf3,gender_disguised
allocate,gcompv__med_h_structural_v3,2,med_04__structural__hm5,gender_disguised
allocate,gcompv__med_h_structural_v4,1,med_03__structural__hm1,gender_disguised
allocate,gcompv__med_h_structural_v4,2,med_04__structural__hf2,gender_disguised
allocate,gcompv__med_w_control_v1,1,med_04__control__wf1,gender_disguised
allocate,gcompv__med_w_control_v1,2,med_05__control__wm1,gender_disguised
allocate,gcompv__med_w_control_v2,1,med_04__control__wm2,gender_disguised
allocate,gcompv__med_w_control_v2,2,med_05__control__wf2,gender_disguised
allocate,gcompv__med_w_control_v3,1,med_05__control__wf5,gender_disguised
allocate,gcompv__med_w_control_v3,2,med_04__control__wm5,gender_disguised
allocate,gcompv__med_w_control_v4,1,med_05__control__wm4,gender_disguised
allocate,gcompv__med_w_control_v4,2,med_04__control__wf3,gender_disguised
allocate,gcompv__med_w_self_cause_v1,1,med_04__self_cause__wf3,gender_disguised
allocate,gcompv__med_w_self_cause_v1,2,med_01__self_cause__wm4,gender_disguised
allocate,gcompv__med_w_self_cause_v2,1,med_04__self_cause__wm3,gender_disguised
allocate,gcompv__med_w_self_cause_v2,2,med_01__self_cause__wf4,gender_disguised
allocate,gcompv__med_w_self_cause_v3,1,med_01__self_cause__wf1,gender_disguised
allocate,gcompv__med_w_self_cause_v3,2,med_04__self_cause__wm1,gender_disguised
allocate,gcompv__med_w_self_cause_v4,1,med_01__self_cause__wm2,gender_disguised
allocate,gcompv__med_w_self_cause_v4,2,med_04__self_cause__wf2,gender_disguised
allocate,gcompv__med_w_stigma_no_redemption_v1,1,med_04__stigma_no_redemption__wf5,gender_disguised
allocate,gcompv__med_w_stigma_no_redemption_v1,2,med_02__stigma_no_redemption__wm5,gender_disguised
allocate,gcompv__med_w_stigma_no_redemption_v2,1,med_04__stigma_no_redemption__wm4,gender_disguised
allocate,gcompv__med_w_stigma_no_redemption_v2,2,med_02__stigma_no_redemption__wf3,gender_disguised
allocate,gcompv__med_w_stigma_no_redemption_v3,1,med_02__stigma_no_redemption__wf4,gender_disguised
allocate,gcompv__med_w_stigma_no_redemption_v3,2,med_04__stigma_no_redemption__wm3,gender_disguised
allocate,gcompv__med_w_stigma_no_redemption_v4,1,med_02__stigma_no_redemption__wm1,gender_disguised
allocate,gcompv__med_w_stigma_no_redemption_v4,2,med_04__stigma_no_redemption__wf1,gender_disguised
allocate,gcompv__med_w_stigma_redemption_v1,1,med_05__stigma_redemption__wf2,gender_disguised
allocate,gcompv__med_w_stigma_redemption_v1,2,med_03__stigma_redemption__wm2,gender_disguised
allocate,gcompv__med_w_stigma_redemption_v2,1,med_05__stigma_redemption__wm5,gender_disguised
allocate,gcompv__med_w_stigma_redemption_v2,2,med_03__stigma_redemption__wf5,gender_disguised
allocate,gcompv__med_w_stigma_redemption_v3,1,med_03__stigma_redemption__wf3,gender_disguised
allocate,gcompv__med_w_stigma_redemption_v3,2,med_05__stigma_redemption__wm4,gender_disguised
allocate,gcompv__med_w_stigma_redemption_v4,1,med_03__stigma_redemption__wm3,gender_disguised
allocate,gcompv__med_w_stigma_redemption_v4,2,med_05__stigma_redemption__wf4,gender_disguised
allocate,gcompv__med_w_structural_v1,1,med_04__structural__wf4,gender_disguised
allocate,gcompv__med_w_structural_v1,2,med_03__structural__wm3,gender_disguised
allocate,gcompv__med_w_structural_v2,1,med_04__structural__wm1,gender_disguised
allocate,gcompv__med_w_structural_v2,2,med_03__structural__wf1,gender_disguised
allocate,gcompv__med_w_structural_v3,1,med_03__structural__wf2,gender_disguised
allocate,gcompv__med_w_structural_v3,2,med_04__structural__wm2,gender_disguised
allocate,gcompv__med_w_structural_v4,1,med_03__structural__wm5,gender_disguised
allocate,gcompv__med_w_structural_v4,2,med_04__structural__wf5,gender_disguised
allocate,gcompv__rnt_a_control_v1,1,rent_05__control__af2,gender_disguised
allocate,gcompv__rnt_a_control_v1,2,rent_02__control__am1,gender_disguised
allocate,gcompv__rnt_a_control_v2,1,rent_05__control__am5,gender_disguised
allocate,gcompv__rnt_a_control_v2,2,rent_02__control__af4,gender_disguised
allocate,gcompv__rnt_a_control_v3,1,rent_02__control__af3,gender_disguised
allocate,gcompv__rnt_a_control_v3,2,rent_05__control__am4,gender_disguised
allocate,gcompv__rnt_a_control_v4,1,rent_02__control__am3,gender_disguised
allocate,gcompv__rnt_a_control_v4,2,rent_05__control__af1,gender_disguised
allocate,gcompv__rnt_a_self_cause_v1,1,rent_01__self_cause__af1,gender_disguised
allocate,gcompv__rnt_a_self_cause_v1,2,rent_02__self_cause__am3,gender_disguised
allocate,gcompv__rnt_a_self_cause_v2,1,rent_01__self_cause__am2,gender_disguised
allocate,gcompv__rnt_a_self_cause_v2,2,rent_02__self_cause__af5,gender_disguised
allocate,gcompv__rnt_a_self_cause_v3,1,rent_02__self_cause__af2,gender_disguised
allocate,gcompv__rnt_a_self_cause_v3,2,rent_01__self_cause__am1,gender_disguised
allocate,gcompv__rnt_a_self_cause_v4,1,rent_02__self_cause__am5,gender_disguised
allocate,gcompv__rnt_a_self_cause_v4,2,rent_01__self_cause__af4,gender_disguised
allocate,gcompv__rnt_a_stigma_no_redemption_v1,1,rent_01__stigma_no_redemption__af3,gender_disguised
allocate,gcompv__rnt_a_stigma_no_redemption_v1,2,rent_03__stigma_no_redemption__am4,gender_disguised
allocate,gcompv__rnt_a_stigma_no_redemption_v2,1,rent_01__stigma_no_redemption__am3,gender_disguised
allocate,gcompv__rnt_a_stigma_no_redemption_v2,2,rent_03__stigma_no_redemption__af1,gender_disguised
allocate,gcompv__rnt_a_stigma_no_redemption_v3,1,rent_03__stigma_no_redemption__af5,gender_disguised
allocate,gcompv__rnt_a_stigma_no_redemption_v3,2,rent_01__stigma_no_redemption__am2,gender_disguised
allocate,gcompv__rnt_a_stigma_no_redemption_v4,1,rent_03__stigma_no_redemption__am1,gender_disguised
allocate,gcompv__rnt_a_stigma_no_redemption_v4,2,rent_01__stigma_no_redemption__af2,gender_disguised
allocate,gcompv__rnt_a_stigma_redemption_v1,1,rent_02__stigma_redemption__af4,gender_disguised
allocate,gcompv__rnt_a_stigma_redemption_v1,2,rent_03__stigma_redemption__am5,gender_disguised
allocate,gcompv__rnt_a_stigma_redemption_v2,1,rent_02__stigma_redemption__am4,gender_disguised
allocate,gcompv__rnt_a_stigma_redemption_v2,2,rent_03__stigma_redemption__af3,gender_disguised
allocate,gcompv__rnt_a_stigma_redemption_v3,1,rent_03__stigma_redemption__af1,gender_disguised
allocate,gcompv__rnt_a_stigma_redemption_v3,2,rent_02__stigma_redemption__am3,gender_disguised
allocate,gcompv__rnt_a_stigma_redemption_v4,1,rent_03__stigma_redemption__am2,gender_disguised
allocate,gcompv__rnt_a_stigma_redemption_v4,2,rent_02__stigma_redemption__af5,gender_disguised
allocate,gcompv__rnt_a_structural_v1,1,rent_05__structural__af5,gender_disguised
allocate,gcompv__rnt_a_structural_v1,2,rent_03__structural__am2,gender_disguised
allocate,gcompv__rnt_a_structural_v2,1,rent_05__structural__am1,gender_disguised
allocate,gcompv__rnt_a_structural_v2,2,rent_03__structural__af2,gender_disguised
allocate,gcompv__rnt_a_structural_v3,1,rent_03__structural__af4,gender_disguised
allocate,gcompv__rnt_a_structural_v3,2,rent_05__structural__am5,gender_disguised
allocate,gcompv__rnt_a_structural_v4,1,rent_03__structural__am4,gender_disguised
allocate,gcompv__rnt_a_structural_v4,2,rent_05__structural__af3,gender_disguised
allocate,gcompv__rnt_b_control_v1,1,rent_05__control__bf5,gender_disguised
allocate,gcompv__rnt_b_control_v1,2,rent_02__control__bm4,gender_disguised
allocate,gcompv__rnt_b_control_v2,1,rent_05__control__bm2,gender_disguised
allocate,gcompv__rnt_b_control_v2,2,rent_02__control__bf3,gender_disguised
allocate,gcompv__rnt_b_control_v3,1,rent_02__control__bf4,gender_disguised
allocate,gcompv__rnt_b_control_v3,2,rent_05__control__bm5,gender_disguised
allocate,gcompv__rnt_b_control_v4,1,rent_02__control__bm3,gender_disguised
allocate,gcompv__rnt_b_control_v4,2,rent_05__control__bf2,gender_disguised
allocate,gcompv__rnt_b_self_cause_v1,1,rent_01__self_cause__bf2,gender_disguised
allocate,gcompv__rnt_b_self_cause_v1,2,rent_02__self_cause__bm3,gender_disguised
allocate,gcompv__rnt_b_self_cause_v2,1,rent_01__self_cause__bm1,gender_disguised
allocate,gcompv__rnt_b_self_cause_v2,2,rent_02__self_cause__bf1,gender_disguised
allocate,gcompv__rnt_b_self_cause_v3,1,rent_02__self_cause__bf5,gender_disguised
allocate,gcompv__rnt_b_self_cause_v3,2,rent_01__self_cause__bm4,gender_disguised
allocate,gcompv__rnt_b_self_cause_v4,1,rent_02__self_cause__bm2,gender_disguised
allocate,gcompv__rnt_b_self_cause_v4,2,rent_01__self_cause__bf3,gender_disguised
allocate,gcompv__rnt_b_stigma_no_redemption_v1,1,rent_01__stigma_no_redemption__bf4,gender_disguised
allocate,gcompv__rnt_b_stigma_no_redemption_v1,2,rent_03__stigma_no_redemption__bm5,gender_disguised
allocate,gcompv__rnt_b_stigma_no_redemption_v2,1,rent_01__stigma_no_redemption__bm3,gender_disguised
allocate,gcompv__rnt_b_stigma_no_redemption_v2,2,rent_03__stigma_no_redemption__bf2,gender_disguised
allocate,gcompv__rnt_b_stigma_no_redemption_v3,1,rent_03__stigma_no_redemption__bf1,gender_disguised
allocate,gcompv__rnt_b_stigma_no_redemption_v3,2,rent_01__stigma_no_redemption__bm1,gender_disguised
allocate,gcompv__rnt_b_stigma_no_redemption_v4,1,rent_03__stigma_no_redemption__bm4,gender_disguised
allocate,gcompv__rnt_b_stigma_no_redemption_v4,2,rent_01__stigma_no_redemption__bf5,gender_disguised
allocate,gcompv__rnt_b_stigma_redemption_v1,1,rent_02__stigma_redemption__bf3,gender_disguised
allocate,gcompv__rnt_b_stigma_redemption_v1,2,rent_03__stigma_redemption__bm2,gender_disguised
allocate,gcompv__rnt_b_stigma_redemption_v2,1,rent_02__stigma_redemption__bm5,gender_disguised
allocate,gcompv__rnt_b_stigma_redemption_v2,2,rent_03__stigma_redemption__bf4,gender_disguised
allocate,gcompv__rnt_b_stigma_redemption_v3,1,rent_03__stigma_redemption__bf2,gender_disguised
allocate,gcompv__rnt_b_stigma_redemption_v3,2,rent_02__stigma_redemption__bm3,gender_disguised
allocate,gcompv__rnt_b_stigma_redemption_v4,1,rent_03__stigma_redemption__bm1,gender_disguised
allocate,gcompv__rnt_b_stigma_redemption_v4,2,rent_02__stigma_redemption__bf1,gender_disguised
allocate,gcompv__rnt_b_structural_v1,1,rent_05__structural__bf1,gender_disguised
allocate,gcompv__rnt_b_structural_v1,2,rent_03__structural__bm1,gender_disguised
allocate,gcompv__rnt_b_structural_v2,1,rent_05__structural__bm4,gender_disguised
allocate,gcompv__rnt_b_structural_v2,2,rent_03__structural__bf5,gender_disguised
allocate,gcompv__rnt_b_structural_v3,1,rent_03__structural__bf3,gender_disguised
allocate,gcompv__rnt_b_structural_v3,2,rent_05__structural__bm2,gender_disguised
allocate,gcompv__rnt_b_structural_v4,1,rent_03__structural__bm5,gender_disguised
allocate,gcompv__rnt_b_structural_v4,2,rent_05__structural__bf4,gender_disguised
allocate,gcompv__rnt_h_control_v1,1,rent_04__control__hf4,gender_disguised
allocate,gcompv__rnt_h_control_v1,2,rent_05__control__hm4,gender_disguised
allocate,gcompv__rnt_h_control_v2,1,rent_04__control__hm5,gender_disguised
allocate,gcompv__rnt_h_control_v2,2,rent_05__control__hf3,gender_disguised
allocate,gcompv__rnt_h_control_v3,1,rent_05__control__hf2,gender_disguised
allocate,gcompv__rnt_h_control_v3,2,rent_04__control__hm1,gender_disguised
allocate,gcompv__rnt_h_control_v4,1,rent_05__control__hm3,gender_disguised
allocate,gcompv__rnt_h_control_v4,2,rent_04__control__hf1,gender_disguised
allocate,gcompv__rnt_h_self_cause_v1,1,rent_04__self_cause__hf1,gender_disguised
allocate,gcompv__rnt_h_self_cause_v1,2,rent_02__self_cause__hm3,gender_disguised
allocate,gcompv__rnt_h_self_cause_v2,1,rent_04__self_cause__hm2,gender_disguised
allocate,gcompv__rnt_h_self_cause_v2,2,rent_02__self_cause__hf5,gender_disguised
allocate,gcompv__rnt_h_self_cause_v3,1,rent_02__self_cause__hf4,gender_disguised
allocate,gcompv__rnt_h_self_cause_v3,2,rent_04__self_cause__hm4,gender_disguised
allocate,gcompv__rnt_h_self_cause_v4,1,rent_02__self_cause__hm5,gender_disguised
allocate,gcompv__rnt_h_self_cause_v4,2,rent_04__self_cause__hf3,gender_disguised
allocate,gcompv__rnt_h_stigma_no_redemption_v1,1,rent_04__stigma_no_redemption__hf2,gender_disguised
allocate,gcompv__rnt_h_stigma_no_redemption_v1,2,rent_03__stigma_no_redemption__hm1,gender_disguised
allocate,gcompv__rnt_h_stigma_no_redemption_v2,1,rent_04__stigma_no_redemption__hm3,gender_disguised
allocate,gcompv__rnt_h_stigma_no_redemption_v2,2,rent_03__stigma_no_redemption__hf1,gender_disguised
allocate,gcompv__rnt_h_stigma_no_redemption_v3,1,rent_03__stigma_no_redemption__hf5,gender_disguised
allocate,gcompv__rnt_h_stigma_no_redemption_v3,2,rent_04__stigma_no_redemption__hm2,gender_disguised
allocate,gcompv__rnt_h_stigma_no_redemption_v4,1,rent_03__stigma_no_redemption__hm4,gender_disguised
allocate,gcompv__rnt_h_stigma_no_redemption_v4,2,rent_04__stigma_no_redemption__hf4,gender_disguised
allocate,gcompv__rnt_h_stigma_redemption_v1,1,rent_05__stigma_redemption__hf3,gender_disguised
allocate,gcompv__rnt_h_stigma_redemption_v1,2,rent_01__stigma_redemption__hm5,gender_disguised
allocate,gcompv__rnt_h_stigma_redemption_v2,1,rent_05__stigma_redemption__hm1,gender_disguised
allocate,gcompv__rnt_h_stigma_redemption_v2,2,rent_01__stigma_redemption__hf2,gender_disguised
allocate,gcompv__rnt_h_stigma_redemption_v3,1,rent_01__stigma_redemption__hf1,gender_disguised
allocate,gcompv__rnt_h_stigma_redemption_v3,2,rent_05__stigma_redemption__hm3,gender_disguised
allocate,gcompv__rnt_h_stigma_redemption_v4,1,rent_01__stigma_redemption__hm2,gender_disguised
allocate,gcompv__rnt_h_stigma_redemption_v4,2,rent_05__stigma_redemption__hf5,gender_disguised
allocate,gcompv__rnt_h_structural_v1,1,rent_04__structural__hf5,gender_disguised
allocate,gcompv__rnt_h_structural_v1,2,rent_01__structural__hm2,gender_disguised
allocate,gcompv__rnt_h_structural_v2,1,rent_04__structural__hm4,gender_disguised
allocate,gcompv__rnt_h_structural_v2,2,rent_01__structural__hf4,gender_disguised
allocate,gcompv__rnt_h_structural_v3,1,rent_01__structural__hf3,gender_disguised
allocate,gcompv__rnt_h_structural_v3,2,rent_04__structural__hm5,gender_disguised
allocate,gcompv__rnt_h_structural_v4,1,rent_01__structural__hm1,gender_disguised
allocate,gcompv__rnt_h_structural_v4,2,rent_04__structural__hf2,gender_disguised
allocate,gcompv__rnt_w_control_v1,1,rent_04__control__wf1,gender_disguised
allocate,gcompv__rnt_w_control_v1,2,rent_05__control__wm1,gender_disguised
allocate,gcompv__rnt_w_control_v2,1,rent_04__control__wm2,gender_disguised
allocate,gcompv__rnt_w_control_v2,2,rent_05__control__wf2,gender_disguised
allocate,gcompv__rnt_w_control_v3,1,rent_05__control__wf5,gender_disguised
allocate,gcompv__rnt_w_control_v3,2,rent_04__control__wm5,gender_disguised
allocate,gcompv__rnt_w_control_v4,1,rent_05__control__wm4,gender_disguised
allocate,gcompv__rnt_w_control_v4,2,rent_04__control__wf3,gender_disguised
allocate,gcompv__rnt_w_self_cause_v1,1,rent_04__self_cause__wf3,gender_disguised
allocate,gcompv__rnt_w_self_cause_v1,2,rent_02__self_cause__wm4,gender_disguised
allocate,gcompv__rnt_w_self_cause_v2,1,rent_04__self_cause__wm3,gender_disguised
allocate,gcompv__rnt_w_self_cause_v2,2,rent_02__self_cause__wf4,gender_disguised
allocate,gcompv__rnt_w_self_cause_v3,1,rent_02__self_cause__wf1,gender_disguised
allocate,gcompv__rnt_w_self_cause_v3,2,rent_04__self_cause__wm1,gender_disguised
allocate,gcompv__rnt_w_self_cause_v4,1,rent_02__self_cause__wm2,gender_disguised
allocate,gcompv__rnt_w_self_cause_v4,2,rent_04__self_cause__wf2,gender_disguised
allocate,gcompv__rnt_w_stigma_no_redemption_v1,1,rent_04__stigma_no_redemption__wf5,gender_disguised
allocate,gcompv__rnt_w_stigma_no_redemption_v1,2,rent_03__stigma_no_redemption__wm5,gender_disguised
allocate,gcompv__rnt_w_stigma_no_redemption_v2,1,rent_04__stigma_no_redemption__wm4,gender_disguised
allocate,gcompv__rnt_w_stigma_no_redemption_v2,2,rent_03__stigma_no_redemption__wf3,gender_disguised
allocate,gcompv__rnt_w_stigma_no_redemption_v3,1,rent_03__stigma_no_redemption__wf4,gender_disguised
allocate,gcompv__rnt_w_stigma_no_redemption_v3,2,rent_04__stigma_no_redemption__wm3,gender_disguised
allocate,gcompv__rnt_w_stigma_no_redemption_v4,1,rent_03__stigma_no_redemption__wm1,gender_disguised
allocate,gcompv__rnt_w_stigma_no_redemption_v4,2,rent_04__stigma_no_redemption__wf1,gender_disguised
allocate,gcompv__rnt_w_stigma_redemption_v1,1,rent_05__stigma_redemption__wf2,gender_disguised
allocate,gcompv__rnt_w_stigma_redemption_v1,2,rent_01__stigma_redemption__wm2,gender_disguised
allocate,gcompv__rnt_w_stigma_redemption_v2,1,rent_05__stigma_redemption__wm5,gender_disguised
allocate,gcompv__rnt_w_stigma_redemption_v2,2,rent_01__stigma_redemption__wf5,gender_disguised
allocate,gcompv__rnt_w_stigma_redemption_v3,1,rent_01__stigma_redemption__wf3,gender_disguised
allocate,gcompv__rnt_w_stigma_redemption_v3,2,rent_05__stigma_redemption__wm4,gender_disguised
allocate,gcompv__rnt_w_stigma_redemption_v4,1,rent_01__stigma_redemption__wm3,gender_disguised
allocate,gcompv__rnt_w_stigma_redemption_v4,2,rent_05__stigma_redemption__wf4,gender_disguised
allocate,gcompv__rnt_w_structural_v1,1,rent_04__structural__wf4,gender_disguised
allocate,gcompv__rnt_w_structural_v1,2,rent_01__structural__wm3,gender_disguised
allocate,gcompv__rnt_w_structural_v2,1,rent_04__structural__wm1,gender_disguised
allocate,gcompv__rnt_w_structural_v2,2,rent_01__structural__wf1,gender_disguised
allocate,gcompv__rnt_w_structural_v3,1,rent_01__structural__wf2,gender_disguised
allocate,gcompv__rnt_w_structural_v3,2,rent_04__structural__wm2,gender_disguised
allocate,gcompv__rnt_w_structural_v4,1,rent_01__structural__wm5,gender_disguised
allocate,gcompv__rnt_w_structural_v4,2,rent_04__structural__wf5,gender_disguised
allocate,inter__edu_control_v1,1,edu_02__control__wf5,intersectional
allocate,inter__edu_control_v1,2,edu_02__control__wm4,intersectional
allocate,inter__edu_control_v1,3,edu_02__control__bf3,intersectional
allocate,inter__edu_control_v1,4,edu_02__control__bm3,intersectional
allocate,inter__edu_control_v2,1,edu_02__control__wm3,intersectional
allocate,inter__edu_control_v2,2,edu_02__control__bf5,intersectional
allocate,inter__edu_control_v2,3,edu_02__control__bm2,intersectional
allocate,inter__edu_control_v2,4,edu_02__control__wf3,intersectional
allocate,inter__edu_control_v3,1,edu_02__control__bf2,intersectional
allocate,inter__edu_control_v3,2,edu_02__control__bm1,intersectional
allocate,inter__edu_control_v3,3,edu_02__control__wf2,intersectional
allocate,inter__edu_control_v3,4,edu_02__control__wm1,intersectional
allocate,inter__edu_control_v4,1,edu_02__control__bm4,intersectional
allocate,inter__edu_control_v4,2,edu_02__control__wf1,intersectional
allocate,inter__edu_control_v4,3,edu_02__control__wm5,intersectional
allocate,inter__edu_control_v4,4,edu_02__control__bf1,intersectional
allocate,inter__edu_self_cause_v1,1,edu_04__self_cause__wf1,intersectional
allocate,inter__edu_self_cause_v1,2,edu_04__self_cause__wm5,intersectional
allocate,inter__edu_self_cause_v1,3,edu_04__self_cause__bf1,intersectional
allocate,inter__edu_self_cause_v1,4,edu_04__self_cause__bm4,intersectional
allocate,inter__edu_self_cause_v2,1,edu_04__self_cause__wm2,intersectional
allocate,inter__edu_self_cause_v2,2,edu_04__self_cause__bf4,intersectional
allocate,inter__edu_self_cause_v2,3,edu_04__self_cause__bm5,intersectional
allocate,inter__edu_self_cause_v2,4,edu_04__self_cause__wf4,intersectional
allocate,inter__edu_self_cause_v3,1,edu_04__self_cause__bf3,intersectional
allocate,inter__edu_self_cause_v3,2,edu_04__self_cause__bm3,intersectional
allocate,inter__edu_self_cause_v3,3,edu_04__self_cause__wf5,intersectional
allocate,inter__edu_self_cause_v3,4,edu_04__self_cause__wm4,intersectional
allocate,inter__edu_self_cause_v4,1,edu_04__self_cause__bm2,intersectional
allocate,inter__edu_self_cause_v4,2,edu_04__self_cause__wf3,intersectional
allocate,inter__edu_self_cause_v4,3,edu_04__self_cause__wm3,intersectional
allocate,inter__edu_self_cause_v4,4,edu_04__self_cause__bf5,intersectional
allocate,inter__edu_stigma_no_redemption_v1,1,edu_05__stigma_no_redemption__wf2,intersectional
allocate,inter__edu_stigma_no_redemption_v1,2,edu_05__stigma_no_redemption__wm1,intersectional
allocate,inter__edu_stigma_no_redemption_v1,3,edu_05__stigma_no_redemption__bf2,intersectional
allocate,inter__edu_stigma_no_redemption_v1,4,edu_05__stigma_no_redemption__bm1,intersectional
allocate,inter__edu_stigma_no_redemption_v2,1,edu_05__stigma_no_redemption__wm5,intersectional
allocate,inter__edu_stigma_no_redemption_v2,2,edu_05__stigma_no_redemption__bf1,intersectional
allocate,inter__edu_stigma_no_redemption_v2,3,edu_05__stigma_no_redemption__bm4,intersectional
allocate,inter__edu_stigma_no_redemption_v2,4,edu_05__stigma_no_redemption__wf1,intersectional
allocate,inter__edu_stigma_no_redemption_v3,1,edu_05__stigma_no_redemption__bf4,intersectional
allocate,inter__edu_stigma_no_redemption_v3,2,edu_05__stigma_no_redemption__bm5,intersectional
allocate,inter__edu_stigma_no_redemption_v3,3,edu_05__stigma_no_redemption__wf4,intersectional
allocate,inter__edu_stigma_no_redemption_v3,4,edu_05__stigma_no_redemption__wm2,intersectional
allocate,inter__edu_stigma_no_redemption_v4,1,edu_05__stigma_no_redemption__bm3,intersectional
allocate,inter__edu_stigma_no_redemption_v4,2,edu_05__stigma_no_redemption__wf5,intersectional
allocate,inter__edu_stigma_no_redemption_v4,3,edu_05__stigma_no_redemption__wm4,intersectional
allocate,inter__edu_stigma_no_redemption_v4,4,edu_05__stigma_no_redemption__bf3,intersectional
allocate,inter__edu_stigma_redemption_v1,1,edu_03__stigma_redemption__wf3,intersectional
allocate,inter__edu_stigma_redemption_v1,2,edu_03__stigma_redemption__wm3,intersectional
allocate,inter__edu_stigma_redemption_v1,3,edu_03__stigma_redemption__bf5,intersectional
allocate,inter__edu_stigma_redemption_v1,4,edu_03__stigma_redemption__bm2,intersectional
allocate,inter__edu_stigma_redemption_v2,1,edu_03__stigma_redemption__wm1,intersectional
allocate,inter__edu_stigma_redemption_v2,2,edu_03__stigma_redemption__bf2,intersectional
allocate,inter__edu_stigma_redemption_v2,3,edu_03__stigma_redemption__bm1,intersectional
allocate,inter__edu_stigma_redemption_v2,4,edu_03__stigma_redemption__wf2,intersectional
allocate,inter__edu_stigma_redemption_v3,1,edu_03__stigma_redemption__bf1,intersectional
allocate,inter__edu_stigma_redemption_v3,2,edu_03__stigma_redemption__bm4,intersectional
allocate,inter__edu_stigma_redemption_v3,3,edu_03__stigma_redemption__wf1,intersectional
allocate,inter__edu_stigma_redemption_v3,4,edu_03__stigma_redemption__wm5,intersectional
allocate,inter__edu_stigma_redemption_v4,1,edu_03__stigma_redemption__bm5,intersectional
allocate,inter__edu_stigma_redemption_v4,2,edu_03__stigma_redemption__wf4,intersectional
allocate,inter__edu_stigma_redemption_v4,3,edu_03__stigma_redemption__wm2,intersectional
allocate,inter__edu_stigma_redemption_v4,4,edu_03__stigma_redemption__bf4,intersectional
allocate,inter__edu_structural_v1,1,edu_01__structural__wf4,intersectional
allocate,inter__edu_structural_v1,2,edu_01__structural__wm2,intersectional
allocate,inter__edu_structural_v1,3,edu_01__structural__bf4,intersectional
allocate,inter__edu_structural_v1,4,edu_01__structural__bm5,intersectional
allocate,inter__edu_structural_v2,1,edu_01__structural__wm4,intersectional
allocate,inter__edu_structural_v2,2,edu_01__structural__bf3,intersectional
allocate,inter__edu_structural_v2,3,edu_01__structural__bm3,intersectional
allocate,inter__edu_structural_v2,4,edu_01__structural__wf5,intersectional
allocate,inter__edu_structural_v3,1,edu_01__structural__bf5,intersectional
allocate,inter__edu_structural_v3,2,edu_01__structural__bm2,intersectional
allocate,inter__edu_structural_v3,3,edu_01__structural__wf3,intersectional
allocate,inter__edu_structural_v3,4,edu_01__structural__wm3,intersectional
allocate,inter__edu_structural_v4,1,edu_01__structural__bm1,intersectional
allocate,inter__edu_structural_v4,2,edu_01__structural__wf2,intersectional
allocate,inter__edu_structural_v4,3,edu_01__structural__wm1,intersectional
allocate,inter__edu_structural_v4,4,edu_01__structural__bf2,intersectional
allocate,inter__med_control_v1,1,med_01__control__wf5,intersectional
allocate,inter__med_control_v1,2,med_01__control__wm4,intersectional
allocate,inter__med_control_v1,3,med_01__control__bf3,intersectional
allocate,inter__med_control_v1,4,med_01__control__bm3,intersectional
allocate,inter__med_control_v2,1,med_01__control__wm3,intersectional
allocate,inter__med_control_v2,2,med_01__control__bf5,intersectional
allocate,inter__med_control_v2,3,med_01__control__bm2,intersectional
allocate,inter__med_control_v2,4,med_01__control__wf3,intersectional
allocate,inter__med_control_v3,1,med_01__control__bf2,intersectional
allocate,inter__med_control_v3,2,med_01__control__bm1,intersectional
allocate,inter__med_control_v3,3,med_01__control__wf2,intersectional
allocate,inter__med_control_v3,4,med_01__control__wm1,intersectional
allocate,inter__med_control_v4,1,med_01__control__bm4,intersectional
allocate,inter__med_control_v4,2,med_01__control__wf1,intersectional
allocate,inter__med_control_v4,3,med_01__control__wm5,intersectional
allocate,inter__med_control_v4,4,med_01__control__bf1,intersectional
allocate,inter__med_self_cause_v1,1,med_03__self_cause__wf1,intersectional
allocate,inter__med_self_cause_v1,2,med_03__self_cause__wm5,intersectional
allocate,inter__med_self_cause_v1,3,med_03__self_cause__bf1,intersectional
allocate,inter__med_self_cause_v1,4,med_03__self_cause__bm4,intersectional
allocate,inter__med_self_cause_v2,1,med_03__self_cause__wm2,intersectional
allocate,inter__med_self_cause_v2,2,med_03__self_cause__bf4,intersectional
allocate,inter__med_self_cause_v2,3,med_03__self_cause__bm5,intersectional
allocate,inter__med_self_cause_v2,4,med_03__self_cause__wf4,intersectional
allocate,inter__med_self_cause_v3,1,med_03__self_cause__bf3,intersectional
allocate,inter__med_self_cause_v3,2,med_03__self_cause__bm3,intersectional
allocate,inter__med_self_cause_v3,3,med_03__self_cause__wf5,intersectional
allocate,inter__med_self_cause_v3,4,med_03__self_cause__wm4,intersectional
allocate,inter__med_self_cause_v4,1,med_03__self_cause__bm2,intersectional
allocate,inter__med_self_cause_v4,2,med_03__self_cause__wf3,intersectional
allocate,inter__med_self_cause_v4,3,med_03__self_cause__wm3,intersectional
allocate,inter__med_self_cause_v4,4,med_03__self_cause__bf5,intersectional
allocate,inter__med_stigma_no_redemption_v1,1,med_02__stigma_no_redemption__wf2,intersectional
allocate,inter__med_stigma_no_redemption_v1,2,med_02__stigma_no_redemption__wm1,intersectional
allocate,inter__med_stigma_no_redemption_v1,3,med_02__stigma_no_redemption__bf2,intersectional
allocate,inter__med_stigma_no_redemption_v1,4,med_02__stigma_no_redemption__bm1,intersectional
allocate,inter__med_stigma_no_redemption_v2,1,med_02__stigma_no_redemption__wm5,intersectional
allocate,inter__med_stigma_no_redemption_v2,2,med_02__stigma_no_redemption__bf1,intersectional
allocate,inter__med_stigma_no_redemption_v2,3,med_02__stigma_no_redemption__bm4,intersectional
allocate,inter__med_stigma_no_redemption_v2,4,med_02__stigma_no_redemption__wf1,intersectional
allocate,inter__med_stigma_no_redemption_v3,1,med_02__stigma_no_redemption__bf4,intersectional
allocate,inter__med_stigma_no_redemption_v3,2,med_02__stigma_no_redemption__bm5,intersectional
allocate,inter__med_stigma_no_redemption_v3,3,med_02__stigma_no_redemption__wf4,intersectional
allocate,inter__med_stigma_no_redemption_v3,4,med_02__stigma_no_redemption__wm2,intersectional
allocate,inter__med_stigma_no_redemption_v4,1,med_02__stigma_no_redemption__bm3,intersectional
allocate,inter__med_stigma_no_redemption_v4,2,med_02__stigma_no_redemption__wf5,intersectional
allocate,inter__med_stigma_no_redemption_v4,3,med_02__stigma_no_redemption__wm4,intersectional
allocate,inter__med_stigma_no_redemption_v4,4,med_02__stigma_no_redemption__bf3,intersectional
allocate,inter__med_stigma_redemption_v1,1,med_05__stigma_redemption__wf3,intersectional
allocate,inter__med_stigma_redemption_v1,2,med_05__stigma_redemption__wm3,intersectional
allocate,inter__med_stigma_redemption_v1,3,med_05__stigma_redemption__bf5,intersectional
allocate,inter__med_stigma_redemption_v1,4,med_05__stigma_redemption__bm2,intersectional
allocate,inter__med_stigma_redemption_v2,1,med_05__stigma_redemption__wm1,intersectional
allocate,inter__med_stigma_redemption_v2,2,med_05__stigma_redemption__bf2,intersectional
allocate,inter__med_stigma_redemption_v2,3,med_05__stigma_redemption__bm1,intersectional
allocate,inter__med_stigma_redemption_v2,4,med_05__stigma_redemption__wf2,intersectional
allocate,inter__med_stigma_redemption_v3,1,med_05__stigma_redemption__bf1,intersectional
allocate,inter__med_stigma_redemption_v3,2,med_05__stigma_redemption__bm4,intersectional
allocate,inter__med_stigma_redemption_v3,3,med_05__stigma_redemption__wf1,intersectional
allocate,inter__med_stigma_redemption_v3,4,med_05__stigma_redemption__wm5,intersectional
allocate,inter__med_stigma_redemption_v4,1,med_05__stigma_redemption__bm5,intersectional
allocate,inter__med_stigma_redemption_v4,2,med_05__stigma_redemption__wf4,intersectional
allocate,inter__med_stigma_redemption_v4,3,med_05__stigma_redemption__wm2,intersectional
allocate,inter__med_stigma_redemption_v4,4,med_05__stigma_redemption__bf4,intersectional
allocate,inter__med_structural_v1,1,med_04__structural__wf4,intersectional
allocate,inter__med_structural_v1,2,med_04__structural__wm2,intersectional
allocate,inter__med_structural_v1,3,med_04__structural__bf4,intersectional
allocate,inter__med_structural_v1,4,med_04__structural__bm5,intersectional
allocate,inter__med_structural_v2,1,med_04__structural__wm4,intersectional
allocate,inter__med_structural_v2,2,med_04__structural__bf3,intersectional
allocate,inter__med_structural_v2,3,med_04__structural__bm3,intersectional
allocate,inter__med_structural_v2,4,med_04__structural__wf5,intersectional
allocate,inter__med_structural_v3,1,med_04__structural__bf5,intersectional
allocate,inter__med_structural_v3,2,med_04__structural__bm2,intersectional
allocate,inter__med_structural_v3,3,med_04__structural__wf3,intersectional
allocate,inter__med_structural_v3,4,med_04__structural__wm3,intersectional
allocate,inter__med_structural_v4,1,med_04__structural__bm1,intersectional
allocate,inter__med_structural_v4,2,med_04__structural__wf2,intersectional
allocate,inter__med_structural_v4,3,med_04__structural__wm1,intersectional
allocate,inter__med_structural_v4,4,med_04__structural__bf2,intersectional
allocate,inter__rnt_control_v1,1,rent_04__control__wf5,intersectional
allocate,inter__rnt_control_v1,2,rent_04__control__wm4,intersectional
allocate,inter__rnt_control_v1,3,rent_04__control__bf3,intersectional
allocate,inter__rnt_control_v1,4,rent_04__control__bm3,intersectional
allocate,inter__rnt_control_v2,1,rent_04__control__wm3,intersectional
allocate,inter__rnt_control_v2,2,rent_04__control__bf5,intersectional
allocate,inter__rnt_control_v2,3,rent_04__control__bm2,intersectional
allocate,inter__rnt_control_v2,4,rent_04__control__wf3,intersectional
allocate,inter__rnt_control_v3,1,rent_04__control__bf2,intersectional
allocate,inter__rnt_control_v3,2,rent_04__control__bm1,intersectional
allocate,inter__rnt_control_v3,3,rent_04__control__wf2,intersectional
allocate,inter__rnt_control_v3,4,rent_04__control__wm1,intersectional
allocate,inter__rnt_control_v4,1,rent_04__control__bm4,intersectional
allocate,inter__rnt_control_v4,2,rent_04__control__wf1,intersectional
allocate,inter__rnt_control_v4,3,rent_04__control__wm5,intersectional
allocate,inter__rnt_control_v4,4,rent_04__control__bf1,intersectional
allocate,inter__rnt_self_cause_v1,1,rent_02__self_cause__wf1,intersectional
allocate,inter__rnt_self_cause_v1,2,rent_02__self_cause__wm5,intersectional
allocate,inter__rnt_self_cause_v1,3,rent_02__self_cause__bf1,intersectional
allocate,inter__rnt_self_cause_v1,4,rent_02__self_cause__bm4,intersectional
allocate,inter__rnt_self_cause_v2,1,rent_02__self_cause__wm2,intersectional
allocate,inter__rnt_self_cause_v2,2,rent_02__self_cause__bf4,intersectional
allocate,inter__rnt_self_cause_v2,3,rent_02__self_cause__bm5,intersectional
allocate,inter__rnt_self_cause_v2,4,rent_02__self_cause__wf4,intersectional
allocate,inter__rnt_self_cause_v3,1,rent_02__self_cause__bf3,intersectional
allocate,inter__rnt_self_cause_v3,2,rent_02__self_cause__bm3,intersectional
allocate,inter__rnt_self_cause_v3,3,rent_02__self_cause__wf5,intersectional
allocate,inter__rnt_self_cause_v3,4,rent_02__self_cause__wm4,intersectional
allocate,inter__rnt_self_cause_v4,1,rent_02__self_cause__bm2,intersectional
allocate,inter__rnt_self_cause_v4,2,rent_02__self_cause__wf3,intersectional
allocate,inter__rnt_self_cause_v4,3,rent_02__self_cause__wm3,intersectional
allocate,inter__rnt_self_cause_v4,4,rent_02__self_cause__bf5,intersectional
allocate,inter__rnt_stigma_no_redemption_v1,1,rent_05__stigma_no_redemption__wf2,intersectional
allocate,inter__rnt_stigma_no_redemption_v1,2,rent_05__stigma_no_redemption__wm1,intersectional
allocate,inter__rnt_stigma_no_redemption_v1,3,rent_05__stigma_no_redemption__bf2,intersectional
allocate,inter__rnt_stigma_no_redemption_v1,4,rent_05__stigma_no_redemption__bm1,intersectional
allocate,inter__rnt_stigma_no_redemption_v2,1,rent_05__stigma_no_redemption__wm5,intersectional
allocate,inter__rnt_stigma_no_redemption_v2,2,rent_05__stigma_no_redemption__bf1,intersectional
allocate,inter__rnt_stigma_no_redemption_v2,3,rent_05__stigma_no_redemption__bm4,intersectional
allocate,inter__rnt_stigma_no_redemption_v2,4,rent_05__stigma_no_redemption__wf1,intersectional
allocate,inter__rnt_stigma_no_redemption_v3,1,rent_05__stigma_no_redemption__bf4,intersectional
allocate,inter__rnt_stigma_no_redemption_v3,2,rent_05__stigma_no_redemption__bm5,intersectional
allocate,inter__rnt_stigma_no_redemption_v3,3,rent_05__stigma_no_redemption__wf4,intersectional
allocate,inter__rnt_stigma_no_redemption_v3,4,rent_05__stigma_no_redemption__wm2,intersectional
allocate,inter__rnt_stigma_no_redemption_v4,1,rent_05__stigma_no_redemption__bm3,intersectional
allocate,inter__rnt_stigma_no_redemption_v4,2,rent_05__stigma_no_redemption__wf5,intersectional
allocate,inter__rnt_stigma_no_redemption_v4,3,rent_05__stigma_no_redemption__wm4,intersectional
allocate,inter__rnt_stigma_no_redemption_v4,4,rent_05__stigma_no_redemption__bf3,intersectional
allocate,inter__rnt_stigma_redemption_v1,1,rent_03__stigma_redemption__wf3,intersectional
allocate,inter__rnt_stigma_redemption_v1,2,rent_03__stigma_redemption__wm3,intersectional
allocate,inter__rnt_stigma_redemption_v1,3,rent_03__stigma_redemption__bf5,intersectional
allocate,inter__rnt_stigma_redemption_v1,4,rent_03__stigma_redemption__bm2,intersectional
allocate,inter__rnt_stigma_redemption_v2,1,rent_03__stigma_redemption__wm1,intersectional
allocate,inter__rnt_stigma_redemption_v2,2,rent_03__stigma_redemption__bf2,intersectional
allocate,inter__rnt_stigma_redemption_v2,3,rent_03__stigma_redemption__bm1,intersectional
allocate,inter__rnt_stigma_redemption_v2,4,rent_03__stigma_redemption__wf2,intersectional
allocate,inter__rnt_stigma_redemption_v3,1,rent_03__stigma_redemption__bf1,intersectional
allocate,inter__rnt_stigma_redemption_v3,2,rent_03__stigma_redemption__bm4,intersectional
allocate,inter__rnt_stigma_redemption_v3,3,rent_03__stigma_redemption__wf1,intersectional
allocate,inter__rnt_stigma_redemption_v3,4,rent_03__stigma_redemption__wm5,intersectional
allocate,inter__rnt_stigma_redemption_v4,1,rent_03__stigma_redemption__bm5,intersectional
allocate,inter__rnt_stigma_redemption_v4,2,rent_03__stigma_redemption__wf4,intersectional
allocate,inter__rnt_stigma_redemption_v4,3,rent_03__stigma_redemption__wm2,intersectional
allocate,inter__rnt_stigma_redemption_v4,4,rent_03__stigma_redemption__bf4,intersectional
allocate,inter__rnt_structural_v1,1,rent_01__structural__wf4,intersectional
allocate,inter__rnt_structural_v1,2,rent_01__structural__wm2,intersectional
allocate,inter__rnt_structural_v1,3,rent_01__structural__bf4,intersectional
allocate,inter__rnt_structural_v1,4,rent_01__structural__bm5,intersectional
allocate,inter__rnt_structural_v2,1,rent_01__structural__wm4,intersectional
allocate,inter__rnt_structural_v2,2,rent_01__structural__bf3,intersectional
allocate,inter__rnt_structural_v2,3,rent_01__structural__bm3,intersectional
allocate,inter__rnt_structural_v2,4,rent_01__structural__wf5,intersectional
allocate,inter__rnt_structural_v3,1,rent_01__structural__bf5,intersectional
allocate,inter__rnt_structural_v3,2,rent_01__structural__bm2,intersectional
allocate,inter__rnt_structural_v3,3,rent_01__structural__wf3,intersectional
allocate,inter__rnt_structural_v3,4,rent_01__structural__wm3,intersectional
allocate,inter__rnt_structural_v4,1,rent_01__structural__bm1,intersectional
allocate,inter__rnt_structural_v4,2,rent_01__structural__wf2,intersectional
allocate,inter__rnt_structural_v4,3,rent_01__structural__wm1,intersectional
allocate,inter__rnt_structural_v4,4,rent_01__structural__bf2,intersectional
allocate,prim__edu_af_v1,1,edu_02__stigma_redemption__af2,framing_disguised
allocate,prim__edu_af_v1,2,edu_04__stigma_no_redemption__af1,framing_disguised
allocate,prim__edu_af_v1,3,edu_05__self_cause__af5,framing_disguised
allocate,prim__edu_af_v1,4,edu_03__control__af4,framing_disguised
allocate,prim__edu_af_v1,5,edu_01__structural__af3,framing_disguised
allocate,prim__edu_af_v2,1,edu_05__stigma_no_redemption__af3,framing_disguised
allocate,prim__edu_af_v2,2,edu_03__self_cause__af2,framing_disguised
allocate,prim__edu_af_v2,3,edu_01__control__af1,framing_disguised
allocate,prim__edu_af_v2,4,edu_02__structural__af5,framing_disguised
allocate,prim__edu_af_v2,5,edu_04__stigma_redemption__af4,framing_disguised
allocate,prim__edu_af_v3,1,edu_01__self_cause__af4,framing_disguised
allocate,prim__edu_af_v3,2,edu_02__control__af3,framing_disguised
allocate,prim__edu_af_v3,3,edu_04__structural__af2,framing_disguised
allocate,prim__edu_af_v3,4,edu_05__stigma_redemption__af1,framing_disguised
allocate,prim__edu_af_v3,5,edu_03__stigma_no_redemption__af5,framing_disguised
allocate,prim__edu_af_v4,1,edu_04__control__af5,framing_disguised
allocate,prim__edu_af_v4,2,edu_05__structural__af4,framing_disguised
allocate,prim__edu_af_v4,3,edu_03__stigma_redemption__af3,framing_disguised
allocate,prim__edu_af_v4,4,edu_01__stigma_no_redemption__af2,framing_disguised
allocate,prim__edu_af_v4,5,edu_02__self_cause__af1,framing_disguised
allocate,prim__edu_af_v5,1,edu_03__structural__af1,framing_disguised
allocate,prim__edu_af_v5,2,edu_01__stigma_redemption__af5,framing_disguised
allocate,prim__edu_af_v5,3,edu_02__stigma_no_redemption__af4,framing_disguised
allocate,prim__edu_af_v5,4,edu_04__self_cause__af3,framing_disguised
allocate,prim__edu_af_v5,5,edu_05__control__af2,framing_disguised
allocate,prim__edu_am_v1,1,edu_03__control__am2,framing_disguised
allocate,prim__edu_am_v1,2,edu_01__structural__am3,framing_disguised
allocate,prim__edu_am_v1,3,edu_05__stigma_redemption__am4,framing_disguised
allocate,prim__edu_am_v1,4,edu_04__self_cause__am1,framing_disguised
allocate,prim__edu_am_v1,5,edu_02__stigma_no_redemption__am5,framing_disguised
allocate,prim__edu_am_v2,1,edu_05__structural__am5,framing_disguised
allocate,prim__edu_am_v2,2,edu_04__stigma_redemption__am2,framing_disguised
allocate,prim__edu_am_v2,3,edu_02__self_cause__am3,framing_disguised
allocate,prim__edu_am_v2,4,edu_03__stigma_no_redemption__am4,framing_disguised
allocate,prim__edu_am_v2,5,edu_01__control__am1,framing_disguised
allocate,prim__edu_am_v3,1,edu_02__stigma_redemption__am1,framing_disguised
allocate,prim__edu_am_v3,2,edu_03__self_cause__am5,framing_disguised
allocate,prim__edu_am_v3,3,edu_01__stigma_no_redemption__am2,framing_disguised
allocate,prim__edu_am_v3,4,edu_05__control__am3,framing_disguised
allocate,prim__edu_am_v3,5,edu_04__structural__am4,framing_disguised
allocate,prim__edu_am_v4,1,edu_01__self_cause__am4,framing_disguised
allocate,prim__edu_am_v4,2,edu_05__stigma_no_redemption__am1,framing_disguised
allocate,prim__edu_am_v4,3,edu_04__control__am5,framing_disguised
allocate,prim__edu_am_v4,4,edu_02__structural__am2,framing_disguised
allocate,prim__edu_am_v4,5,edu_03__stigma_redemption__am3,framing_disguised
allocate,prim__edu_am_v5,1,edu_04__stigma_no_redemption__am3,framing_disguised
allocate,prim__edu_am_v5,2,edu_02__control__am4,framing_disguised
allocate,prim__edu_am_v5,3,edu_03__structural__am1,framing_disguised
allocate,prim__edu_am_v5,4,edu_01__stigma_redemption__am5,framing_disguised
allocate,prim__edu_am_v5,5,edu_05__self_cause__am2,framing_disguised
allocate,prim__edu_bf_v1,1,edu_05__stigma_redemption__bf3,framing_disguised
allocate,prim__edu_bf_v1,2,edu_03__control__bf5,framing_disguised
allocate,prim__edu_bf_v1,3,edu_01__self_cause__bf4,framing_disguised
allocate,prim__edu_bf_v1,4,edu_04__stigma_no_redemption__bf2,framing_disguised
allocate,prim__edu_bf_v1,5,edu_02__structural__bf1,framing_disguised
allocate,prim__edu_bf_v2,1,edu_01__control__bf1,framing_disguised
allocate,prim__edu_bf_v2,2,edu_04__self_cause__bf3,framing_disguised
allocate,prim__edu_bf_v2,3,edu_02__stigma_no_redemption__bf5,framing_disguised
allocate,prim__edu_bf_v2,4,edu_05__structural__bf4,framing_disguised
allocate,prim__edu_bf_v2,5,edu_03__stigma_redemption__bf2,framing_disguised
allocate,prim__edu_bf_v3,1,edu_02__self_cause__bf2,framing_disguised
allocate,prim__edu_bf_v3,2,edu_05__stigma_no_redemption__bf1,framing_disguised
allocate,prim__edu_bf_v3,3,edu_03__structural__bf3,framing_disguised
allocate,prim__edu_bf_v3,4,edu_01__stigma_redemption__bf5,framing_disguised
allocate,prim__edu_bf_v3,5,edu_04__control__bf4,framing_disguised
allocate,prim__edu_bf_v4,1,edu_03__stigma_no_redemption__bf4,framing_disguised
allocate,prim__edu_bf_v4,2,edu_01__structural__bf2,framing_disguised
allocate,prim__edu_bf_v4,3,edu_04__stigma_redemption__bf1,framing_disguised
allocate,prim__edu_bf_v4,4,edu_02__control__bf3,framing_disguised
allocate,prim__edu_bf_v4,5,edu_05__self_cause__bf5,framing_disguised
allocate,prim__edu_bf_v5,1,edu_04__structural__bf5,framing_disguised
allocate,prim__edu_bf_v5,2,edu_02__stigma_redemption__bf4,framing_disguised
allocate,prim__edu_bf_v5,3,edu_05__control__bf2,framing_disguised
allocate,prim__edu_bf_v5,4,edu_03__self_cause__bf1,framing_disguised
allocate,prim__edu_bf_v5,5,edu_01__stigma_no_redemption__bf3,framing_disguised
allocate,prim__edu_bm_v1,1,edu_01__control__bm4,framing_disguised
allocate,prim__edu_bm_v1,2,edu_02__self_cause__bm2,framing_disguised
allocate,prim__edu_bm_v1,3,edu_04__stigma_redemption__bm3,framing_disguised
allocate,prim__edu_bm_v1,4,edu_05__structural__bm1,framing_disguised
allocate,prim__edu_bm_v1,5,edu_03__stigma_no_redemption__bm5,framing_disguised
allocate,prim__edu_bm_v2,1,edu_04__self_cause__bm5,framing_disguised
allocate,prim__edu_bm_v2,2,edu_05__stigma_redemption__bm4,framing_disguised
allocate,prim__edu_bm_v2,3,edu_03__structural__bm2,framing_disguised
allocate,prim__edu_bm_v2,4,edu_01__stigma_no_redemption__bm3,framing_disguised
allocate,prim__edu_bm_v2,5,edu_02__control__bm1,framing_disguised
allocate,prim__edu_bm_v3,1,edu_03__stigma_redemption__bm1,framing_disguised
allocate,prim__edu_bm_v3,2,edu_01__structural__bm5,framing_disguised
allocate,prim__edu_bm_v3,3,edu_02__stigma_no_redemption__bm4,framing_disguised
allocate,prim__edu_bm_v3,4,edu_04__control__bm2,framing_disguised
allocate,prim__edu_bm_v3,5,edu_05__self_cause__bm3,framing_disguised
allocate,prim__edu_bm_v4,1,edu_02__structural__bm3,framing_disguised
allocate,prim__edu_bm_v4,2,edu_04__stigma_no_redemption__bm1,framing_disguised
allocate,prim__edu_bm_v4,3,edu_05__control__bm5,framing_disguised
allocate,prim__edu_bm_v4,4,edu_03__self_cause__bm4,framing_disguised
allocate,prim__edu_bm_v4,5,edu_01__stigma_redemption__bm2,framing_disguised
allocate,prim__edu_bm_v5,1,edu_05__stigma_no_redemption__bm2,framing_disguised
allocate,prim__edu_bm_v5,2,edu_03__control__bm3,framing_disguised
allocate,prim__edu_bm_v5,3,edu_01__self_cause__bm1,framing_disguised
allocate,prim__edu_bm_v5,4,edu_02__stigma_redemption__bm5,framing_disguised
allocate,prim__edu_bm_v5,5,edu_04__structural__bm4,framing_disguised
allocate,prim__edu_hf_v1,1,edu_01__control__hf2,framing_disguised
allocate,prim__edu_hf_v1,2,edu_05__stigma_no_redemption__hf4,framing_disguised
allocate,prim__edu_hf_v1,3,edu_03__stigma_redemption__hf5,framing_disguised
allocate,prim__edu_hf_v1,4,edu_04__structural__hf3,framing_disguised
allocate,prim__edu_hf_v1,5,edu_02__self_cause__hf1,framing_disguised
allocate,prim__edu_hf_v2,1,edu_03__stigma_no_redemption__hf1,framing_disguised
allocate,prim__edu_hf_v2,2,edu_04__stigma_redemption__hf2,framing_disguised
allocate,prim__edu_hf_v2,3,edu_02__structural__hf4,framing_disguised
allocate,prim__edu_hf_v2,4,edu_01__self_cause__hf5,framing_disguised
allocate,prim__edu_hf_v2,5,edu_05__control__hf3,framing_disguised
allocate,prim__edu_hf_v3,1,edu_02__stigma_redemption__hf3,framing_disguised
allocate,prim__edu_hf_v3,2,edu_01__structural__hf1,framing_disguised
allocate,prim__edu_hf_v3,3,edu_05__self_cause__hf2,framing_disguised
allocate,prim__edu_hf_v3,4,edu_03__control__hf4,framing_disguised
allocate,prim__edu_hf_v3,5,edu_04__stigma_no_redemption__hf5,framing_disguised
allocate,prim__edu_hf_v4,1,edu_05__structural__hf5,framing_disguised
allocate,prim__edu_hf_v4,2,edu_03__self_cause__hf3,framing_disguised
allocate,prim__edu_hf_v4,3,edu_04__control__hf1,framing_disguised
allocate,prim__edu_hf_v4,4,edu_02__stigma_no_redemption__hf2,framing_disguised
allocate,prim__edu_hf_v4,5,edu_01__stigma_redemption__hf4,framing_disguised
allocate,prim__edu_hf_v5,1,edu_04__self_cause__hf4,framing_disguised
allocate,prim__edu_hf_v5,2,edu_02__control__hf5,framing_disguised
allocate,prim__edu_hf_v5,3,edu_01__stigma_no_redemption__hf3,framing_disguised
allocate,prim__edu_hf_v5,4,edu_05__stigma_redemption__hf1,framing_disguised
allocate,prim__edu_hf_v5,5,edu_03__structural__hf2,framing_disguised
allocate,prim__edu_hm_v1,1,edu_03__structural__hm1,framing_disguised
allocate,prim__edu_hm_v1,2,edu_04__self_cause__hm5,framing_disguised
allocate,prim__edu_hm_v1,3,edu_02__stigma_no_redemption__hm3,framing_disguised
allocate,prim__edu_hm_v1,4,edu_05__stigma_redemption__hm4,framing_disguised
allocate,prim__edu_hm_v1,5,edu_01__control__hm2,framing_disguised
allocate,prim__edu_hm_v2,1,edu_02__self_cause__hm2,framing_disguised
allocate,prim__edu_hm_v2,2,edu_05__stigma_no_redemption__hm1,framing_disguised
allocate,prim__edu_hm_v2,3,edu_01__stigma_redemption__hm5,framing_disguised
allocate,prim__edu_hm_v2,4,edu_03__control__hm3,framing_disguised
allocate,prim__edu_hm_v2,5,edu_04__structural__hm4,framing_disguised
allocate,prim__edu_hm_v3,1,edu_01__stigma_no_redemption__hm4,framing_disguised
allocate,prim__edu_hm_v3,2,edu_03__stigma_redemption__hm2,framing_disguised
allocate,prim__edu_hm_v3,3,edu_04__control__hm1,framing_disguised
allocate,prim__edu_hm_v3,4,edu_02__structural__hm5,framing_disguised
allocate,prim__edu_hm_v3,5,edu_05__self_cause__hm3,framing_disguised
allocate,prim__edu_hm_v4,1,edu_04__stigma_redemption__hm3,framing_disguised
allocate,prim__edu_hm_v4,2,edu_02__control__hm4,framing_disguised
allocate,prim__edu_hm_v4,3,edu_05__structural__hm2,framing_disguised
allocate,prim__edu_hm_v4,4,edu_01__self_cause__hm1,framing_disguised
allocate,prim__edu_hm_v4,5,edu_03__stigma_no_redemption__hm5,framing_disguised
allocate,prim__edu_hm_v5,1,edu_05__control__hm5,framing_disguised
allocate,prim__edu_hm_v5,2,edu_01__structural__hm3,framing_disguised
allocate,prim__edu_hm_v5,3,edu_03__self_cause__hm4,framing_disguised
allocate,prim__edu_hm_v5,4,edu_04__stigma_no_redemption__hm2,framing_disguised
allocate,prim__edu_hm_v5,5,edu_02__stigma_redemption__hm1,framing_disguised
allocate,prim__edu_wf_v1,1,edu_01__structural__wf4,framing_disguised
allocate,prim__edu_wf_v1,2,edu_04__stigma_no_redemption__wf5,framing_disguised
allocate,prim__edu_wf_v1,3,edu_05__self_cause__wf1,framing_disguised
allocate,prim__edu_wf_v1,4,edu_02__stigma_redemption__wf3,framing_disguised
allocate,prim__edu_wf_v1,5,edu_03__control__wf2,framing_disguised
allocate,prim__edu_wf_v2,1,edu_05__stigma_no_redemption__wf2,framing_disguised
allocate,prim__edu_wf_v2,2,edu_02__self_cause__wf4,framing_disguised
allocate,prim__edu_wf_v2,3,edu_03__stigma_redemption__wf5,framing_disguised
allocate,prim__edu_wf_v2,4,edu_01__control__wf1,framing_disguised
allocate,prim__edu_wf_v2,5,edu_04__structural__wf3,framing_disguised
allocate,prim__edu_wf_v3,1,edu_03__self_cause__wf3,framing_disguised
allocate,prim__edu_wf_v3,2,edu_01__stigma_redemption__wf2,framing_disguised
allocate,prim__edu_wf_v3,3,edu_04__control__wf4,framing_disguised
allocate,prim__edu_wf_v3,4,edu_05__structural__wf5,framing_disguised
allocate,prim__edu_wf_v3,5,edu_02__stigma_no_redemption__wf1,framing_disguised
allocate,prim__edu_wf_v4,1,edu_04__stigma_redemption__wf1,framing_disguised
allocate,prim__edu_wf_v4,2,edu_05__control__wf3,framing_disguised
allocate,prim__edu_wf_v4,3,edu_02__structural__wf2,framing_disguised
allocate,prim__edu_wf_v4,4,edu_03__stigma_no_redemption__wf4,framing_disguised
allocate,prim__edu_wf_v4,5,edu_01__self_cause__wf5,framing_disguised
allocate,prim__edu_wf_v5,1,edu_02__control__wf5,framing_disguised
allocate,prim__edu_wf_v5,2,edu_03__structural__wf1,framing_disguised
allocate,prim__edu_wf_v5,3,edu_01__stigma_no_redemption__wf3,framing_disguised
allocate,prim__edu_wf_v5,4,edu_04__self_cause__wf2,framing_disguised
allocate,prim__edu_wf_v5,5,edu_05__stigma_redemption__wf4,framing_disguised
allocate,prim__edu_wm_v1,1,edu_02__stigma_redemption__wm4,framing_disguised
allocate,prim__edu_wm_v1,2,edu_04__structural__wm1,framing_disguised
allocate,prim__edu_wm_v1,3,edu_01__self_cause__wm2,framing_disguised
allocate,prim__edu_wm_v1,4,edu_05__stigma_no_redemption__wm5,framing_disguised
allocate,prim__edu_wm_v1,5,edu_03__control__wm3,framing_disguised
allocate,prim__edu_wm_v2,1,edu_01__structural__wm3,framing_disguised
allocate,prim__edu_wm_v2,2,edu_05__self_cause__wm4,framing_disguised
allocate,prim__edu_wm_v2,3,edu_03__stigma_no_redemption__wm1,framing_disguised
allocate,prim__edu_wm_v2,4,edu_02__control__wm2,framing_disguised
allocate,prim__edu_wm_v2,5,edu_04__stigma_redemption__wm5,framing_disguised
allocate,prim__edu_wm_v3,1,edu_03__self_cause__wm5,framing_disguised
allocate,prim__edu_wm_v3,2,edu_02__stigma_no_redemption__wm3,framing_disguised
allocate,prim__edu_wm_v3,3,edu_04__control__wm4,framing_disguised
allocate,prim__edu_wm_v3,4,edu_01__stigma_redemption__wm1,framing_disguised
allocate,prim__edu_wm_v3,5,edu_05__structural__wm2,framing_disguised
allocate,prim__edu_wm_v4,1,edu_04__stigma_no_redemption__wm2,framing_disguised
allocate,prim__edu_wm_v4,2,edu_01__control__wm5,framing_disguised
allocate,prim__edu_wm_v4,3,edu_05__stigma_redemption__wm3,framing_disguised
allocate,prim__edu_wm_v4,4,edu_03__structural__wm4,framing_disguised
allocate,prim__edu_wm_v4,5,edu_02__self_cause__wm1,framing_disguised
allocate,prim__edu_wm_v5,1,edu_05__control__wm1,framing_disguised
allocate,prim__edu_wm_v5,2,edu_03__stigma_redemption__wm2,framing_disguised
allocate,prim__edu_wm_v5,3,edu_02__structural__wm5,framing_disguised
allocate,prim__edu_wm_v5,4,edu_04__self_cause__wm3,framing_disguised
allocate,prim__edu_wm_v5,5,edu_01__stigma_no_redemption__wm4,framing_disguised
allocate,prim__med_af_v1,1,med_03__stigma_redemption__af4,framing_disguised
allocate,prim__med_af_v1,2,med_05__control__af1,framing_disguised
allocate,prim__med_af_v1,3,med_02__stigma_no_redemption__af2,framing_disguised
allocate,prim__med_af_v1,4,med_04__structural__af5,framing_disguised
allocate,prim__med_af_v1,5,med_01__self_cause__af3,framing_disguised
allocate,prim__med_af_v2,1,med_02__control__af3,framing_disguised
allocate,prim__med_af_v2,2,med_04__stigma_no_redemption__af4,framing_disguised
allocate,prim__med_af_v2,3,med_01__structural__af1,framing_disguised
allocate,prim__med_af_v2,4,med_03__self_cause__af2,framing_disguised
allocate,prim__med_af_v2,5,med_05__stigma_redemption__af5,framing_disguised
allocate,prim__med_af_v3,1,med_01__stigma_no_redemption__af5,framing_disguised
allocate,prim__med_af_v3,2,med_03__structural__af3,framing_disguised
allocate,prim__med_af_v3,3,med_05__self_cause__af4,framing_disguised
allocate,prim__med_af_v3,4,med_02__stigma_redemption__af1,framing_disguised
allocate,prim__med_af_v3,5,med_04__control__af2,framing_disguised
allocate,prim__med_af_v4,1,med_05__structural__af2,framing_disguised
allocate,prim__med_af_v4,2,med_02__self_cause__af5,framing_disguised
allocate,prim__med_af_v4,3,med_04__stigma_redemption__af3,framing_disguised
allocate,prim__med_af_v4,4,med_01__control__af4,framing_disguised
allocate,prim__med_af_v4,5,med_03__stigma_no_redemption__af1,framing_disguised
allocate,prim__med_af_v5,1,med_04__self_cause__af1,framing_disguised
allocate,prim__med_af_v5,2,med_01__stigma_redemption__af2,framing_disguised
allocate,prim__med_af_v5,3,med_03__control__af5,framing_disguised
allocate,prim__med_af_v5,4,med_05__stigma_no_redemption__af3,framing_disguised
allocate,prim__med_af_v5,5,med_02__structural__af4,framing_disguised
allocate,prim__med_am_v1,1,med_05__control__am1,framing_disguised
allocate,prim__med_am_v1,2,med_04__structural__am5,framing_disguised
allocate,prim__med_am_v1,3,med_02__stigma_no_redemption__am2,framing_disguised
allocate,prim__med_am_v1,4,med_03__stigma_redemption__am3,framing_disguised
allocate,prim__med_am_v1,5,med_01__self_cause__am4,framing_disguised
allocate,prim__med_am_v2,1,med_02__structural__am4,framing_disguised
allocate,prim__med_am_v2,2,med_03__stigma_no_redemption__am1,framing_disguised
allocate,prim__med_am_v2,3,med_01__stigma_redemption__am5,framing_disguised
allocate,prim__med_am_v2,4,med_05__self_cause__am2,framing_disguised
allocate,prim__med_am_v2,5,med_04__control__am3,framing_disguised
allocate,prim__med_am_v3,1,med_01__stigma_no_redemption__am3,framing_disguised
allocate,prim__med_am_v3,2,med_05__stigma_redemption__am4,framing_disguised
allocate,prim__med_am_v3,3,med_04__self_cause__am1,framing_disguised
allocate,prim__med_am_v3,4,med_02__control__am5,framing_disguised
allocate,prim__med_am_v3,5,med_03__structural__am2,framing_disguised
allocate,prim__med_am_v4,1,med_04__stigma_redemption__am2,framing_disguised
allocate,prim__med_am_v4,2,med_02__self_cause__am3,framing_disguised
allocate,prim__med_am_v4,3,med_03__control__am4,framing_disguised
allocate,prim__med_am_v4,4,med_01__structural__am1,framing_disguised
allocate,prim__med_am_v4,5,med_05__stigma_no_redemption__am5,framing_disguised
allocate,prim__med_am_v5,1,med_03__self_cause__am5,framing_disguised
allocate,prim__med_am_v5,2,med_01__control__am2,framing_disguised
allocate,prim__med_am_v5,3,med_05__structural__am3,framing_disguised
allocate,prim__med_am_v5,4,med_04__stigma_no_redemption__am4,framing_disguised
allocate,prim__med_am_v5,5,med_02__stigma_redemption__am1,framing_disguised
allocate,prim__med_bf_v1,1,med_05__stigma_redemption__bf3,framing_disguised
allocate,prim__med_bf_v1,2,med_03__control__bf1,framing_disguised
allocate,prim__med_bf_v1,3,med_04__structural__bf5,framing_disguised
allocate,prim__med_bf_v1,4,med_02__stigma_no_redemption__bf4,framing_disguised
allocate,prim__med_bf_v1,5,med_01__self_cause__bf2,framing_disguised
allocate,prim__med_bf_v2,1,med_04__control__bf2,framing_disguised
allocate,prim__med_bf_v2,2,med_02__structural__bf3,framing_disguised
allocate,prim__med_bf_v2,3,med_01__stigma_no_redemption__bf1,framing_disguised
allocate,prim__med_bf_v2,4,med_05__self_cause__bf5,framing_disguised
allocate,prim__med_bf_v2,5,med_03__stigma_redemption__bf4,framing_disguised
allocate,prim__med_bf_v3,1,med_01__structural__bf4,framing_disguised
allocate,prim__med_bf_v3,2,med_05__stigma_no_redemption__bf2,framing_disguised
allocate,prim__med_bf_v3,3,med_03__self_cause__bf3,framing_disguised
allocate,prim__med_bf_v3,4,med_04__stigma_redemption__bf1,framing_disguised
allocate,prim__med_bf_v3,5,med_02__control__bf5,framing_disguised
allocate,prim__med_bf_v4,1,med_03__stigma_no_redemption__bf5,framing_disguised
allocate,prim__med_bf_v4,2,med_04__self_cause__bf4,framing_disguised
allocate,prim__med_bf_v4,3,med_02__stigma_redemption__bf2,framing_disguised
allocate,prim__med_bf_v4,4,med_01__control__bf3,framing_disguised
allocate,prim__med_bf_v4,5,med_05__structural__bf1,framing_disguised
allocate,prim__med_bf_v5,1,med_02__self_cause__bf1,framing_disguised
allocate,prim__med_bf_v5,2,med_01__stigma_redemption__bf5,framing_disguised
allocate,prim__med_bf_v5,3,med_05__control__bf4,framing_disguised
allocate,prim__med_bf_v5,4,med_03__structural__bf2,framing_disguised
allocate,prim__med_bf_v5,5,med_04__stigma_no_redemption__bf3,framing_disguised
allocate,prim__med_bm_v1,1,med_02__control__bm4,framing_disguised
allocate,prim__med_bm_v1,2,med_01__stigma_no_redemption__bm5,framing_disguised
allocate,prim__med_bm_v1,3,med_04__structural__bm3,framing_disguised
allocate,prim__med_bm_v1,4,med_03__self_cause__bm2,framing_disguised
allocate,prim__med_bm_v1,5,med_05__stigma_redemption__bm1,framing_disguised
allocate,prim__med_bm_v2,1,med_04__stigma_no_redemption__bm1,framing_disguised
allocate,prim__med_bm_v2,2,med_03__structural__bm4,framing_disguised
allocate,prim__med_bm_v2,3,med_05__self_cause__bm5,framing_disguised
allocate,prim__med_bm_v2,4,med_02__stigma_redemption__bm3,framing_disguised
allocate,prim__med_bm_v2,5,med_01__control__bm2,framing_disguised
allocate,prim__med_bm_v3,1,med_05__structural__bm2,framing_disguised
allocate,prim__med_bm_v3,2,med_02__self_cause__bm1,framing_disguised
allocate,prim__med_bm_v3,3,med_01__stigma_redemption__bm4,framing_disguised
allocate,prim__med_bm_v3,4,med_04__control__bm5,framing_disguised
allocate,prim__med_bm_v3,5,med_03__stigma_no_redemption__bm3,framing_disguised
allocate,prim__med_bm_v4,1,med_01__self_cause__bm3,framing_disguised
allocate,prim__med_bm_v4,2,med_04__stigma_redemption__bm2,framing_disguised
allocate,prim__med_bm_v4,3,med_03__control__bm1,framing_disguised
allocate,prim__med_bm_v4,4,med_05__stigma_no_redemption__bm4,framing_disguised
allocate,prim__med_bm_v4,5,med_02__structural__bm5,framing_disguised
allocate,prim__med_bm_v5,1,med_03__stigma_redemption__bm5,framing_disguised
allocate,prim__med_bm_v5,2,med_05__control__bm3,framing_disguised
allocate,prim__med_bm_v5,3,med_02__stigma_no_redemption__bm2,framing_disguised
allocate,prim__med_bm_v5,4,med_01__structural__bm1,framing_disguised
allocate,prim__med_bm_v5,5,med_04__self_cause__bm4,framing_disguised
allocate,prim__med_hf_v1,1,med_04__stigma_no_redemption__hf5,framing_disguised
allocate,prim__med_hf_v1,2,med_05__structural__hf4,framing_disguised
allocate,prim__med_hf_v1,3,med_02__stigma_redemption__hf3,framing_disguised
allocate,prim__med_hf_v1,4,med_03__self_cause__hf1,framing_disguised
allocate,prim__med_hf_v1,5,med_01__control__hf2,framing_disguised
allocate,prim__med_hf_v2,1,med_02__structural__hf2,framing_disguised
allocate,prim__med_hf_v2,2,med_03__stigma_redemption__hf5,framing_disguised
allocate,prim__med_hf_v2,3,med_01__self_cause__hf4,framing_disguised
allocate,prim__med_hf_v2,4,med_04__control__hf3,framing_disguised
allocate,prim__med_hf_v2,5,med_05__stigma_no_redemption__hf1,framing_disguised
allocate,prim__med_hf_v3,1,med_01__stigma_redemption__hf1,framing_disguised
allocate,prim__med_hf_v3,2,med_04__self_cause__hf2,framing_disguised
allocate,prim__med_hf_v3,3,med_05__control__hf5,framing_disguised
allocate,prim__med_hf_v3,4,med_02__stigma_no_redemption__hf4,framing_disguised
allocate,prim__med_hf_v3,5,med_03__structural__hf3,framing_disguised
allocate,prim__med_hf_v4,1,med_05__self_cause__hf3,framing_disguised
allocate,prim__med_hf_v4,2,med_02__control__hf1,framing_disguised
allocate,prim__med_hf_v4,3,med_03__stigma_no_redemption__hf2,framing_disguised
allocate,prim__med_hf_v4,4,med_01__structural__hf5,framing_disguised
allocate,prim__med_hf_v4,5,med_04__stigma_redemption__hf4,framing_disguised
allocate,prim__med_hf_v5,1,med_03__control__hf4,framing_disguised
allocate,prim__med_hf_v5,2,med_01__stigma_no_redemption__hf3,framing_disguised
allocate,prim__med_hf_v5,3,med_04__structural__hf1,framing_disguised
allocate,prim__med_hf_v5,4,med_05__stigma_redemption__hf2,framing_disguised
allocate,prim__med_hf_v5,5,med_02__self_cause__hf5,framing_disguised
allocate,prim__med_hm_v1,1,med_03__structural__hm4,framing_disguised
allocate,prim__med_hm_v1,2,med_04__control__hm2,framing_disguised
allocate,prim__med_hm_v1,3,med_02__self_cause__hm3,framing_disguised
allocate,prim__med_hm_v1,4,med_05__stigma_no_redemption__hm5,framing_disguised
allocate,prim__med_hm_v1,5,med_01__stigma_redemption__hm1,framing_disguised
allocate,prim__med_hm_v2,1,med_02__control__hm1,framing_disguised
allocate,prim__med_hm_v2,2,med_05__self_cause__hm4,framing_disguised
allocate,prim__med_hm_v2,3,med_01__stigma_no_redemption__hm2,framing_disguised
allocate,prim__med_hm_v2,4,med_03__stigma_redemption__hm3,framing_disguised
allocate,prim__med_hm_v2,5,med_04__structural__hm5,framing_disguised
allocate,prim__med_hm_v3,1,med_01__self_cause__hm5,framing_disguised
allocate,prim__med_hm_v3,2,med_03__stigma_no_redemption__hm1,framing_disguised
allocate,prim__med_hm_v3,3,med_04__stigma_redemption__hm4,framing_disguised
allocate,prim__med_hm_v3,4,med_02__structural__hm2,framing_disguised
allocate,prim__med_hm_v3,5,med_05__control__hm3,framing_disguised
allocate,prim__med_hm_v4,1,med_04__stigma_no_redemption__hm3,framing_disguised
allocate,prim__med_hm_v4,2,med_02__stigma_redemption__hm5,framing_disguised
allocate,prim__med_hm_v4,3,med_05__structural__hm1,framing_disguised
allocate,prim__med_hm_v4,4,med_01__control__hm4,framing_disguised
allocate,prim__med_hm_v4,5,med_03__self_cause__hm2,framing_disguised
allocate,prim__med_hm_v5,1,med_05__stigma_redemption__hm2,framing_disguised
allocate,prim__med_hm_v5,2,med_01__structural__hm3,framing_disguised
allocate,prim__med_hm_v5,3,med_03__control__hm5,framing_disguised
allocate,prim__med_hm_v5,4,med_04__self_cause__hm1,framing_disguised
allocate,prim__med_hm_v5,5,med_02__stigma_no_redemption__hm4,framing_disguised
allocate,prim__med_wf_v1,1,med_05__stigma_redemption__wf4,framing_disguised
allocate,prim__med_wf_v1,2,med_04__self_cause__wf5,framing_disguised
allocate,prim__med_wf_v1,3,med_03__control__wf2,framing_disguised
allocate,prim__med_wf_v1,4,med_02__structural__wf3,framing_disguised
allocate,prim__med_wf_v1,5,med_01__stigma_no_redemption__wf1,framing_disguised
allocate,prim__med_wf_v2,1,med_03__self_cause__wf1,framing_disguised
allocate,prim__med_wf_v2,2,med_02__control__wf4,framing_disguised
allocate,prim__med_wf_v2,3,med_01__structural__wf5,framing_disguised
allocate,prim__med_wf_v2,4,med_05__stigma_no_redemption__wf2,framing_disguised
allocate,prim__med_wf_v2,5,med_04__stigma_redemption__wf3,framing_disguised
allocate,prim__med_wf_v3,1,med_01__control__wf3,framing_disguised
allocate,prim__med_wf_v3,2,med_05__structural__wf1,framing_disguised
allocate,prim__med_wf_v3,3,med_04__stigma_no_redemption__wf4,framing_disguised
allocate,prim__med_wf_v3,4,med_03__stigma_redemption__wf5,framing_disguised
allocate,prim__med_wf_v3,5,med_02__self_cause__wf2,framing_disguised
allocate,prim__med_wf_v4,1,med_04__structural__wf2,framing_disguised
allocate,prim__med_wf_v4,2,med_03__stigma_no_redemption__wf3,framing_disguised
allocate,prim__med_wf_v4,3,med_02__stigma_redemption__wf1,framing_disguised
allocate,prim__med_wf_v4,4,med_01__self_cause__wf4,framing_disguised
allocate,prim__med_wf_v4,5,med_05__control__wf5,framing_disguised
allocate,prim__med_wf_v5,1,med_02__stigma_no_redemption__wf5,framing_disguised
allocate,prim__med_wf_v5,2,med_01__stigma_redemption__wf2,framing_disguised
allocate,prim__med_wf_v5,3,med_05__self_cause__wf3,framing_disguised
allocate,prim__med_wf_v5,4,med_04__control__wf1,framing_disguised
allocate,prim__med_wf_v5,5,med_03__structural__wf4,framing_disguised
allocate,prim__med_wm_v1,1,med_05__structural__wm3,framing_disguised
allocate,prim__med_wm_v1,2,med_04__stigma_no_redemption__wm4,framing_disguised
allocate,prim__med_wm_v1,3,med_01__self_cause__wm5,framing_disguised
allocate,prim__med_wm_v1,4,med_02__stigma_redemption__wm1,framing_disguised
allocate,prim__med_wm_v1,5,med_03__control__wm2,framing_disguised
allocate,prim__med_wm_v2,1,med_01__stigma_no_redemption__wm2,framing_disguised
allocate,prim__med_wm_v2,2,med_02__self_cause__wm3,framing_disguised
allocate,prim__med_wm_v2,3,med_03__stigma_redemption__wm4,framing_disguised
allocate,prim__med_wm_v2,4,med_05__control__wm5,framing_disguised
allocate,prim__med_wm_v2,5,med_04__structural__wm1,framing_disguised
allocate,prim__med_wm_v3,1,med_03__self_cause__wm1,framing_disguised
allocate,prim__med_wm_v3,2,med_05__stigma_redemption__wm2,framing_disguised
allocate,prim__med_wm_v3,3,med_04__control__wm3,framing_disguised
allocate,prim__med_wm_v3,4,med_01__structural__wm4,framing_disguised
allocate,prim__med_wm_v3,5,med_02__stigma_no_redemption__wm5,framing_disguised
allocate,prim__med_wm_v4,1,med_04__stigma_redemption__wm5,framing_disguised
allocate,prim__med_wm_v4,2,med_01__control__wm1,framing_disguised
allocate,prim__med_wm_v4,3,med_02__structural__wm2,framing_disguised
allocate,prim__med_wm_v4,4,med_03__stigma_no_redemption__wm3,framing_disguised
allocate,prim__med_wm_v4,5,med_05__self_cause__wm4,framing_disguised
allocate,prim__med_wm_v5,1,med_02__control__wm4,framing_disguised
allocate,prim__med_wm_v5,2,med_03__structural__wm5,framing_disguised
allocate,prim__med_wm_v5,3,med_05__stigma_no_redemption__wm1,framing_disguised
allocate,prim__med_wm_v5,4,med_04__self_cause__wm2,framing_disguised
allocate,prim__med_wm_v5,5,med_01__stigma_redemption__wm3,framing_disguised
allocate,prim__rnt_af_v1,1,rent_01__structural__af2,framing_disguised
allocate,prim__rnt_af_v1,2,rent_05__control__af5,framing_disguised
allocate,prim__rnt_af_v1,3,rent_04__stigma_redemption__af3,framing_disguised
allocate,prim__rnt_af_v1,4,rent_02__self_cause__af1,framing_disguised
allocate,prim__rnt_af_v1,5,rent_03__stigma_no_redemption__af4,framing_disguised
allocate,prim__rnt_af_v2,1,rent_04__control__af4,framing_disguised
allocate,prim__rnt_af_v2,2,rent_02__stigma_redemption__af2,framing_disguised
allocate,prim__rnt_af_v2,3,rent_03__self_cause__af5,framing_disguised
allocate,prim__rnt_af_v2,4,rent_01__stigma_no_redemption__af3,framing_disguised
allocate,prim__rnt_af_v2,5,rent_05__structural__af1,framing_disguised
allocate,prim__rnt_af_v3,1,rent_03__stigma_redemption__af1,framing_disguised
allocate,prim__rnt_af_v3,2,rent_01__self_cause__af4,framing_disguised
allocate,prim__rnt_af_v3,3,rent_05__stigma_no_redemption__af2,framing_disguised
allocate,prim__rnt_af_v3,4,rent_04__structural__af5,framing_disguised
allocate,prim__rnt_af_v3,5,rent_02__control__af3,framing_disguised
allocate,prim__rnt_af_v4,1,rent_05__self_cause__af3,framing_disguised
allocate,prim__rnt_af_v4,2,rent_04__stigma_no_redemption__af1,framing_disguised
allocate,prim__rnt_af_v4,3,rent_02__structural__af4,framing_disguised
allocate,prim__rnt_af_v4,4,rent_03__control__af2,framing_disguised
allocate,prim__rnt_af_v4,5,rent_01__stigma_redemption__af5,framing_disguised
allocate,prim__rnt_af_v5,1,rent_02__stigma_no_redemption__af5,framing_disguised
allocate,prim__rnt_af_v5,2,rent_03__structural__af3,framing_disguised
allocate,prim__rnt_af_v5,3,rent_01__control__af1,framing_disguised
allocate,prim__rnt_af_v5,4,rent_05__stigma_redemption__af4,framing_disguised
allocate,prim__rnt_af_v5,5,rent_04__self_cause__af2,framing_disguised
allocate,prim__rnt_am_v1,1,rent_02__control__am3,framing_disguised
allocate,prim__rnt_am_v1,2,rent_04__stigma_redemption__am4,framing_disguised
allocate,prim__rnt_am_v1,3,rent_05__structural__am1,framing_disguised
allocate,prim__rnt_am_v1,4,rent_01__stigma_no_redemption__am5,framing_disguised
allocate,prim__rnt_am_v1,5,rent_03__self_cause__am2,framing_disguised
allocate,prim__rnt_am_v2,1,rent_05__stigma_redemption__am2,framing_disguised
allocate,prim__rnt_am_v2,2,rent_01__structural__am3,framing_disguised
allocate,prim__rnt_am_v2,3,rent_03__stigma_no_redemption__am4,framing_disguised
allocate,prim__rnt_am_v2,4,rent_02__self_cause__am1,framing_disguised
allocate,prim__rnt_am_v2,5,rent_04__control__am5,framing_disguised
allocate,prim__rnt_am_v3,1,rent_03__structural__am5,framing_disguised
allocate,prim__rnt_am_v3,2,rent_02__stigma_no_redemption__am2,framing_disguised
allocate,prim__rnt_am_v3,3,rent_04__self_cause__am3,framing_disguised
allocate,prim__rnt_am_v3,4,rent_05__control__am4,framing_disguised
allocate,prim__rnt_am_v3,5,rent_01__stigma_redemption__am1,framing_disguised
allocate,prim__rnt_am_v4,1,rent_04__stigma_no_redemption__am1,framing_disguised
allocate,prim__rnt_am_v4,2,rent_05__self_cause__am5,framing_disguised
allocate,prim__rnt_am_v4,3,rent_01__control__am2,framing_disguised
allocate,prim__rnt_am_v4,4,rent_03__stigma_redemption__am3,framing_disguised
allocate,prim__rnt_am_v4,5,rent_02__structural__am4,framing_disguised
allocate,prim__rnt_am_v5,1,rent_01__self_cause__am4,framing_disguised
allocate,prim__rnt_am_v5,2,rent_03__control__am1,framing_disguised
allocate,prim__rnt_am_v5,3,rent_02__stigma_redemption__am5,framing_disguised
allocate,prim__rnt_am_v5,4,rent_04__structural__am2,framing_disguised
allocate,prim__rnt_am_v5,5,rent_05__stigma_no_redemption__am3,framing_disguised
allocate,prim__rnt_bf_v1,1,rent_01__control__bf3,framing_disguised
allocate,prim__rnt_bf_v1,2,rent_02__stigma_redemption__bf1,framing_disguised
allocate,prim__rnt_bf_v1,3,rent_03__self_cause__bf4,framing_disguised
allocate,prim__rnt_bf_v1,4,rent_05__stigma_no_redemption__bf5,framing_disguised
allocate,prim__rnt_bf_v1,5,rent_04__structural__bf2,framing_disguised
allocate,prim__rnt_bf_v2,1,rent_03__stigma_redemption__bf2,framing_disguised
allocate,prim__rnt_bf_v2,2,rent_05__self_cause__bf3,framing_disguised
allocate,prim__rnt_bf_v2,3,rent_04__stigma_no_redemption__bf1,framing_disguised
allocate,prim__rnt_bf_v2,4,rent_01__structural__bf4,framing_disguised
allocate,prim__rnt_bf_v2,5,rent_02__control__bf5,framing_disguised
allocate,prim__rnt_bf_v3,1,rent_04__self_cause__bf5,framing_disguised
allocate,prim__rnt_bf_v3,2,rent_01__stigma_no_redemption__bf2,framing_disguised
allocate,prim__rnt_bf_v3,3,rent_02__structural__bf3,framing_disguised
allocate,prim__rnt_bf_v3,4,rent_03__control__bf1,framing_disguised
allocate,prim__rnt_bf_v3,5,rent_05__stigma_redemption__bf4,framing_disguised
allocate,prim__rnt_bf_v4,1,rent_02__stigma_no_redemption__bf4,framing_disguised
allocate,prim__rnt_bf_v4,2,rent_03__structural__bf5,framing_disguised
allocate,prim__rnt_bf_v4,3,rent_05__control__bf2,framing_disguised
allocate,prim__rnt_bf_v4,4,rent_04__stigma_redemption__bf3,framing_disguised
allocate,prim__rnt_bf_v4,5,rent_01__self_cause__bf1,framing_disguised
allocate,prim__rnt_bf_v5,1,rent_05__structural__bf1,framing_disguised
allocate,prim__rnt_bf_v5,2,rent_04__control__bf4,framing_disguised
allocate,prim__rnt_bf_v5,3,rent_01__stigma_redemption__bf5,framing_disguised
allocate,prim__rnt_bf_v5,4,rent_02__self_cause__bf2,framing_disguised
allocate,prim__rnt_bf_v5,5,rent_03__stigma_no_redemption__bf3,framing_disguised
allocate,prim__rnt_bm_v1,1,rent_03__stigma_no_redemption__bm4,framing_disguised
allocate,prim__rnt_bm_v1,2,rent_01__stigma_redemption__bm1,framing_disguised
allocate,prim__rnt_bm_v1,3,rent_02__structural__bm2,framing_disguised
allocate,prim__rnt_bm_v1,4,rent_05__control__bm3,framing_disguised
allocate,prim__rnt_bm_v1,5,rent_04__self_cause__bm5,framing_disguised
allocate,prim__rnt_bm_v2,1,rent_02__stigma_redemption__bm5,framing_disguised
allocate,prim__rnt_bm_v2,2,rent_05__structural__bm4,framing_disguised
allocate,prim__rnt_bm_v2,3,rent_04__control__bm1,framing_disguised
allocate,prim__rnt_bm_v2,4,rent_03__self_cause__bm2,framing_disguised
allocate,prim__rnt_bm_v2,5,rent_01__stigma_no_redemption__bm3,framing_disguised
allocate,prim__rnt_bm_v3,1,rent_04__structural__bm3,framing_disguised
allocate,prim__rnt_bm_v3,2,rent_03__control__bm5,framing_disguised
allocate,prim__rnt_bm_v3,3,rent_01__self_cause__bm4,framing_disguised
allocate,prim__rnt_bm_v3,4,rent_02__stigma_no_redemption__bm1,framing_disguised
allocate,prim__rnt_bm_v3,5,rent_05__stigma_redemption__bm2,framing_disguised
allocate,prim__rnt_bm_v4,1,rent_01__control__bm2,framing_disguised
allocate,prim__rnt_bm_v4,2,rent_02__self_cause__bm3,framing_disguised
allocate,prim__rnt_bm_v4,3,rent_05__stigma_no_redemption__bm5,framing_disguised
allocate,prim__rnt_bm_v4,4,rent_04__stigma_redemption__bm4,framing_disguised
allocate,prim__rnt_bm_v4,5,rent_03__structural__bm1,framing_disguised
allocate,prim__rnt_bm_v5,1,rent_05__self_cause__bm1,framing_disguised
allocate,prim__rnt_bm_v5,2,rent_04__stigma_no_redemption__bm2,framing_disguised
allocate,prim__rnt_bm_v5,3,rent_03__stigma_redemption__bm3,framing_disguised
allocate,prim__rnt_bm_v5,4,rent_01__structural__bm5,framing_disguised
allocate,prim__rnt_bm_v5,5,rent_02__control__bm4,framing_disguised
allocate,prim__rnt_hf_v1,1,rent_01__structural__hf2,framing_disguised
allocate,prim__rnt_hf_v1,2,rent_05__self_cause__hf4,framing_disguised
allocate,prim__rnt_hf_v1,3,rent_03__control__hf5,framing_disguised
allocate,prim__rnt_hf_v1,4,rent_04__stigma_no_redemption__hf3,framing_disguised
allocate,prim__rnt_hf_v1,5,rent_02__stigma_redemption__hf1,framing_disguised
allocate,prim__rnt_hf_v2,1,rent_03__self_cause__hf1,framing_disguised
allocate,prim__rnt_hf_v2,2,rent_04__control__hf2,framing_disguised
allocate,prim__rnt_hf_v2,3,rent_02__stigma_no_redemption__hf4,framing_disguised
allocate,prim__rnt_hf_v2,4,rent_01__stigma_redemption__hf5,framing_disguised
allocate,prim__rnt_hf_v2,5,rent_05__structural__hf3,framing_disguised
allocate,prim__rnt_hf_v3,1,rent_02__control__hf3,framing_disguised
allocate,prim__rnt_hf_v3,2,rent_01__stigma_no_redemption__hf1,framing_disguised
allocate,prim__rnt_hf_v3,3,rent_05__stigma_redemption__hf2,framing_disguised
allocate,prim__rnt_hf_v3,4,rent_03__structural__hf4,framing_disguised
allocate,prim__rnt_hf_v3,5,rent_04__self_cause__hf5,framing_disguised
allocate,prim__rnt_hf_v4,1,rent_05__stigma_no_redemption__hf5,framing_disguised
allocate,prim__rnt_hf_v4,2,rent_03__stigma_redemption__hf3,framing_disguised
allocate,prim__rnt_hf_v4,3,rent_04__structural__hf1,framing_disguised
allocate,prim__rnt_hf_v4,4,rent_02__self_cause__hf2,framing_disguised
allocate,prim__rnt_hf_v4,5,rent_01__control__hf4,framing_disguised
allocate,prim__rnt_hf_v5,1,rent_04__stigma_redemption__hf4,framing_disguised
allocate,prim__rnt_hf_v5,2,rent_02__structural__hf5,framing_disguised
allocate,prim__rnt_hf_v5,3,rent_01__self_cause__hf3,framing_disguised
allocate,prim__rnt_hf_v5,4,rent_05__control__hf1,framing_disguised
allocate,prim__rnt_hf_v5,5,rent_03__stigma_no_redemption__hf2,framing_disguised
allocate,prim__rnt_hm_v1,1,rent_03__control__hm2,framing_disguised
allocate,prim__rnt_hm_v1,2,rent_04__stigma_no_redemption__hm3,framing_disguised
allocate,prim__rnt_hm_v1,3,rent_05__stigma_redemption__hm1,framing_disguised
allocate,prim__rnt_hm_v1,4,rent_01__structural__hm4,framing_disguised
allocate,prim__rnt_hm_v1,5,rent_02__self_cause__hm5,framing_disguised
allocate,prim__rnt_hm_v2,1,rent_05__stigma_no_redemption__hm5,framing_disguised
allocate,prim__rnt_hm_v2,2,rent_01__stigma_redemption__hm2,framing_disguised
allocate,prim__rnt_hm_v2,3,rent_02__structural__hm3,framing_disguised
allocate,prim__rnt_hm_v2,4,rent_03__self_cause__hm1,framing_disguised
allocate,prim__rnt_hm_v2,5,rent_04__control__hm4,framing_disguised
allocate,prim__rnt_hm_v3,1,rent_02__stigma_redemption__hm4,framing_disguised
allocate,prim__rnt_hm_v3,2,rent_03__structural__hm5,framing_disguised
allocate,prim__rnt_hm_v3,3,rent_04__self_cause__hm2,framing_disguised
allocate,prim__rnt_hm_v3,4,rent_05__control__hm3,framing_disguised
allocate,prim__rnt_hm_v3,5,rent_01__stigma_no_redemption__hm1,framing_disguised
allocate,prim__rnt_hm_v4,1,rent_04__structural__hm1,framing_disguised
allocate,prim__rnt_hm_v4,2,rent_05__self_cause__hm4,framing_disguised
allocate,prim__rnt_hm_v4,3,rent_01__control__hm5,framing_disguised
allocate,prim__rnt_hm_v4,4,rent_02__stigma_no_redemption__hm2,framing_disguised
allocate,prim__rnt_hm_v4,5,rent_03__stigma_redemption__hm3,framing_disguised
allocate,prim__rnt_hm_v5,1,rent_01__self_cause__hm3,framing_disguised
allocate,prim__rnt_hm_v5,2,rent_02__control__hm1,framing_disguised
allocate,prim__rnt_hm_v5,3,rent_03__stigma_no_redemption__hm4,framing_disguised
allocate,prim__rnt_hm_v5,4,rent_04__stigma_redemption__hm5,framing_disguised
allocate,prim__rnt_hm_v5,5,rent_05__structural__hm2,framing_disguised
allocate,prim__rnt_wf_v1,1,rent_03__structural__wf5,framing_disguised
allocate,prim__rnt_wf_v1,2,rent_02__stigma_redemption__wf4,framing_disguised
allocate,prim__rnt_wf_v1,3,rent_01__control__wf2,framing_disguised
allocate,prim__rnt_wf_v1,4,rent_05__self_cause__wf3,framing_disguised
allocate,prim__rnt_wf_v1,5,rent_04__stigma_no_redemption__wf1,framing_disguised
allocate,prim__rnt_wf_v2,1,rent_01__stigma_redemption__wf1,framing_disguised
allocate,prim__rnt_wf_v2,2,rent_05__control__wf5,framing_disguised
allocate,prim__rnt_wf_v2,3,rent_04__self_cause__wf4,framing_disguised
allocate,prim__rnt_wf_v2,4,rent_03__stigma_no_redemption__wf2,framing_disguised
allocate,prim__rnt_wf_v2,5,rent_02__structural__wf3,framing_disguised
allocate,prim__rnt_wf_v3,1,rent_04__control__wf3,framing_disguised
allocate,prim__rnt_wf_v3,2,rent_03__self_cause__wf1,framing_disguised
allocate,prim__rnt_wf_v3,3,rent_02__stigma_no_redemption__wf5,framing_disguised
allocate,prim__rnt_wf_v3,4,rent_01__structural__wf4,framing_disguised
allocate,prim__rnt_wf_v3,5,rent_05__stigma_redemption__wf2,framing_disguised
allocate,prim__rnt_wf_v4,1,rent_02__self_cause__wf2,framing_disguised
allocate,prim__rnt_wf_v4,2,rent_01__stigma_no_redemption__wf3,framing_disguised
allocate,prim__rnt_wf_v4,3,rent_05__structural__wf1,framing_disguised
allocate,prim__rnt_wf_v4,4,rent_04__stigma_redemption__wf5,framing_disguised
allocate,prim__rnt_wf_v4,5,rent_03__control__wf4,framing_disguised
allocate,prim__rnt_wf_v5,1,rent_05__stigma_no_redemption__wf4,framing_disguised
allocate,prim__rnt_wf_v5,2,rent_04__structural__wf2,framing_disguised
allocate,prim__rnt_wf_v5,3,rent_03__stigma_redemption__wf3,framing_disguised
allocate,prim__rnt_wf_v5,4,rent_02__control__wf1,framing_disguised
allocate,prim__rnt_wf_v5,5,rent_01__self_cause__wf5,framing_disguised
allocate,prim__rnt_wm_v1,1,rent_04__self_cause__wm4,framing_disguised
allocate,prim__rnt_wm_v1,2,rent_05__control__wm1,framing_disguised
allocate,prim__rnt_wm_v1,3,rent_02__stigma_no_redemption__wm3,framing_disguised
allocate,prim__rnt_wm_v1,4,rent_01__stigma_redemption__wm2,framing_disguised
allocate,prim__rnt_wm_v1,5,rent_03__structural__wm5,framing_disguised
allocate,prim__rnt_wm_v2,1,rent_02__control__wm5,framing_disguised
allocate,prim__rnt_wm_v2,2,rent_01__stigma_no_redemption__wm4,framing_disguised
allocate,prim__rnt_wm_v2,3,rent_03__stigma_redemption__wm1,framing_disguised
allocate,prim__rnt_wm_v2,4,rent_04__structural__wm3,framing_disguised
allocate,prim__rnt_wm_v2,5,rent_05__self_cause__wm2,framing_disguised
allocate,prim__rnt_wm_v3,1,rent_03__stigma_no_redemption__wm2,framing_disguised
allocate,prim__rnt_wm_v3,2,rent_04__stigma_redemption__wm5,framing_disguised
allocate,prim__rnt_wm_v3,3,rent_05__structural__wm4,framing_disguised
allocate,prim__rnt_wm_v3,4,rent_02__self_cause__wm1,framing_disguised
allocate,prim__rnt_wm_v3,5,rent_01__control__wm3,framing_disguised
allocate,prim__rnt_wm_v4,1,rent_05__stigma_redemption__wm3,framing_disguised
allocate,prim__rnt_wm_v4,2,rent_02__structural__wm2,framing_disguised
allocate,prim__rnt_wm_v4,3,rent_01__self_cause__wm5,framing_disguised
allocate,prim__rnt_wm_v4,4,rent_03__control__wm4,framing_disguised
allocate,prim__rnt_wm_v4,5,rent_04__stigma_no_redemption__wm1,framing_disguised
allocate,prim__rnt_wm_v5,1,rent_01__structural__wm1,framing_disguised
allocate,prim__rnt_wm_v5,2,rent_03__self_cause__wm3,framing_disguised
allocate,prim__rnt_wm_v5,3,rent_04__control__wm2,framing_disguised
allocate,prim__rnt_wm_v5,4,rent_05__stigma_no_redemption__wm5,framing_disguised
allocate,prim__rnt_wm_v5,5,rent_02__stigma_redemption__wm4,framing_disguised
rank,comp__edu_f_control_v1,1,edu_05__control__wf3,race_transparent
rank,comp__edu_f_control_v1,2,edu_05__control__bf1,race_transparent
rank,comp__edu_f_control_v1,3,edu_05__control__hf3,race_transparent
rank,comp__edu_f_control_v1,4,edu_05__control__af3,race_transparent
rank,comp__edu_f_control_v4,1,edu_05__control__af4,race_transparent
rank,comp__edu_f_control_v4,2,edu_05__control__wf1,race_transparent
rank,comp__edu_f_control_v4,3,edu_05__control__bf3,race_transparent
rank,comp__edu_f_control_v4,4,edu_05__control__hf2,race_transparent
rank,comp__edu_f_self_cause_v2,1,edu_03__self_cause__bf2,race_transparent
rank,comp__edu_f_self_cause_v2,2,edu_03__self_cause__hf5,race_transparent
rank,comp__edu_f_self_cause_v2,3,edu_03__self_cause__af5,race_transparent
rank,comp__edu_f_self_cause_v2,4,edu_03__self_cause__wf5,race_transparent
rank,comp__edu_f_self_cause_v4,1,edu_03__self_cause__af3,race_transparent
rank,comp__edu_f_self_cause_v4,2,edu_03__self_cause__wf3,race_transparent
rank,comp__edu_f_self_cause_v4,3,edu_03__self_cause__bf1,race_transparent
rank,comp__edu_f_self_cause_v4,4,edu_03__self_cause__hf3,race_transparent
rank,comp__edu_f_stigma_no_redemption_v3,1,edu_01__stigma_no_redemption__hf2,race_transparent
rank,comp__edu_f_stigma_no_redemption_v3,2,edu_01__stigma_no_redemption__af4,race_transparent
rank,comp__edu_f_stigma_no_redemption_v3,3,edu_01__stigma_no_redemption__wf1,race_transparent
rank,comp__edu_f_stigma_no_redemption_v3,4,edu_01__stigma_no_redemption__bf3,race_transparent
rank,comp__edu_f_stigma_no_redemption_v4,1,edu_01__stigma_no_redemption__af1,race_transparent
rank,comp__edu_f_stigma_no_redemption_v4,2,edu_01__stigma_no_redemption__wf2,race_transparent
rank,comp__edu_f_stigma_no_redemption_v4,3,edu_01__stigma_no_redemption__bf4,race_transparent
rank,comp__edu_f_stigma_no_redemption_v4,4,edu_01__stigma_no_redemption__hf1,race_transparent
rank,comp__edu_f_stigma_redemption_v1,1,edu_02__stigma_redemption__wf4,race_transparent
rank,comp__edu_f_stigma_redemption_v1,2,edu_02__stigma_redemption__bf5,race_transparent
rank,comp__edu_f_stigma_redemption_v1,3,edu_02__stigma_redemption__hf4,race_transparent
rank,comp__edu_f_stigma_redemption_v1,4,edu_02__stigma_redemption__af2,race_transparent
rank,comp__edu_f_stigma_redemption_v2,1,edu_02__stigma_redemption__bf2,race_transparent
rank,comp__edu_f_stigma_redemption_v2,2,edu_02__stigma_redemption__hf5,race_transparent
rank,comp__edu_f_stigma_redemption_v2,3,edu_02__stigma_redemption__af5,race_transparent
rank,comp__edu_f_stigma_redemption_v2,4,edu_02__stigma_redemption__wf5,race_transparent
rank,comp__edu_f_structural_v2,1,edu_04__structural__bf4,race_transparent
rank,comp__edu_f_structural_v2,2,edu_04__structural__hf1,race_transparent
rank,comp__edu_f_structural_v2,3,edu_04__structural__af1,race_transparent
rank,comp__edu_f_structural_v2,4,edu_04__structural__wf2,race_transparent
rank,comp__edu_f_structural_v3,1,edu_04__structural__hf4,race_transparent
rank,comp__edu_f_structural_v3,2,edu_04__structural__af2,race_transparent
rank,comp__edu_f_structural_v3,3,edu_04__structural__wf4,race_transparent
rank,comp__edu_f_structural_v3,4,edu_04__structural__bf5,race_transparent
rank,comp__edu_m_control_v1,1,edu_05__control__wm3,race_transparent
rank,comp__edu_m_control_v1,2,edu_05__control__bm5,race_transparent
rank,comp__edu_m_control_v1,3,edu_05__control__hm1,race_transparent
rank,comp__edu_m_control_v1,4,edu_05__control__am5,race_transparent
rank,comp__edu_m_control_v3,1,edu_05__control__hm4,race_transparent
rank,comp__edu_m_control_v3,2,edu_05__control__am3,race_transparent
rank,comp__edu_m_control_v3,3,edu_05__control__wm1,race_transparent
rank,comp__edu_m_control_v3,4,edu_05__control__bm4,race_transparent
rank,comp__edu_m_self_cause_v2,1,edu_03__self_cause__bm1,race_transparent
rank,comp__edu_m_self_cause_v2,2,edu_03__self_cause__hm2,race_transparent
rank,comp__edu_m_self_cause_v2,3,edu_03__self_cause__am2,race_transparent
rank,comp__edu_m_self_cause_v2,4,edu_03__self_cause__wm2,race_transparent
rank,comp__edu_m_self_cause_v3,1,edu_03__self_cause__hm1,race_transparent
rank,comp__edu_m_self_cause_v3,2,edu_03__self_cause__am5,race_transparent
rank,comp__edu_m_self_cause_v3,3,edu_03__self_cause__wm3,race_transparent
rank,comp__edu_m_self_cause_v3,4,edu_03__self_cause__bm5,race_transparent
rank,comp__edu_m_stigma_no_redemption_v2,1,edu_01__stigma_no_redemption__bm4,race_transparent
rank,comp__edu_m_stigma_no_redemption_v2,2,edu_01__stigma_no_redemption__hm4,race_transparent
rank,comp__edu_m_stigma_no_redemption_v2,3,edu_01__stigma_no_redemption__am3,race_transparent
rank,comp__edu_m_stigma_no_redemption_v2,4,edu_01__stigma_no_redemption__wm1,race_transparent
rank,comp__edu_m_stigma_no_redemption_v4,1,edu_01__stigma_no_redemption__am4,race_transparent
rank,comp__edu_m_stigma_no_redemption_v4,2,edu_01__stigma_no_redemption__wm4,race_transparent
rank,comp__edu_m_stigma_no_redemption_v4,3,edu_01__stigma_no_redemption__bm3,race_transparent
rank,comp__edu_m_stigma_no_redemption_v4,4,edu_01__stigma_no_redemption__hm3,race_transparent
rank,comp__edu_m_stigma_redemption_v3,1,edu_02__stigma_redemption__hm5,race_transparent
rank,comp__edu_m_stigma_redemption_v3,2,edu_02__stigma_redemption__am1,race_transparent
rank,comp__edu_m_stigma_redemption_v3,3,edu_02__stigma_redemption__wm5,race_transparent
rank,comp__edu_m_stigma_redemption_v3,4,edu_02__stigma_redemption__bm2,race_transparent
rank,comp__edu_m_stigma_redemption_v4,1,edu_02__stigma_redemption__am2,race_transparent
rank,comp__edu_m_stigma_redemption_v4,2,edu_02__stigma_redemption__wm2,race_transparent
rank,comp__edu_m_stigma_redemption_v4,3,edu_02__stigma_redemption__bm1,race_transparent
rank,comp__edu_m_stigma_redemption_v4,4,edu_02__stigma_redemption__hm2,race_transparent
rank,comp__edu_m_structural_v1,1,edu_04__structural__wm4,race_transparent
rank,comp__edu_m_structural_v1,2,edu_04__structural__bm3,race_transparent
rank,comp__edu_m_structural_v1,3,edu_04__structural__hm3,race_transparent
rank,comp__edu_m_structural_v1,4,edu_04__structural__am4,race_transparent
rank,comp__edu_m_structural_v4,1,edu_04__structural__am1,race_transparent
rank,comp__edu_m_structural_v4,2,edu_04__structural__wm5,race_transparent
rank,comp__edu_m_structural_v4,3,edu_04__structural__bm2,race_transparent
rank,comp__edu_m_structural_v4,4,edu_04__structural__hm5,race_transparent
rank,comp__med_f_control_v1,1,med_02__control__wf3,race_transparent
rank,comp__med_f_control_v1,2,med_02__control__bf1,race_transparent
rank,comp__med_f_control_v1,3,med_02__control__hf3,race_transparent
rank,comp__med_f_control_v1,4,med_02__control__af3,race_transparent
rank,comp__med_f_control_v2,1,med_02__control__bf3,race_transparent
rank,comp__med_f_control_v2,2,med_02__control__hf2,race_transparent
rank,comp__med_f_control_v2,3,med_02__control__af4,race_transparent
rank,comp__med_f_control_v2,4,med_02__control__wf1,race_transparent
rank,comp__med_f_self_cause_v1,1,med_05__self_cause__wf5,race_transparent
rank,comp__med_f_self_cause_v1,2,med_05__self_cause__bf2,race_transparent
rank,comp__med_f_self_cause_v1,3,med_05__self_cause__hf5,race_transparent
rank,comp__med_f_self_cause_v1,4,med_05__self_cause__af5,race_transparent
rank,comp__med_f_self_cause_v4,1,med_05__self_cause__af3,race_transparent
rank,comp__med_f_self_cause_v4,2,med_05__self_cause__wf3,race_transparent
rank,comp__med_f_self_cause_v4,3,med_05__self_cause__bf1,race_transparent
rank,comp__med_f_self_cause_v4,4,med_05__self_cause__hf3,race_transparent
rank,comp__med_f_stigma_no_redemption_v2,1,med_04__stigma_no_redemption__bf3,race_transparent
rank,comp__med_f_stigma_no_redemption_v2,2,med_04__stigma_no_redemption__hf2,race_transparent
rank,comp__med_f_stigma_no_redemption_v2,3,med_04__stigma_no_redemption__af4,race_transparent
rank,comp__med_f_stigma_no_redemption_v2,4,med_04__stigma_no_redemption__wf1,race_transparent
rank,comp__med_f_stigma_no_redemption_v3,1,med_04__stigma_no_redemption__hf1,race_transparent
rank,comp__med_f_stigma_no_redemption_v3,2,med_04__stigma_no_redemption__af1,race_transparent
rank,comp__med_f_stigma_no_redemption_v3,3,med_04__stigma_no_redemption__wf2,race_transparent
rank,comp__med_f_stigma_no_redemption_v3,4,med_04__stigma_no_redemption__bf4,race_transparent
rank,comp__med_f_stigma_redemption_v2,1,med_01__stigma_redemption__bf5,race_transparent
rank,comp__med_f_stigma_redemption_v2,2,med_01__stigma_redemption__hf4,race_transparent
rank,comp__med_f_stigma_redemption_v2,3,med_01__stigma_redemption__af2,race_transparent
rank,comp__med_f_stigma_redemption_v2,4,med_01__stigma_redemption__wf4,race_transparent
rank,comp__med_f_stigma_redemption_v4,1,med_01__stigma_redemption__af5,race_transparent
rank,comp__med_f_stigma_redemption_v4,2,med_01__stigma_redemption__wf5,race_transparent
rank,comp__med_f_stigma_redemption_v4,3,med_01__stigma_redemption__bf2,race_transparent
rank,comp__med_f_stigma_redemption_v4,4,med_01__stigma_redemption__hf5,race_transparent
rank,comp__med_f_structural_v1,1,med_03__structural__wf2,race_transparent
rank,comp__med_f_structural_v1,2,med_03__structural__bf4,race_transparent
rank,comp__med_f_structural_v1,3,med_03__structural__hf1,race_transparent
rank,comp__med_f_structural_v1,4,med_03__structural__af1,race_transparent
rank,comp__med_f_structural_v3,1,med_03__structural__hf4,race_transparent
rank,comp__med_f_structural_v3,2,med_03__structural__af2,race_transparent
rank,comp__med_f_structural_v3,3,med_03__structural__wf4,race_transparent
rank,comp__med_f_structural_v3,4,med_03__structural__bf5,race_transparent
rank,comp__med_m_control_v3,1,med_02__control__hm1,race_transparent
rank,comp__med_m_control_v3,2,med_02__control__am5,race_transparent
rank,comp__med_m_control_v3,3,med_02__control__wm3,race_transparent
rank,comp__med_m_control_v3,4,med_02__control__bm5,race_transparent
rank,comp__med_m_control_v4,1,med_02__control__am3,race_transparent
rank,comp__med_m_control_v4,2,med_02__control__wm1,race_transparent
rank,comp__med_m_control_v4,3,med_02__control__bm4,race_transparent
rank,comp__med_m_control_v4,4,med_02__control__hm4,race_transparent
rank,comp__med_m_self_cause_v1,1,med_05__self_cause__wm2,race_transparent
rank,comp__med_m_self_cause_v1,2,med_05__self_cause__bm1,race_transparent
rank,comp__med_m_self_cause_v1,3,med_05__self_cause__hm2,race_transparent
rank,comp__med_m_self_cause_v1,4,med_05__self_cause__am2,race_transparent
rank,comp__med_m_self_cause_v3,1,med_05__self_cause__hm1,race_transparent
rank,comp__med_m_self_cause_v3,2,med_05__self_cause__am5,race_transparent
rank,comp__med_m_self_cause_v3,3,med_05__self_cause__wm3,race_transparent
rank,comp__med_m_self_cause_v3,4,med_05__self_cause__bm5,race_transparent
rank,comp__med_m_stigma_no_redemption_v1,1,med_04__stigma_no_redemption__wm1,race_transparent
rank,comp__med_m_stigma_no_redemption_v1,2,med_04__stigma_no_redemption__bm4,race_transparent
rank,comp__med_m_stigma_no_redemption_v1,3,med_04__stigma_no_redemption__hm4,race_transparent
rank,comp__med_m_stigma_no_redemption_v1,4,med_04__stigma_no_redemption__am3,race_transparent
rank,comp__med_m_stigma_no_redemption_v4,1,med_04__stigma_no_redemption__am4,race_transparent
rank,comp__med_m_stigma_no_redemption_v4,2,med_04__stigma_no_redemption__wm4,race_transparent
rank,comp__med_m_stigma_no_redemption_v4,3,med_04__stigma_no_redemption__bm3,race_transparent
rank,comp__med_m_stigma_no_redemption_v4,4,med_04__stigma_no_redemption__hm3,race_transparent
rank,comp__med_m_stigma_redemption_v2,1,med_01__stigma_redemption__bm2,race_transparent
rank,comp__med_m_stigma_redemption_v2,2,med_01__stigma_redemption__hm5,race_transparent
rank,comp__med_m_stigma_redemption_v2,3,med_01__stigma_redemption__am1,race_transparent
rank,comp__med_m_stigma_redemption_v2,4,med_01__stigma_redemption__wm5,race_transparent
rank,comp__med_m_stigma_redemption_v3,1,med_01__stigma_redemption__hm2,race_transparent
rank,comp__med_m_stigma_redemption_v3,2,med_01__stigma_redemption__am2,race_transparent
rank,comp__med_m_stigma_redemption_v3,3,med_01__stigma_redemption__wm2,race_transparent
rank,comp__med_m_stigma_redemption_v3,4,med_01__stigma_redemption__bm1,race_transparent
rank,comp__med_m_structural_v1,1,med_03__structural__wm4,race_transparent
rank,comp__med_m_structural_v1,2,med_03__structural__bm3,race_transparent
rank,comp__med_m_structural_v1,3,med_03__structural__hm3,race_transparent
rank,comp__med_m_structural_v1,4,med_03__structural__am4,race_transparent
rank,comp__med_m_structural_v2,1,med_03__structural__bm2,race_transparent
rank,comp__med_m_structural_v2,2,med_03__structural__hm5,race_transparent
rank,comp__med_m_structural_v2,3,med_03__structural__am1,race_transparent
rank,comp__med_m_structural_v2,4,med_03__structural__wm5,race_transparent
rank,comp__rnt_f_control_v2,1,rent_05__control__bf1,race_transparent
rank,comp__rnt_f_control_v2,2,rent_05__control__hf3,race_transparent
rank,comp__rnt_f_control_v2,3,rent_05__control__af3,race_transparent
rank,comp__rnt_f_control_v2,4,rent_05__control__wf3,race_transparent
rank,comp__rnt_f_control_v4,1,rent_05__control__af4,race_transparent
rank,comp__rnt_f_control_v4,2,rent_05__control__wf1,race_transparent
rank,comp__rnt_f_control_v4,3,rent_05__control__bf3,race_transparent
rank,comp__rnt_f_control_v4,4,rent_05__control__hf2,race_transparent
rank,comp__rnt_f_self_cause_v1,1,rent_02__self_cause__wf5,race_transparent
rank,comp__rnt_f_self_cause_v1,2,rent_02__self_cause__bf2,race_transparent
rank,comp__rnt_f_self_cause_v1,3,rent_02__self_cause__hf5,race_transparent
rank,comp__rnt_f_self_cause_v1,4,rent_02__self_cause__af5,race_transparent
rank,comp__rnt_f_self_cause_v2,1,rent_02__self_cause__bf1,race_transparent
rank,comp__rnt_f_self_cause_v2,2,rent_02__self_cause__hf3,race_transparent
rank,comp__rnt_f_self_cause_v2,3,rent_02__self_cause__af3,race_transparent
rank,comp__rnt_f_self_cause_v2,4,rent_02__self_cause__wf3,race_transparent
rank,comp__rnt_f_stigma_no_redemption_v1,1,rent_04__stigma_no_redemption__wf1,race_transparent
rank,comp__rnt_f_stigma_no_redemption_v1,2,rent_04__stigma_no_redemption__bf3,race_transparent
rank,comp__rnt_f_stigma_no_redemption_v1,3,rent_04__stigma_no_redemption__hf2,race_transparent
rank,comp__rnt_f_stigma_no_redemption_v1,4,rent_04__stigma_no_redemption__af4,race_transparent
rank,comp__rnt_f_stigma_no_redemption_v3,1,rent_04__stigma_no_redemption__hf1,race_transparent
rank,comp__rnt_f_stigma_no_redemption_v3,2,rent_04__stigma_no_redemption__af1,race_transparent
rank,comp__rnt_f_stigma_no_redemption_v3,3,rent_04__stigma_no_redemption__wf2,race_transparent
rank,comp__rnt_f_stigma_no_redemption_v3,4,rent_04__stigma_no_redemption__bf4,race_transparent
rank,comp__rnt_f_stigma_redemption_v1,1,rent_01__stigma_redemption__wf4,race_transparent
rank,comp__rnt_f_stigma_redemption_v1,2,rent_01__stigma_redemption__bf5,race_transparent
rank,comp__rnt_f_stigma_redemption_v1,3,rent_01__stigma_redemption__hf4,race_transparent
rank,comp__rnt_f_stigma_redemption_v1,4,rent_01__stigma_redemption__af2,race_transparent
rank,comp__rnt_f_stigma_redemption_v4,1,rent_01__stigma_redemption__af5,race_transparent
rank,comp__rnt_f_stigma_redemption_v4,2,rent_01__stigma_redemption__wf5,race_transparent
rank,comp__rnt_f_stigma_redemption_v4,3,rent_01__stigma_redemption__bf2,race_transparent
rank,comp__rnt_f_stigma_redemption_v4,4,rent_01__stigma_redemption__hf5,race_transparent
rank,comp__rnt_f_structural_v3,1,rent_03__structural__hf1,race_transparent
rank,comp__rnt_f_structural_v3,2,rent_03__structural__af1,race_transparent
rank,comp__rnt_f_structural_v3,3,rent_03__structural__wf2,race_transparent
rank,comp__rnt_f_structural_v3,4,rent_03__structural__bf4,race_transparent
rank,comp__rnt_f_structural_v4,1,rent_03__structural__af2,race_transparent
rank,comp__rnt_f_structural_v4,2,rent_03__structural__wf4,race_transparent
rank,comp__rnt_f_structural_v4,3,rent_03__structural__bf5,race_transparent
rank,comp__rnt_f_structural_v4,4,rent_03__structural__hf4,race_transparent
rank,comp__rnt_m_control_v2,1,rent_05__control__bm5,race_transparent
rank,comp__rnt_m_control_v2,2,rent_05__control__hm1,race_transparent
rank,comp__rnt_m_control_v2,3,rent_05__control__am5,race_transparent
rank,comp__rnt_m_control_v2,4,rent_05__control__wm3,race_transparent
rank,comp__rnt_m_control_v3,1,rent_05__control__hm4,race_transparent
rank,comp__rnt_m_control_v3,2,rent_05__control__am3,race_transparent
rank,comp__rnt_m_control_v3,3,rent_05__control__wm1,race_transparent
rank,comp__rnt_m_control_v3,4,rent_05__control__bm4,race_transparent
rank,comp__rnt_m_self_cause_v3,1,rent_02__self_cause__hm2,race_transparent
rank,comp__rnt_m_self_cause_v3,2,rent_02__self_cause__am2,race_transparent
rank,comp__rnt_m_self_cause_v3,3,rent_02__self_cause__wm2,race_transparent
rank,comp__rnt_m_self_cause_v3,4,rent_02__self_cause__bm1,race_transparent
rank,comp__rnt_m_self_cause_v4,1,rent_02__self_cause__am5,race_transparent
rank,comp__rnt_m_self_cause_v4,2,rent_02__self_cause__wm3,race_transparent
rank,comp__rnt_m_self_cause_v4,3,rent_02__self_cause__bm5,race_transparent
rank,comp__rnt_m_self_cause_v4,4,rent_02__self_cause__hm1,race_transparent
rank,comp__rnt_m_stigma_no_redemption_v1,1,rent_04__stigma_no_redemption__wm1,race_transparent
rank,comp__rnt_m_stigma_no_redemption_v1,2,rent_04__stigma_no_redemption__bm4,race_transparent
rank,comp__rnt_m_stigma_no_redemption_v1,3,rent_04__stigma_no_redemption__hm4,race_transparent
rank,comp__rnt_m_stigma_no_redemption_v1,4,rent_04__stigma_no_redemption__am3,race_transparent
rank,comp__rnt_m_stigma_no_redemption_v2,1,rent_04__stigma_no_redemption__bm3,race_transparent
rank,comp__rnt_m_stigma_no_redemption_v2,2,rent_04__stigma_no_redemption__hm3,race_transparent
rank,comp__rnt_m_stigma_no_redemption_v2,3,rent_04__stigma_no_redemption__am4,race_transparent
rank,comp__rnt_m_stigma_no_redemption_v2,4,rent_04__stigma_no_redemption__wm4,race_transparent
rank,comp__rnt_m_stigma_redemption_v1,1,rent_01__stigma_redemption__wm5,race_transparent
rank,comp__rnt_m_stigma_redemption_v1,2,rent_01__stigma_redemption__bm2,race_transparent
rank,comp__rnt_m_stigma_redemption_v1,3,rent_01__stigma_redemption__hm5,race_transparent
rank,comp__rnt_m_stigma_redemption_v1,4,rent_01__stigma_redemption__am1,race_transparent
rank,comp__rnt_m_stigma_redemption_v3,1,rent_01__stigma_redemption__hm2,race_transparent
rank,comp__rnt_m_stigma_redemption_v3,2,rent_01__stigma_redemption__am2,race_transparent
rank,comp__rnt_m_stigma_redemption_v3,3,rent_01__stigma_redemption__wm2,race_transparent
rank,comp__rnt_m_stigma_redemption_v3,4,rent_01__stigma_redemption__bm1,race_transparent
rank,comp__rnt_m_structural_v2,1,rent_03__structural__bm3,race_transparent
rank,comp__rnt_m_structural_v2,2,rent_03__structural__hm3,race_transparent
rank,comp__rnt_m_structural_v2,3,rent_03__structural__am4,race_transparent
rank,comp__rnt_m_structural_v2,4,rent_03__structural__wm4,race_transparent
rank,comp__rnt_m_structural_v4,1,rent_03__structural__am1,race_transparent
rank,comp__rnt_m_structural_v4,2,rent_03__structural__wm5,race_transparent
rank,comp__rnt_m_structural_v4,3,rent_03__structural__bm2,race_transparent
rank,comp__rnt_m_structural_v4,4,rent_03__structural__hm5,race_transparent
rank,compv__edu_f_control_v1,1,edu_04__control__af1,race_disguised
rank,compv__edu_f_control_v1,2,edu_02__control__wf2,race_disguised
rank,compv__edu_f_control_v1,3,edu_03__control__hf5,race_disguised
rank,compv__edu_f_control_v1,4,edu_01__control__bf1,race_disguised
rank,compv__edu_f_control_v2,1,edu_03__control__wf1,race_disguised
rank,compv__edu_f_control_v2,2,edu_01__control__af4,race_disguised
rank,compv__edu_f_control_v2,3,edu_04__control__bf3,race_disguised
rank,compv__edu_f_control_v2,4,edu_02__control__hf4,race_disguised
rank,compv__edu_f_control_v3,1,edu_01__control__hf1,race_disguised
rank,compv__edu_f_control_v3,2,edu_03__control__bf2,race_disguised
rank,compv__edu_f_control_v3,3,edu_02__control__af3,race_disguised
rank,compv__edu_f_control_v3,4,edu_04__control__wf3,race_disguised
rank,compv__edu_f_control_v4,1,edu_02__control__bf5,race_disguised
rank,compv__edu_f_control_v4,2,edu_04__control__hf3,race_disguised
rank,compv__edu_f_control_v4,3,edu_01__control__wf5,race_disguised
rank,compv__edu_f_control_v4,4,edu_03__control__af5,race_disguised
rank,compv__edu_f_self_cause_v1,1,edu_05__self_cause__af5,race_disguised
rank,compv__edu_f_self_cause_v1,2,edu_04__self_cause__wf5,race_disguised
rank,compv__edu_f_self_cause_v1,3,edu_03__self_cause__hf3,race_disguised
rank,compv__edu_f_self_cause_v1,4,edu_01__self_cause__bf5,race_disguised
rank,compv__edu_f_self_cause_v2,1,edu_03__self_cause__wf4,race_disguised
rank,compv__edu_f_self_cause_v2,2,edu_01__self_cause__af2,race_disguised
rank,compv__edu_f_self_cause_v2,3,edu_05__self_cause__bf4,race_disguised
rank,compv__edu_f_self_cause_v2,4,edu_04__self_cause__hf2,race_disguised
rank,compv__edu_f_self_cause_v3,1,edu_01__self_cause__hf5,race_disguised
rank,compv__edu_f_self_cause_v3,2,edu_03__self_cause__bf1,race_disguised
rank,compv__edu_f_self_cause_v3,3,edu_04__self_cause__af1,race_disguised
rank,compv__edu_f_self_cause_v3,4,edu_05__self_cause__wf2,race_disguised
rank,compv__edu_f_self_cause_v4,1,edu_04__self_cause__bf3,race_disguised
rank,compv__edu_f_self_cause_v4,2,edu_05__self_cause__hf4,race_disguised
rank,compv__edu_f_self_cause_v4,3,edu_01__self_cause__wf1,race_disguised
rank,compv__edu_f_self_cause_v4,4,edu_03__self_cause__af4,race_disguised
rank,compv__edu_f_stigma_no_redemption_v1,1,edu_05__stigma_no_redemption__af3,race_disguised
rank,compv__edu_f_stigma_no_redemption_v1,2,edu_04__stigma_no_redemption__wf3,race_disguised
rank,compv__edu_f_stigma_no_redemption_v1,3,edu_02__stigma_no_redemption__hf1,race_disguised
rank,compv__edu_f_stigma_no_redemption_v1,4,edu_01__stigma_no_redemption__bf2,race_disguised
rank,compv__edu_f_stigma_no_redemption_v2,1,edu_02__stigma_no_redemption__wf5,race_disguised
rank,compv__edu_f_stigma_no_redemption_v2,2,edu_01__stigma_no_redemption__af5,race_disguised
rank,compv__edu_f_stigma_no_redemption_v2,3,edu_05__stigma_no_redemption__bf5,race_disguised
rank,compv__edu_f_stigma_no_redemption_v2,4,edu_04__stigma_no_redemption__hf3,race_disguised
rank,compv__edu_f_stigma_no_redemption_v3,1,edu_01__stigma_no_redemption__hf2,race_disguised
rank,compv__edu_f_stigma_no_redemption_v3,2,edu_02__stigma_no_redemption__bf4,race_disguised
rank,compv__edu_f_stigma_no_redemption_v3,3,edu_04__stigma_no_redemption__af2,race_disguised
rank,compv__edu_f_stigma_no_redemption_v3,4,edu_05__stigma_no_redemption__wf4,race_disguised
rank,compv__edu_f_stigma_no_redemption_v4,1,edu_04__stigma_no_redemption__bf1,race_disguised
rank,compv__edu_f_stigma_no_redemption_v4,2,edu_05__stigma_no_redemption__hf5,race_disguised
rank,compv__edu_f_stigma_no_redemption_v4,3,edu_01__stigma_no_redemption__wf2,race_disguised
rank,compv__edu_f_stigma_no_redemption_v4,4,edu_02__stigma_no_redemption__af1,race_disguised
rank,compv__edu_f_stigma_redemption_v1,1,edu_05__stigma_redemption__af4,race_disguised
rank,compv__edu_f_stigma_redemption_v1,2,edu_04__stigma_redemption__wf1,race_disguised
rank,compv__edu_f_stigma_redemption_v1,3,edu_02__stigma_redemption__hf4,race_disguised
rank,compv__edu_f_stigma_redemption_v1,4,edu_03__stigma_redemption__bf3,race_disguised
rank,compv__edu_f_stigma_redemption_v2,1,edu_02__stigma_redemption__wf3,race_disguised
rank,compv__edu_f_stigma_redemption_v2,2,edu_03__stigma_redemption__af3,race_disguised
rank,compv__edu_f_stigma_redemption_v2,3,edu_05__stigma_redemption__bf2,race_disguised
rank,compv__edu_f_stigma_redemption_v2,4,edu_04__stigma_redemption__hf1,race_disguised
rank,compv__edu_f_stigma_redemption_v3,1,edu_03__stigma_redemption__hf3,race_disguised
rank,compv__edu_f_stigma_redemption_v3,2,edu_02__stigma_redemption__bf5,race_disguised
rank,compv__edu_f_stigma_redemption_v3,3,edu_04__stigma_redemption__af5,race_disguised
rank,compv__edu_f_stigma_redemption_v3,4,edu_05__stigma_redemption__wf5,race_disguised
rank,compv__edu_f_stigma_redemption_v4,1,edu_04__stigma_redemption__bf4,race_disguised
rank,compv__edu_f_stigma_redemption_v4,2,edu_05__stigma_redemption__hf2,race_disguised
rank,compv__edu_f_stigma_redemption_v4,3,edu_03__stigma_redemption__wf4,race_disguised
rank,compv__edu_f_stigma_redemption_v4,4,edu_02__stigma_redemption__af2,race_disguised
rank,compv__edu_f_structural_v1,1,edu_05__structural__af2,race_disguised
rank,compv__edu_f_structural_v1,2,edu_02__structural__wf4,race_disguised
rank,compv__edu_f_structural_v1,3,edu_03__structural__hf2,race_disguised
rank,compv__edu_f_structural_v1,4,edu_01__structural__bf4,race_disguised
rank,compv__edu_f_structural_v2,1,edu_03__structural__wf2,race_disguised
rank,compv__edu_f_structural_v2,2,edu_01__structural__af1,race_disguised
rank,compv__edu_f_structural_v2,3,edu_05__structural__bf1,race_disguised
rank,compv__edu_f_structural_v2,4,edu_02__structural__hf5,race_disguised
rank,compv__edu_f_structural_v3,1,edu_01__structural__hf4,race_disguised
rank,compv__edu_f_structural_v3,2,edu_03__structural__bf3,race_disguised
rank,compv__edu_f_structural_v3,3,edu_02__structural__af4,race_disguised
rank,compv__edu_f_structural_v3,4,edu_05__structural__wf1,race_disguised
rank,compv__edu_f_structural_v4,1,edu_02__structural__bf2,race_disguised
rank,compv__edu_f_structural_v4,2,edu_05__structural__hf1,race_disguised
rank,compv__edu_f_structural_v4,3,edu_01__structural__wf3,race_disguised
rank,compv__edu_f_structural_v4,4,edu_03__structural__af3,race_disguised
rank,compv__edu_m_control_v1,1,edu_04__control__am4,race_disguised
rank,compv__edu_m_control_v1,2,edu_02__control__wm4,race_disguised
rank,compv__edu_m_control_v1,3,edu_03__control__hm1,race_disguised
rank,compv__edu_m_control_v1,4,edu_01__control__bm4,race_disguised
rank,compv__edu_m_control_v2,1,edu_03__control__wm3,race_disguised
rank,compv__edu_m_control_v2,2,edu_01__control__am5,race_disguised
rank,compv__edu_m_control_v2,3,edu_04__control__bm3,race_disguised
rank,compv__edu_m_control_v2,4,edu_02__control__hm2,race_disguised
rank,compv__edu_m_control_v3,1,edu_01__control__hm3,race_disguised
rank,compv__edu_m_control_v3,2,edu_03__control__bm2,race_disguised
rank,compv__edu_m_control_v3,3,edu_02__control__am2,race_disguised
rank,compv__edu_m_control_v3,4,edu_04__control__wm1,race_disguised
rank,compv__edu_m_control_v4,1,edu_02__control__bm5,race_disguised
rank,compv__edu_m_control_v4,2,edu_04__control__hm4,race_disguised
rank,compv__edu_m_control_v4,3,edu_01__control__wm2,race_disguised
rank,compv__edu_m_control_v4,4,edu_03__control__am3,race_disguised
rank,compv__edu_m_self_cause_v1,1,edu_05__self_cause__am3,race_disguised
rank,compv__edu_m_self_cause_v1,2,edu_04__self_cause__wm2,race_disguised
rank,compv__edu_m_self_cause_v1,3,edu_03__self_cause__hm4,race_disguised
rank,compv__edu_m_self_cause_v1,4,edu_01__self_cause__bm5,race_disguised
rank,compv__edu_m_self_cause_v2,1,edu_03__self_cause__wm5,race_disguised
rank,compv__edu_m_self_cause_v2,2,edu_01__self_cause__am1,race_disguised
rank,compv__edu_m_self_cause_v2,3,edu_05__self_cause__bm1,race_disguised
rank,compv__edu_m_self_cause_v2,4,edu_04__self_cause__hm5,race_disguised
rank,compv__edu_m_self_cause_v3,1,edu_01__self_cause__hm1,race_disguised
rank,compv__edu_m_self_cause_v3,2,edu_03__self_cause__bm4,race_disguised
rank,compv__edu_m_self_cause_v3,3,edu_04__self_cause__am4,race_disguised
rank,compv__edu_m_self_cause_v3,4,edu_05__self_cause__wm4,race_disguised
rank,compv__edu_m_self_cause_v4,1,edu_04__self_cause__bm3,race_disguised
rank,compv__edu_m_self_cause_v4,2,edu_05__self_cause__hm2,race_disguised
rank,compv__edu_m_self_cause_v4,3,edu_01__self_cause__wm3,race_disguised
rank,compv__edu_m_self_cause_v4,4,edu_03__self_cause__am5,race_disguised
rank,compv__edu_m_stigma_no_redemption_v1,1,edu_05__stigma_no_redemption__am2,race_disguised
rank,compv__edu_m_stigma_no_redemption_v1,2,edu_04__stigma_no_redemption__wm1,race_disguised
rank,compv__edu_m_stigma_no_redemption_v1,3,edu_02__stigma_no_redemption__hm3,race_disguised
rank,compv__edu_m_stigma_no_redemption_v1,4,edu_01__stigma_no_redemption__bm2,race_disguised
rank,compv__edu_m_stigma_no_redemption_v2,1,edu_02__stigma_no_redemption__wm2,race_disguised
rank,compv__edu_m_stigma_no_redemption_v2,2,edu_01__stigma_no_redemption__am3,race_disguised
rank,compv__edu_m_stigma_no_redemption_v2,3,edu_05__stigma_no_redemption__bm5,race_disguised
rank,compv__edu_m_stigma_no_redemption_v2,4,edu_04__stigma_no_redemption__hm4,race_disguised
rank,compv__edu_m_stigma_no_redemption_v3,1,edu_01__stigma_no_redemption__hm5,race_disguised
rank,compv__edu_m_stigma_no_redemption_v3,2,edu_02__stigma_no_redemption__bm1,race_disguised
rank,compv__edu_m_stigma_no_redemption_v3,3,edu_04__stigma_no_redemption__am1,race_disguised
rank,compv__edu_m_stigma_no_redemption_v3,4,edu_05__stigma_no_redemption__wm5,race_disguised
rank,compv__edu_m_stigma_no_redemption_v4,1,edu_04__stigma_no_redemption__bm4,race_disguised
rank,compv__edu_m_stigma_no_redemption_v4,2,edu_05__stigma_no_redemption__hm1,race_disguised
rank,compv__edu_m_stigma_no_redemption_v4,3,edu_01__stigma_no_redemption__wm4,race_disguised
rank,compv__edu_m_stigma_no_redemption_v4,4,edu_02__stigma_no_redemption__am4,race_disguised
rank,compv__edu_m_stigma_redemption_v1,1,edu_05__stigma_redemption__am5,race_disguised
rank,compv__edu_m_stigma_redemption_v1,2,edu_04__stigma_redemption__wm3,race_disguised
rank,compv__edu_m_stigma_redemption_v1,3,edu_02__stigma_redemption__hm2,race_disguised
rank,compv__edu_m_stigma_redemption_v1,4,edu_03__stigma_redemption__bm3,race_disguised
rank,compv__edu_m_stigma_redemption_v2,1,edu_02__stigma_redemption__wm1,race_disguised
rank,compv__edu_m_stigma_redemption_v2,2,edu_03__stigma_redemption__am2,race_disguised
rank,compv__edu_m_stigma_redemption_v2,3,edu_05__stigma_redemption__bm2,race_disguised
rank,compv__edu_m_stigma_redemption_v2,4,edu_04__stigma_redemption__hm3,race_disguised
rank,compv__edu_m_stigma_redemption_v3,1,edu_03__stigma_redemption__hm4,race_disguised
rank,compv__edu_m_stigma_redemption_v3,2,edu_02__stigma_redemption__bm5,race_disguised
rank,compv__edu_m_stigma_redemption_v3,3,edu_04__stigma_redemption__am3,race_disguised
rank,compv__edu_m_stigma_redemption_v3,4,edu_05__stigma_redemption__wm2,race_disguised
rank,compv__edu_m_stigma_redemption_v4,1,edu_04__stigma_redemption__bm1,race_disguised
rank,compv__edu_m_stigma_redemption_v4,2,edu_05__stigma_redemption__hm5,race_disguised
rank,compv__edu_m_stigma_redemption_v4,3,edu_03__stigma_redemption__wm5,race_disguised
rank,compv__edu_m_stigma_redemption_v4,4,edu_02__stigma_redemption__am1,race_disguised
rank,compv__edu_m_structural_v1,1,edu_05__structural__am1,race_disguised
rank,compv__edu_m_structural_v1,2,edu_02__structural__wm5,race_disguised
rank,compv__edu_m_structural_v1,3,edu_03__structural__hm5,race_disguised
rank,compv__edu_m_structural_v1,4,edu_01__structural__bm1,race_disguised
rank,compv__edu_m_structural_v2,1,edu_03__structural__wm4,race_disguised
rank,compv__edu_m_structural_v2,2,edu_01__structural__am4,race_disguised
rank,compv__edu_m_structural_v2,3,edu_05__structural__bm4,race_disguised
rank,compv__edu_m_structural_v2,4,edu_02__structural__hm1,race_disguised
rank,compv__edu_m_structural_v3,1,edu_01__structural__hm2,race_disguised
rank,compv__edu_m_structural_v3,2,edu_03__structural__bm3,race_disguised
rank,compv__edu_m_structural_v3,3,edu_02__structural__am5,race_disguised
rank,compv__edu_m_structural_v3,4,edu_05__structural__wm3,race_disguised
rank,compv__edu_m_structural_v4,1,edu_02__structural__bm2,race_disguised
rank,compv__edu_m_structural_v4,2,edu_05__structural__hm3,race_disguised
rank,compv__edu_m_structural_v4,3,edu_01__structural__wm1,race_disguised
rank,compv__edu_m_structural_v4,4,edu_03__structural__am2,race_disguised
rank,compv__med_f_control_v1,1,med_03__control__wf2,race_disguised
rank,compv__med_f_control_v1,2,med_02__control__af1,race_disguised
rank,compv__med_f_control_v1,3,med_04__control__hf5,race_disguised
rank,compv__med_f_control_v1,4,med_01__control__bf1,race_disguised
rank,compv__med_f_control_v2,1,med_04__control__af4,race_disguised
rank,compv__med_f_control_v2,2,med_01__control__wf1,race_disguised
rank,compv__med_f_control_v2,3,med_03__control__bf3,race_disguised
rank,compv__med_f_control_v2,4,med_02__control__hf4,race_disguised
rank,compv__med_f_control_v3,1,med_01__control__hf1,race_disguised
rank,compv__med_f_control_v3,2,med_04__control__bf2,race_disguised
rank,compv__med_f_control_v3,3,med_02__control__wf3,race_disguised
rank,compv__med_f_control_v3,4,med_03__control__af3,race_disguised
rank,compv__med_f_control_v4,1,med_02__control__bf5,race_disguised
rank,compv__med_f_control_v4,2,med_03__control__hf3,race_disguised
rank,compv__med_f_control_v4,3,med_01__control__af5,race_disguised
rank,compv__med_f_control_v4,4,med_04__control__wf5,race_disguised
rank,compv__med_f_self_cause_v1,1,med_05__self_cause__wf5,race_disguised
rank,compv__med_f_self_cause_v1,2,med_03__self_cause__af5,race_disguised
rank,compv__med_f_self_cause_v1,3,med_04__self_cause__hf3,race_disguised
rank,compv__med_f_self_cause_v1,4,med_01__self_cause__bf5,race_disguised
rank,compv__med_f_self_cause_v2,1,med_04__self_cause__af2,race_disguised
rank,compv__med_f_self_cause_v2,2,med_01__self_cause__wf4,race_disguised
rank,compv__med_f_self_cause_v2,3,med_05__self_cause__bf4,race_disguised
rank,compv__med_f_self_cause_v2,4,med_03__self_cause__hf2,race_disguised
rank,compv__med_f_self_cause_v3,1,med_01__self_cause__hf5,race_disguised
rank,compv__med_f_self_cause_v3,2,med_04__self_cause__bf1,race_disguised
rank,compv__med_f_self_cause_v3,3,med_03__self_cause__wf2,race_disguised
rank,compv__med_f_self_cause_v3,4,med_05__self_cause__af1,race_disguised
rank,compv__med_f_self_cause_v4,1,med_03__self_cause__bf3,race_disguised
rank,compv__med_f_self_cause_v4,2,med_05__self_cause__hf4,race_disguised
rank,compv__med_f_self_cause_v4,3,med_01__self_cause__af4,race_disguised
rank,compv__med_f_self_cause_v4,4,med_04__self_cause__wf1,race_disguised
rank,compv__med_f_stigma_no_redemption_v1,1,med_05__stigma_no_redemption__wf3,race_disguised
rank,compv__med_f_stigma_no_redemption_v1,2,med_03__stigma_no_redemption__af3,race_disguised
rank,compv__med_f_stigma_no_redemption_v1,3,med_02__stigma_no_redemption__hf1,race_disguised
rank,compv__med_f_stigma_no_redemption_v1,4,med_01__stigma_no_redemption__bf2,race_disguised
rank,compv__med_f_stigma_no_redemption_v2,1,med_02__stigma_no_redemption__af5,race_disguised
rank,compv__med_f_stigma_no_redemption_v2,2,med_01__stigma_no_redemption__wf5,race_disguised
rank,compv__med_f_stigma_no_redemption_v2,3,med_05__stigma_no_redemption__bf5,race_disguised
rank,compv__med_f_stigma_no_redemption_v2,4,med_03__stigma_no_redemption__hf3,race_disguised
rank,compv__med_f_stigma_no_redemption_v3,1,med_01__stigma_no_redemption__hf2,race_disguised
rank,compv__med_f_stigma_no_redemption_v3,2,med_02__stigma_no_redemption__bf4,race_disguised
rank,compv__med_f_stigma_no_redemption_v3,3,med_03__stigma_no_redemption__wf4,race_disguised
rank,compv__med_f_stigma_no_redemption_v3,4,med_05__stigma_no_redemption__af2,race_disguised
rank,compv__med_f_stigma_no_redemption_v4,1,med_03__stigma_no_redemption__bf1,race_disguised
rank,compv__med_f_stigma_no_redemption_v4,2,med_05__stigma_no_redemption__hf5,race_disguised
rank,compv__med_f_stigma_no_redemption_v4,3,med_01__stigma_no_redemption__af1,race_disguised
rank,compv__med_f_stigma_no_redemption_v4,4,med_02__stigma_no_redemption__wf2,race_disguised
rank,compv__med_f_stigma_redemption_v1,1,med_05__stigma_redemption__wf1,race_disguised
rank,compv__med_f_stigma_redemption_v1,2,med_03__stigma_redemption__af4,race_disguised
rank,compv__med_f_stigma_redemption_v1,3,med_02__stigma_redemption__hf4,race_disguised
rank,compv__med_f_stigma_redemption_v1,4,med_04__stigma_redemption__bf3,race_disguised
rank,compv__med_f_stigma_redemption_v2,1,med_02__stigma_redemption__af3,race_disguised
rank,compv__med_f_stigma_redemption_v2,2,med_04__stigma_redemption__wf3,race_disguised
rank,compv__med_f_stigma_redemption_v2,3,med_05__stigma_redemption__bf2,race_disguised
rank,compv__med_f_stigma_redemption_v2,4,med_03__stigma_redemption__hf1,race_disguised
rank,compv__med_f_stigma_redemption_v3,1,med_04__stigma_redemption__hf3,race_disguised
rank,compv__med_f_stigma_redemption_v3,2,med_02__stigma_redemption__bf5,race_disguised
rank,compv__med_f_stigma_redemption_v3,3,med_03__stigma_redemption__wf5,race_disguised
rank,compv__med_f_stigma_redemption_v3,4,med_05__stigma_redemption__af5,race_disguised
rank,compv__med_f_stigma_redemption_v4,1,med_03__stigma_redemption__bf4,race_disguised
rank,compv__med_f_stigma_redemption_v4,2,med_05__stigma_redemption__hf2,race_disguised
rank,compv__med_f_stigma_redemption_v4,3,med_04__stigma_redemption__af2,race_disguised
rank,compv__med_f_stigma_redemption_v4,4,med_02__stigma_redemption__wf4,race_disguised
rank,compv__med_f_structural_v1,1,med_05__structural__wf4,race_disguised
rank,compv__med_f_structural_v1,2,med_02__structural__af2,race_disguised
rank,compv__med_f_structural_v1,3,med_04__structural__hf2,race_disguised
rank,compv__med_f_structural_v1,4,med_01__structural__bf4,race_disguised
rank,compv__med_f_structural_v2,1,med_04__structural__af1,race_disguised
rank,compv__med_f_structural_v2,2,med_01__structural__wf2,race_disguised
rank,compv__med_f_structural_v2,3,med_05__structural__bf1,race_disguised
rank,compv__med_f_structural_v2,4,med_02__structural__hf5,race_disguised
rank,compv__med_f_structural_v3,1,med_01__structural__hf4,race_disguised
rank,compv__med_f_structural_v3,2,med_04__structural__bf3,race_disguised
rank,compv__med_f_structural_v3,3,med_02__structural__wf1,race_disguised
rank,compv__med_f_structural_v3,4,med_05__structural__af4,race_disguised
rank,compv__med_f_structural_v4,1,med_02__structural__bf2,race_disguised
rank,compv__med_f_structural_v4,2,med_05__structural__hf1,race_disguised
rank,compv__med_f_structural_v4,3,med_01__structural__af3,race_disguised
rank,compv__med_f_structural_v4,4,med_04__structural__wf3,race_disguised
rank,compv__med_m_control_v1,1,med_03__control__wm4,race_disguised
rank,compv__med_m_control_v1,2,med_02__control__am4,race_disguised
rank,compv__med_m_control_v1,3,med_04__control__hm1,race_disguised
rank,compv__med_m_control_v1,4,med_01__control__bm4,race_disguised
rank,compv__med_m_control_v2,1,med_04__control__am5,race_disguised
rank,compv__med_m_control_v2,2,med_01__control__wm3,race_disguised
rank,compv__med_m_control_v2,3,med_03__control__bm3,race_disguised
rank,compv__med_m_control_v2,4,med_02__control__hm2,race_disguised
rank,compv__med_m_control_v3,1,med_01__control__hm3,race_disguised
rank,compv__med_m_control_v3,2,med_04__control__bm2,race_disguised
rank,compv__med_m_control_v3,3,med_02__control__wm1,race_disguised
rank,compv__med_m_control_v3,4,med_03__control__am2,race_disguised
rank,compv__med_m_control_v4,1,med_02__control__bm5,race_disguised
rank,compv__med_m_control_v4,2,med_03__control__hm4,race_disguised
rank,compv__med_m_control_v4,3,med_01__control__am3,race_disguised
rank,compv__med_m_control_v4,4,med_04__control__wm2,race_disguised
rank,compv__med_m_self_cause_v1,1,med_05__self_cause__wm2,race_disguised
rank,compv__med_m_self_cause_v1,2,med_03__self_cause__am3,race_disguised
rank,compv__med_m_self_cause_v1,3,med_04__self_cause__hm4,race_disguised
rank,compv__med_m_self_cause_v1,4,med_01__self_cause__bm5,race_disguised
rank,compv__med_m_self_cause_v2,1,med_04__self_cause__am1,race_disguised
rank,compv__med_m_self_cause_v2,2,med_01__self_cause__wm5,race_disguised
rank,compv__med_m_self_cause_v2,3,med_05__self_cause__bm1,race_disguised
rank,compv__med_m_self_cause_v2,4,med_03__self_cause__hm5,race_disguised
rank,compv__med_m_self_cause_v3,1,med_01__self_cause__hm1,race_disguised
rank,compv__med_m_self_cause_v3,2,med_04__self_cause__bm4,race_disguised
rank,compv__med_m_self_cause_v3,3,med_03__self_cause__wm4,race_disguised
rank,compv__med_m_self_cause_v3,4,med_05__self_cause__am4,race_disguised
rank,compv__med_m_self_cause_v4,1,med_03__self_cause__bm3,race_disguised
rank,compv__med_m_self_cause_v4,2,med_05__self_cause__hm2,race_disguised
rank,compv__med_m_self_cause_v4,3,med_01__self_cause__am5,race_disguised
rank,compv__med_m_self_cause_v4,4,med_04__self_cause__wm3,race_disguised
rank,compv__med_m_stigma_no_redemption_v1,1,med_05__stigma_no_redemption__wm1,race_disguised
rank,compv__med_m_stigma_no_redemption_v1,2,med_03__stigma_no_redemption__am2,race_disguised
rank,compv__med_m_stigma_no_redemption_v1,3,med_02__stigma_no_redemption__hm3,race_disguised
rank,compv__med_m_stigma_no_redemption_v1,4,med_01__stigma_no_redemption__bm2,race_disguised
rank,compv__med_m_stigma_no_redemption_v2,1,med_02__stigma_no_redemption__am3,race_disguised
rank,compv__med_m_stigma_no_redemption_v2,2,med_01__stigma_no_redemption__wm2,race_disguised
rank,compv__med_m_stigma_no_redemption_v2,3,med_05__stigma_no_redemption__bm5,race_disguised
rank,compv__med_m_stigma_no_redemption_v2,4,med_03__stigma_no_redemption__hm4,race_disguised
rank,compv__med_m_stigma_no_redemption_v3,1,med_01__stigma_no_redemption__hm5,race_disguised
rank,compv__med_m_stigma_no_redemption_v3,2,med_02__stigma_no_redemption__bm1,race_disguised
rank,compv__med_m_stigma_no_redemption_v3,3,med_03__stigma_no_redemption__wm5,race_disguised
rank,compv__med_m_stigma_no_redemption_v3,4,med_05__stigma_no_redemption__am1,race_disguised
rank,compv__med_m_stigma_no_redemption_v4,1,med_03__stigma_no_redemption__bm4,race_disguised
rank,compv__med_m_stigma_no_redemption_v4,2,med_05__stigma_no_redemption__hm1,race_disguised
rank,compv__med_m_stigma_no_redemption_v4,3,med_01__stigma_no_redemption__am4,race_disguised
rank,compv__med_m_stigma_no_redemption_v4,4,med_02__stigma_no_redemption__wm4,race_disguised
rank,compv__med_m_stigma_redemption_v1,1,med_05__stigma_redemption__wm3,race_disguised
rank,compv__med_m_stigma_redemption_v1,2,med_03__stigma_redemption__am5,race_disguised
rank,compv__med_m_stigma_redemption_v1,3,med_02__stigma_redemption__hm2,race_disguised
rank,compv__med_m_stigma_redemption_v1,4,med_04__stigma_redemption__bm3,race_disguised
rank,compv__med_m_stigma_redemption_v2,1,med_02__stigma_redemption__am2,race_disguised
rank,compv__med_m_stigma_redemption_v2,2,med_04__stigma_redemption__wm1,race_disguised
rank,compv__med_m_stigma_redemption_v2,3,med_05__stigma_redemption__bm2,race_disguised
rank,compv__med_m_stigma_redemption_v2,4,med_03__stigma_redemption__hm3,race_disguised
rank,compv__med_m_stigma_redemption_v3,1,med_04__stigma_redemption__hm4,race_disguised
rank,compv__med_m_stigma_redemption_v3,2,med_02__stigma_redemption__bm5,race_disguised
rank,compv__med_m_stigma_redemption_v3,3,med_03__stigma_redemption__wm2,race_disguised
rank,compv__med_m_stigma_redemption_v3,4,med_05__stigma_redemption__am3,race_disguised
rank,compv__med_m_stigma_redemption_v4,1,med_03__stigma_redemption__bm1,race_disguised
rank,compv__med_m_stigma_redemption_v4,2,med_05__stigma_redemption__hm5,race_disguised
rank,compv__med_m_stigma_redemption_v4,3,med_04__stigma_redemption__am1,race_disguised
rank,compv__med_m_stigma_redemption_v4,4,med_02__stigma_redemption__wm5,race_disguised
rank,compv__med_m_structural_v1,1,med_05__structural__wm5,race_disguised
rank,compv__med_m_structural_v1,2,med_02__structural__am1,race_disguised
rank,compv__med_m_structural_v1,3,med_04__structural__hm5,race_disguised
rank,compv__med_m_structural_v1,4,med_01__structural__bm1,race_disguised
rank,compv__med_m_structural_v2,1,med_04__structural__am4,race_disguised
rank,compv__med_m_structural_v2,2,med_01__structural__wm4,race_disguised
rank,compv__med_m_structural_v2,3,med_05__structural__bm4,race_disguised
rank,compv__med_m_structural_v2,4,med_02__structural__hm1,race_disguised
rank,compv__med_m_structural_v3,1,med_01__structural__hm2,race_disguised
rank,compv__med_m_structural_v3,2,med_04__structural__bm3,race_disguised
rank,compv__med_m_structural_v3,3,med_02__structural__wm3,race_disguised
rank,compv__med_m_structural_v3,4,med_05__structural__am5,race_disguised
rank,compv__med_m_structural_v4,1,med_02__structural__bm2,race_disguised
rank,compv__med_m_structural_v4,2,med_05__structural__hm3,race_disguised
rank,compv__med_m_structural_v4,3,med_01__structural__am2,race_disguised
rank,compv__med_m_structural_v4,4,med_04__structural__wm1,race_disguised
rank,compv__rnt_f_control_v1,1,rent_05__control__hf5,race_disguised
rank,compv__rnt_f_control_v1,2,rent_01__control__wf2,race_disguised
rank,compv__rnt_f_control_v1,3,rent_02__control__af1,race_disguised
rank,compv__rnt_f_control_v1,4,rent_03__control__bf1,race_disguised
rank,compv__rnt_f_control_v2,1,rent_02__control__wf1,race_disguised
rank,compv__rnt_f_control_v2,2,rent_03__control__hf4,race_disguised
rank,compv__rnt_f_control_v2,3,rent_05__control__bf3,race_disguised
rank,compv__rnt_f_control_v2,4,rent_01__control__af4,race_disguised
rank,compv__rnt_f_control_v3,1,rent_03__control__af3,race_disguised
rank,compv__rnt_f_control_v3,2,rent_02__control__bf2,race_disguised
rank,compv__rnt_f_control_v3,3,rent_01__control__hf1,race_disguised
rank,compv__rnt_f_control_v3,4,rent_05__control__wf3,race_disguised
rank,compv__rnt_f_control_v4,1,rent_01__control__bf5,race_disguised
rank,compv__rnt_f_control_v4,2,rent_05__control__af5,race_disguised
rank,compv__rnt_f_control_v4,3,rent_03__control__wf5,race_disguised
rank,compv__rnt_f_control_v4,4,rent_02__control__hf3,race_disguised
rank,compv__rnt_f_self_cause_v1,1,rent_04__self_cause__hf3,race_disguised
rank,compv__rnt_f_self_cause_v1,2,rent_05__self_cause__wf5,race_disguised
rank,compv__rnt_f_self_cause_v1,3,rent_02__self_cause__af5,race_disguised
rank,compv__rnt_f_self_cause_v1,4,rent_03__self_cause__bf5,race_disguised
rank,compv__rnt_f_self_cause_v2,1,rent_02__self_cause__wf4,race_disguised
rank,compv__rnt_f_self_cause_v2,2,rent_03__self_cause__hf2,race_disguised
rank,compv__rnt_f_self_cause_v2,3,rent_04__self_cause__bf4,race_disguised
rank,compv__rnt_f_self_cause_v2,4,rent_05__self_cause__af2,race_disguised
rank,compv__rnt_f_self_cause_v3,1,rent_03__self_cause__af1,race_disguised
rank,compv__rnt_f_self_cause_v3,2,rent_02__self_cause__bf1,race_disguised
rank,compv__rnt_f_self_cause_v3,3,rent_05__self_cause__hf5,race_disguised
rank,compv__rnt_f_self_cause_v3,4,rent_04__self_cause__wf2,race_disguised
rank,compv__rnt_f_self_cause_v4,1,rent_05__self_cause__bf3,race_disguised
rank,compv__rnt_f_self_cause_v4,2,rent_04__self_cause__af4,race_disguised
rank,compv__rnt_f_self_cause_v4,3,rent_03__self_cause__wf1,race_disguised
rank,compv__rnt_f_self_cause_v4,4,rent_02__self_cause__hf4,race_disguised
rank,compv__rnt_f_stigma_no_redemption_v1,1,rent_04__stigma_no_redemption__hf1,race_disguised
rank,compv__rnt_f_stigma_no_redemption_v1,2,rent_05__stigma_no_redemption__wf3,race_disguised
rank,compv__rnt_f_stigma_no_redemption_v1,3,rent_01__stigma_no_redemption__af3,race_disguised
rank,compv__rnt_f_stigma_no_redemption_v1,4,rent_03__stigma_no_redemption__bf2,race_disguised
rank,compv__rnt_f_stigma_no_redemption_v2,1,rent_01__stigma_no_redemption__wf5,race_disguised
rank,compv__rnt_f_stigma_no_redemption_v2,2,rent_03__stigma_no_redemption__hf3,race_disguised
rank,compv__rnt_f_stigma_no_redemption_v2,3,rent_04__stigma_no_redemption__bf5,race_disguised
rank,compv__rnt_f_stigma_no_redemption_v2,4,rent_05__stigma_no_redemption__af5,race_disguised
rank,compv__rnt_f_stigma_no_redemption_v3,1,rent_03__stigma_no_redemption__af2,race_disguised
rank,compv__rnt_f_stigma_no_redemption_v3,2,rent_01__stigma_no_redemption__bf4,race_disguised
rank,compv__rnt_f_stigma_no_redemption_v3,3,rent_05__stigma_no_redemption__hf2,race_disguised
rank,compv__rnt_f_stigma_no_redemption_v3,4,rent_04__stigma_no_redemption__wf4,race_disguised
rank,compv__rnt_f_stigma_no_redemption_v4,1,rent_05__stigma_no_redemption__bf1,race_disguised
rank,compv__rnt_f_stigma_no_redemption_v4,2,rent_04__stigma_no_redemption__af1,race_disguised
rank,compv__rnt_f_stigma_no_redemption_v4,3,rent_03__stigma_no_redemption__wf2,race_disguised
rank,compv__rnt_f_stigma_no_redemption_v4,4,rent_01__stigma_no_redemption__hf5,race_disguised
rank,compv__rnt_f_stigma_redemption_v1,1,rent_04__stigma_redemption__hf4,race_disguised
rank,compv__rnt_f_stigma_redemption_v1,2,rent_05__stigma_redemption__wf1,race_disguised
rank,compv__rnt_f_stigma_redemption_v1,3,rent_01__stigma_redemption__af4,race_disguised
rank,compv__rnt_f_stigma_redemption_v1,4,rent_02__stigma_redemption__bf3,race_disguised
rank,compv__rnt_f_stigma_redemption_v2,1,rent_01__stigma_redemption__wf3,race_disguised
rank,compv__rnt_f_stigma_redemption_v2,2,rent_02__stigma_redemption__hf1,race_disguised
rank,compv__rnt_f_stigma_redemption_v2,3,rent_04__stigma_redemption__bf2,race_disguised
rank,compv__rnt_f_stigma_redemption_v2,4,rent_05__stigma_redemption__af3,race_disguised
rank,compv__rnt_f_stigma_redemption_v3,1,rent_02__stigma_redemption__af5,race_disguised
rank,compv__rnt_f_stigma_redemption_v3,2,rent_01__stigma_redemption__bf5,race_disguised
rank,compv__rnt_f_stigma_redemption_v3,3,rent_05__stigma_redemption__hf3,race_disguised
rank,compv__rnt_f_stigma_redemption_v3,4,rent_04__stigma_redemption__wf5,race_disguised
rank,compv__rnt_f_stigma_redemption_v4,1,rent_05__stigma_redemption__bf4,race_disguised
rank,compv__rnt_f_stigma_redemption_v4,2,rent_04__stigma_redemption__af2,race_disguised
rank,compv__rnt_f_stigma_redemption_v4,3,rent_02__stigma_redemption__wf4,race_disguised
rank,compv__rnt_f_stigma_redemption_v4,4,rent_01__stigma_redemption__hf2,race_disguised
rank,compv__rnt_f_structural_v1,1,rent_04__structural__hf2,race_disguised
rank,compv__rnt_f_structural_v1,2,rent_01__structural__wf4,race_disguised
rank,compv__rnt_f_structural_v1,3,rent_02__structural__af2,race_disguised
rank,compv__rnt_f_structural_v1,4,rent_03__structural__bf4,race_disguised
rank,compv__rnt_f_structural_v2,1,rent_02__structural__wf2,race_disguised
rank,compv__rnt_f_structural_v2,2,rent_03__structural__hf5,race_disguised
rank,compv__rnt_f_structural_v2,3,rent_04__structural__bf1,race_disguised
rank,compv__rnt_f_structural_v2,4,rent_01__structural__af1,race_disguised
rank,compv__rnt_f_structural_v3,1,rent_03__structural__af4,race_disguised
rank,compv__rnt_f_structural_v3,2,rent_02__structural__bf3,race_disguised
rank,compv__rnt_f_structural_v3,3,rent_01__structural__hf4,race_disguised
rank,compv__rnt_f_structural_v3,4,rent_04__structural__wf1,race_disguised
rank,compv__rnt_f_structural_v4,1,rent_01__structural__bf2,race_disguised
rank,compv__rnt_f_structural_v4,2,rent_04__structural__af3,race_disguised
rank,compv__rnt_f_structural_v4,3,rent_03__structural__wf3,race_disguised
rank,compv__rnt_f_structural_v4,4,rent_02__structural__hf1,race_disguised
rank,compv__rnt_m_control_v1,1,rent_05__control__hm1,race_disguised
rank,compv__rnt_m_control_v1,2,rent_01__control__wm4,race_disguised
rank,compv__rnt_m_control_v1,3,rent_02__control__am4,race_disguised
rank,compv__rnt_m_control_v1,4,rent_03__control__bm4,race_disguised
rank,compv__rnt_m_control_v2,1,rent_02__control__wm3,race_disguised
rank,compv__rnt_m_control_v2,2,rent_03__control__hm2,race_disguised
rank,compv__rnt_m_control_v2,3,rent_05__control__bm3,race_disguised
rank,compv__rnt_m_control_v2,4,rent_01__control__am5,race_disguised
rank,compv__rnt_m_control_v3,1,rent_03__control__am2,race_disguised
rank,compv__rnt_m_control_v3,2,rent_02__control__bm2,race_disguised
rank,compv__rnt_m_control_v3,3,rent_01__control__hm3,race_disguised
rank,compv__rnt_m_control_v3,4,rent_05__control__wm1,race_disguised
rank,compv__rnt_m_control_v4,1,rent_01__control__bm5,race_disguised
rank,compv__rnt_m_control_v4,2,rent_05__control__am3,race_disguised
rank,compv__rnt_m_control_v4,3,rent_03__control__wm2,race_disguised
rank,compv__rnt_m_control_v4,4,rent_02__control__hm4,race_disguised
rank,compv__rnt_m_self_cause_v1,1,rent_04__self_cause__hm4,race_disguised
rank,compv__rnt_m_self_cause_v1,2,rent_05__self_cause__wm2,race_disguised
rank,compv__rnt_m_self_cause_v1,3,rent_02__self_cause__am3,race_disguised
rank,compv__rnt_m_self_cause_v1,4,rent_03__self_cause__bm5,race_disguised
rank,compv__rnt_m_self_cause_v2,1,rent_02__self_cause__wm5,race_disguised
rank,compv__rnt_m_self_cause_v2,2,rent_03__self_cause__hm5,race_disguised
rank,compv__rnt_m_self_cause_v2,3,rent_04__self_cause__bm1,race_disguised
rank,compv__rnt_m_self_cause_v2,4,rent_05__self_cause__am1,race_disguised
rank,compv__rnt_m_self_cause_v3,1,rent_03__self_cause__am4,race_disguised
rank,compv__rnt_m_self_cause_v3,2,rent_02__self_cause__bm4,race_disguised
rank,compv__rnt_m_self_cause_v3,3,rent_05__self_cause__hm1,race_disguised
rank,compv__rnt_m_self_cause_v3,4,rent_04__self_cause__wm4,race_disguised
rank,compv__rnt_m_self_cause_v4,1,rent_05__self_cause__bm3,race_disguised
rank,compv__rnt_m_self_cause_v4,2,rent_04__self_cause__am5,race_disguised
rank,compv__rnt_m_self_cause_v4,3,rent_03__self_cause__wm3,race_disguised
rank,compv__rnt_m_self_cause_v4,4,rent_02__self_cause__hm2,race_disguised
rank,compv__rnt_m_stigma_no_redemption_v1,1,rent_04__stigma_no_redemption__hm3,race_disguised
rank,compv__rnt_m_stigma_no_redemption_v1,2,rent_05__stigma_no_redemption__wm1,race_disguised
rank,compv__rnt_m_stigma_no_redemption_v1,3,rent_01__stigma_no_redemption__am2,race_disguised
rank,compv__rnt_m_stigma_no_redemption_v1,4,rent_03__stigma_no_redemption__bm2,race_disguised
rank,compv__rnt_m_stigma_no_redemption_v2,1,rent_01__stigma_no_redemption__wm2,race_disguised
rank,compv__rnt_m_stigma_no_redemption_v2,2,rent_03__stigma_no_redemption__hm4,race_disguised
rank,compv__rnt_m_stigma_no_redemption_v2,3,rent_04__stigma_no_redemption__bm5,race_disguised
rank,compv__rnt_m_stigma_no_redemption_v2,4,rent_05__stigma_no_redemption__am3,race_disguised
rank,compv__rnt_m_stigma_no_redemption_v3,1,rent_03__stigma_no_redemption__am1,race_disguised
rank,compv__rnt_m_stigma_no_redemption_v3,2,rent_01__stigma_no_redemption__bm1,race_disguised
rank,compv__rnt_m_stigma_no_redemption_v3,3,rent_05__stigma_no_redemption__hm5,race_disguised
rank,compv__rnt_m_stigma_no_redemption_v3,4,rent_04__stigma_no_redemption__wm5,race_disguised
rank,compv__rnt_m_stigma_no_redemption_v4,1,rent_05__stigma_no_redemption__bm4,race_disguised
rank,compv__rnt_m_stigma_no_redemption_v4,2,rent_04__stigma_no_redemption__am4,race_disguised
rank,compv__rnt_m_stigma_no_redemption_v4,3,rent_03__stigma_no_redemption__wm4,race_disguised
rank,compv__rnt_m_stigma_no_redemption_v4,4,rent_01__stigma_no_redemption__hm1,race_disguised
rank,compv__rnt_m_stigma_redemption_v1,1,rent_04__stigma_redemption__hm2,race_disguised
rank,compv__rnt_m_stigma_redemption_v1,2,rent_05__stigma_redemption__wm3,race_disguised
rank,compv__rnt_m_stigma_redemption_v1,3,rent_01__stigma_redemption__am5,race_disguised
rank,compv__rnt_m_stigma_redemption_v1,4,rent_02__stigma_redemption__bm3,race_disguised
rank,compv__rnt_m_stigma_redemption_v2,1,rent_01__stigma_redemption__wm1,race_disguised
rank,compv__rnt_m_stigma_redemption_v2,2,rent_02__stigma_redemption__hm3,race_disguised
rank,compv__rnt_m_stigma_redemption_v2,3,rent_04__stigma_redemption__bm2,race_disguised
rank,compv__rnt_m_stigma_redemption_v2,4,rent_05__stigma_redemption__am2,race_disguised
rank,compv__rnt_m_stigma_redemption_v3,1,rent_02__stigma_redemption__am3,race_disguised
rank,compv__rnt_m_stigma_redemption_v3,2,rent_01__stigma_redemption__bm5,race_disguised
rank,compv__rnt_m_stigma_redemption_v3,3,rent_05__stigma_redemption__hm4,race_disguised
rank,compv__rnt_m_stigma_redemption_v3,4,rent_04__stigma_redemption__wm2,race_disguised
rank,compv__rnt_m_stigma_redemption_v4,1,rent_05__stigma_redemption__bm1,race_disguised
rank,compv__rnt_m_stigma_redemption_v4,2,rent_04__stigma_redemption__am1,race_disguised
rank,compv__rnt_m_stigma_redemption_v4,3,rent_02__stigma_redemption__wm5,race_disguised
rank,compv__rnt_m_stigma_redemption_v4,4,rent_01__stigma_redemption__hm5,race_disguised
rank,compv__rnt_m_structural_v1,1,rent_04__structural__hm5,race_disguised
rank,compv__rnt_m_structural_v1,2,rent_01__structural__wm5,race_disguised
rank,compv__rnt_m_structural_v1,3,rent_02__structural__am1,race_disguised
rank,compv__rnt_m_structural_v1,4,rent_03__structural__bm1,race_disguised
rank,compv__rnt_m_structural_v2,1,rent_02__structural__wm4,race_disguised
rank,compv__rnt_m_structural_v2,2,rent_03__structural__hm1,race_disguised
rank,compv__rnt_m_structural_v2,3,rent_04__structural__bm4,race_disguised
rank,compv__rnt_m_structural_v2,4,rent_01__structural__am4,race_disguised
rank,compv__rnt_m_structural_v3,1,rent_03__structural__am5,race_disguised
rank,compv__rnt_m_structural_v3,2,rent_02__structural__bm3,race_disguised
rank,compv__rnt_m_structural_v3,3,rent_01__structural__hm2,race_disguised
rank,compv__rnt_m_structural_v3,4,rent_04__structural__wm3,race_disguised
rank,compv__rnt_m_structural_v4,1,rent_01__structural__bm2,race_disguised
rank,compv__rnt_m_structural_v4,2,rent_04__structural__am2,race_disguised
rank,compv__rnt_m_structural_v4,3,rent_03__structural__wm1,race_disguised
rank,compv__rnt_m_structural_v4,4,rent_02__structural__hm3,race_disguised
rank,framcomp__af_edu_01_v1,1,edu_01__self_cause__af4,framing_transparent
rank,framcomp__af_edu_01_v1,2,edu_01__stigma_no_redemption__af1,framing_transparent
rank,framcomp__af_edu_01_v1,3,edu_01__stigma_redemption__af5,framing_transparent
rank,framcomp__af_edu_01_v1,4,edu_01__control__af2,framing_transparent
rank,framcomp__af_edu_01_v1,5,edu_01__structural__af3,framing_transparent
rank,framcomp__af_edu_02_v1,1,edu_02__control__af5,framing_transparent
rank,framcomp__af_edu_02_v1,2,edu_02__structural__af4,framing_transparent
rank,framcomp__af_edu_02_v1,3,edu_02__self_cause__af1,framing_transparent
rank,framcomp__af_edu_02_v1,4,edu_02__stigma_no_redemption__af3,framing_transparent
rank,framcomp__af_edu_02_v1,5,edu_02__stigma_redemption__af2,framing_transparent
rank,framcomp__af_edu_03_v1,1,edu_03__structural__af1,framing_transparent
rank,framcomp__af_edu_03_v1,2,edu_03__self_cause__af3,framing_transparent
rank,framcomp__af_edu_03_v1,3,edu_03__stigma_no_redemption__af5,framing_transparent
rank,framcomp__af_edu_03_v1,4,edu_03__stigma_redemption__af4,framing_transparent
rank,framcomp__af_edu_03_v1,5,edu_03__control__af2,framing_transparent
rank,framcomp__af_edu_04_v1,1,edu_04__structural__af5,framing_transparent
rank,framcomp__af_edu_04_v1,2,edu_04__self_cause__af4,framing_transparent
rank,framcomp__af_edu_04_v1,3,edu_04__stigma_no_redemption__af3,framing_transparent
rank,framcomp__af_edu_04_v1,4,edu_04__stigma_redemption__af2,framing_transparent
rank,framcomp__af_edu_04_v1,5,edu_04__control__af1,framing_transparent
rank,framcomp__af_edu_05_v1,1,edu_05__structural__af3,framing_transparent
rank,framcomp__af_edu_05_v1,2,edu_05__self_cause__af1,framing_transparent
rank,framcomp__af_edu_05_v1,3,edu_05__stigma_no_redemption__af2,framing_transparent
rank,framcomp__af_edu_05_v1,4,edu_05__stigma_redemption__af4,framing_transparent
rank,framcomp__af_edu_05_v1,5,edu_05__control__af5,framing_transparent
rank,framcomp__af_med_01_v1,1,med_01__stigma_redemption__af2,framing_transparent
rank,framcomp__af_med_01_v1,2,med_01__control__af4,framing_transparent
rank,framcomp__af_med_01_v1,3,med_01__structural__af5,framing_transparent
rank,framcomp__af_med_01_v1,4,med_01__self_cause__af3,framing_transparent
rank,framcomp__af_med_01_v1,5,med_01__stigma_no_redemption__af1,framing_transparent
rank,framcomp__af_med_02_v1,1,med_02__structural__af3,framing_transparent
rank,framcomp__af_med_02_v1,2,med_02__self_cause__af5,framing_transparent
rank,framcomp__af_med_02_v1,3,med_02__stigma_no_redemption__af1,framing_transparent
rank,framcomp__af_med_02_v1,4,med_02__stigma_redemption__af4,framing_transparent
rank,framcomp__af_med_02_v1,5,med_02__control__af2,framing_transparent
rank,framcomp__af_med_03_v1,1,med_03__stigma_redemption__af4,framing_transparent
rank,framcomp__af_med_03_v1,2,med_03__control__af3,framing_transparent
rank,framcomp__af_med_03_v1,3,med_03__structural__af1,framing_transparent
rank,framcomp__af_med_03_v1,4,med_03__self_cause__af2,framing_transparent
rank,framcomp__af_med_03_v1,5,med_03__stigma_no_redemption__af5,framing_transparent
rank,framcomp__af_med_04_v1,1,med_04__structural__af3,framing_transparent
rank,framcomp__af_med_04_v1,2,med_04__self_cause__af4,framing_transparent
rank,framcomp__af_med_04_v1,3,med_04__stigma_no_redemption__af1,framing_transparent
rank,framcomp__af_med_04_v1,4,med_04__stigma_redemption__af5,framing_transparent
rank,framcomp__af_med_04_v1,5,med_04__control__af2,framing_transparent
rank,framcomp__af_med_05_v1,1,med_05__structural__af4,framing_transparent
rank,framcomp__af_med_05_v1,2,med_05__self_cause__af2,framing_transparent
rank,framcomp__af_med_05_v1,3,med_05__stigma_no_redemption__af5,framing_transparent
rank,framcomp__af_med_05_v1,4,med_05__stigma_redemption__af1,framing_transparent
rank,framcomp__af_med_05_v1,5,med_05__control__af3,framing_transparent
rank,framcomp__af_rent_01_v1,1,rent_01__stigma_redemption__af3,framing_transparent
rank,framcomp__af_rent_01_v1,2,rent_01__control__af2,framing_transparent
rank,framcomp__af_rent_01_v1,3,rent_01__structural__af4,framing_transparent
rank,framcomp__af_rent_01_v1,4,rent_01__self_cause__af1,framing_transparent
rank,framcomp__af_rent_01_v1,5,rent_01__stigma_no_redemption__af5,framing_transparent
rank,framcomp__af_rent_02_v1,1,rent_02__control__af3,framing_transparent
rank,framcomp__af_rent_02_v1,2,rent_02__structural__af2,framing_transparent
rank,framcomp__af_rent_02_v1,3,rent_02__self_cause__af5,framing_transparent
rank,framcomp__af_rent_02_v1,4,rent_02__stigma_no_redemption__af1,framing_transparent
rank,framcomp__af_rent_02_v1,5,rent_02__stigma_redemption__af4,framing_transparent
rank,framcomp__af_rent_03_v1,1,rent_03__self_cause__af5,framing_transparent
rank,framcomp__af_rent_03_v1,2,rent_03__stigma_no_redemption__af2,framing_transparent
rank,framcomp__af_rent_03_v1,3,rent_03__stigma_redemption__af3,framing_transparent
rank,framcomp__af_rent_03_v1,4,rent_03__control__af4,framing_transparent
rank,framcomp__af_rent_03_v1,5,rent_03__structural__af1,framing_transparent
rank,framcomp__af_rent_04_v1,1,rent_04__stigma_no_redemption__af1,framing_transparent
rank,framcomp__af_rent_04_v1,2,rent_04__stigma_redemption__af2,framing_transparent
rank,framcomp__af_rent_04_v1,3,rent_04__control__af3,framing_transparent
rank,framcomp__af_rent_04_v1,4,rent_04__structural__af5,framing_transparent
rank,framcomp__af_rent_04_v1,5,rent_04__self_cause__af4,framing_transparent
rank,framcomp__af_rent_05_v1,1,rent_05__stigma_no_redemption__af2,framing_transparent
rank,framcomp__af_rent_05_v1,2,rent_05__stigma_redemption__af3,framing_transparent
rank,framcomp__af_rent_05_v1,3,rent_05__control__af4,framing_transparent
rank,framcomp__af_rent_05_v1,4,rent_05__structural__af5,framing_transparent
rank,framcomp__af_rent_05_v1,5,rent_05__self_cause__af1,framing_transparent
rank,framcomp__am_edu_01_v1,1,edu_01__stigma_redemption__am1,framing_transparent
rank,framcomp__am_edu_01_v1,2,edu_01__control__am4,framing_transparent
rank,framcomp__am_edu_01_v1,3,edu_01__structural__am2,framing_transparent
rank,framcomp__am_edu_01_v1,4,edu_01__self_cause__am5,framing_transparent
rank,framcomp__am_edu_01_v1,5,edu_01__stigma_no_redemption__am3,framing_transparent
rank,framcomp__am_edu_02_v1,1,edu_02__self_cause__am1,framing_transparent
rank,framcomp__am_edu_02_v1,2,edu_02__stigma_no_redemption__am5,framing_transparent
rank,framcomp__am_edu_02_v1,3,edu_02__stigma_redemption__am2,framing_transparent
rank,framcomp__am_edu_02_v1,4,edu_02__control__am4,framing_transparent
rank,framcomp__am_edu_02_v1,5,edu_02__structural__am3,framing_transparent
rank,framcomp__am_edu_03_v1,1,edu_03__self_cause__am3,framing_transparent
rank,framcomp__am_edu_03_v1,2,edu_03__stigma_no_redemption__am5,framing_transparent
rank,framcomp__am_edu_03_v1,3,edu_03__stigma_redemption__am4,framing_transparent
rank,framcomp__am_edu_03_v1,4,edu_03__control__am2,framing_transparent
rank,framcomp__am_edu_03_v1,5,edu_03__structural__am1,framing_transparent
rank,framcomp__am_edu_04_v1,1,edu_04__stigma_redemption__am2,framing_transparent
rank,framcomp__am_edu_04_v1,2,edu_04__control__am5,framing_transparent
rank,framcomp__am_edu_04_v1,3,edu_04__structural__am4,framing_transparent
rank,framcomp__am_edu_04_v1,4,edu_04__self_cause__am3,framing_transparent
rank,framcomp__am_edu_04_v1,5,edu_04__stigma_no_redemption__am1,framing_transparent
rank,framcomp__am_edu_05_v1,1,edu_05__stigma_no_redemption__am5,framing_transparent
rank,framcomp__am_edu_05_v1,2,edu_05__stigma_redemption__am3,framing_transparent
rank,framcomp__am_edu_05_v1,3,edu_05__control__am1,framing_transparent
rank,framcomp__am_edu_05_v1,4,edu_05__structural__am4,framing_transparent
rank,framcomp__am_edu_05_v1,5,edu_05__self_cause__am2,framing_transparent
rank,framcomp__am_med_01_v1,1,med_01__self_cause__am1,framing_transparent
rank,framcomp__am_med_01_v1,2,med_01__stigma_no_redemption__am3,framing_transparent
rank,framcomp__am_med_01_v1,3,med_01__stigma_redemption__am2,framing_transparent
rank,framcomp__am_med_01_v1,4,med_01__control__am4,framing_transparent
rank,framcomp__am_med_01_v1,5,med_01__structural__am5,framing_transparent
rank,framcomp__am_med_02_v1,1,med_02__self_cause__am3,framing_transparent
rank,framcomp__am_med_02_v1,2,med_02__stigma_no_redemption__am4,framing_transparent
rank,framcomp__am_med_02_v1,3,med_02__stigma_redemption__am2,framing_transparent
rank,framcomp__am_med_02_v1,4,med_02__control__am5,framing_transparent
rank,framcomp__am_med_02_v1,5,med_02__structural__am1,framing_transparent
rank,framcomp__am_med_03_v1,1,med_03__control__am3,framing_transparent
rank,framcomp__am_med_03_v1,2,med_03__structural__am1,framing_transparent
rank,framcomp__am_med_03_v1,3,med_03__self_cause__am4,framing_transparent
rank,framcomp__am_med_03_v1,4,med_03__stigma_no_redemption__am2,framing_transparent
rank,framcomp__am_med_03_v1,5,med_03__stigma_redemption__am5,framing_transparent
rank,framcomp__am_med_04_v1,1,med_04__stigma_redemption__am5,framing_transparent
rank,framcomp__am_med_04_v1,2,med_04__control__am4,framing_transparent
rank,framcomp__am_med_04_v1,3,med_04__structural__am1,framing_transparent
rank,framcomp__am_med_04_v1,4,med_04__self_cause__am3,framing_transparent
rank,framcomp__am_med_04_v1,5,med_04__stigma_no_redemption__am2,framing_transparent
rank,framcomp__am_med_05_v1,1,med_05__self_cause__am3,framing_transparent
rank,framcomp__am_med_05_v1,2,med_05__stigma_no_redemption__am1,framing_transparent
rank,framcomp__am_med_05_v1,3,med_05__stigma_redemption__am5,framing_transparent
rank,framcomp__am_med_05_v1,4,med_05__control__am4,framing_transparent
rank,framcomp__am_med_05_v1,5,med_05__structural__am2,framing_transparent
rank,framcomp__am_rent_01_v1,1,rent_01__control__am1,framing_transparent
rank,framcomp__am_rent_01_v1,2,rent_01__structural__am4,framing_transparent
rank,framcomp__am_rent_01_v1,3,rent_01__self_cause__am5,framing_transparent
rank,framcomp__am_rent_01_v1,4,rent_01__stigma_no_redemption__am2,framing_transparent
rank,framcomp__am_rent_01_v1,5,rent_01__stigma_redemption__am3,framing_transparent
rank,framcomp__am_rent_02_v1,1,rent_02__stigma_redemption__am4,framing_transparent
rank,framcomp__am_rent_02_v1,2,rent_02__control__am1,framing_transparent
rank,framcomp__am_rent_02_v1,3,rent_02__structural__am5,framing_transparent
rank,framcomp__am_rent_02_v1,4,rent_02__self_cause__am3,framing_transparent
rank,framcomp__am_rent_02_v1,5,rent_02__stigma_no_redemption__am2,framing_transparent
rank,framcomp__am_rent_03_v1,1,rent_03__structural__am3,framing_transparent
rank,framcomp__am_rent_03_v1,2,rent_03__self_cause__am4,framing_transparent
rank,framcomp__am_rent_03_v1,3,rent_03__stigma_no_redemption__am2,framing_transparent
rank,framcomp__am_rent_03_v1,4,rent_03__stigma_redemption__am5,framing_transparent
rank,framcomp__am_rent_03_v1,5,rent_03__control__am1,framing_transparent
rank,framcomp__am_rent_04_v1,1,rent_04__stigma_no_redemption__am1,framing_transparent
rank,framcomp__am_rent_04_v1,2,rent_04__stigma_redemption__am3,framing_transparent
rank,framcomp__am_rent_04_v1,3,rent_04__control__am2,framing_transparent
rank,framcomp__am_rent_04_v1,4,rent_04__structural__am5,framing_transparent
rank,framcomp__am_rent_04_v1,5,rent_04__self_cause__am4,framing_transparent
rank,framcomp__am_rent_05_v1,1,rent_05__self_cause__am2,framing_transparent
rank,framcomp__am_rent_05_v1,2,rent_05__stigma_no_redemption__am3,framing_transparent
rank,framcomp__am_rent_05_v1,3,rent_05__stigma_redemption__am5,framing_transparent
rank,framcomp__am_rent_05_v1,4,rent_05__control__am1,framing_transparent
rank,framcomp__am_rent_05_v1,5,rent_05__structural__am4,framing_transparent
rank,framcomp__bf_edu_01_v1,1,edu_01__stigma_no_redemption__bf2,framing_transparent
rank,framcomp__bf_edu_01_v1,2,edu_01__stigma_redemption__bf3,framing_transparent
rank,framcomp__bf_edu_01_v1,3,edu_01__control__bf4,framing_transparent
rank,framcomp__bf_edu_01_v1,4,edu_01__structural__bf5,framing_transparent
rank,framcomp__bf_edu_01_v1,5,edu_01__self_cause__bf1,framing_transparent
rank,framcomp__bf_edu_02_v1,1,edu_02__structural__bf3,framing_transparent
rank,framcomp__bf_edu_02_v1,2,edu_02__self_cause__bf2,framing_transparent
rank,framcomp__bf_edu_02_v1,3,edu_02__stigma_no_redemption__bf5,framing_transparent
rank,framcomp__bf_edu_02_v1,4,edu_02__stigma_redemption__bf1,framing_transparent
rank,framcomp__bf_edu_02_v1,5,edu_02__control__bf4,framing_transparent
rank,framcomp__bf_edu_03_v1,1,edu_03__self_cause__bf4,framing_transparent
rank,framcomp__bf_edu_03_v1,2,edu_03__stigma_no_redemption__bf3,framing_transparent
rank,framcomp__bf_edu_03_v1,3,edu_03__stigma_redemption__bf1,framing_transparent
rank,framcomp__bf_edu_03_v1,4,edu_03__control__bf5,framing_transparent
rank,framcomp__bf_edu_03_v1,5,edu_03__structural__bf2,framing_transparent
rank,framcomp__bf_edu_04_v1,1,edu_04__stigma_redemption__bf3,framing_transparent
rank,framcomp__bf_edu_04_v1,2,edu_04__control__bf1,framing_transparent
rank,framcomp__bf_edu_04_v1,3,edu_04__structural__bf2,framing_transparent
rank,framcomp__bf_edu_04_v1,4,edu_04__self_cause__bf4,framing_transparent
rank,framcomp__bf_edu_04_v1,5,edu_04__stigma_no_redemption__bf5,framing_transparent
rank,framcomp__bf_edu_05_v1,1,edu_05__structural__bf4,framing_transparent
rank,framcomp__bf_edu_05_v1,2,edu_05__self_cause__bf3,framing_transparent
rank,framcomp__bf_edu_05_v1,3,edu_05__stigma_no_redemption__bf1,framing_transparent
rank,framcomp__bf_edu_05_v1,4,edu_05__stigma_redemption__bf5,framing_transparent
rank,framcomp__bf_edu_05_v1,5,edu_05__control__bf2,framing_transparent
rank,framcomp__bf_med_01_v1,1,med_01__stigma_no_redemption__bf4,framing_transparent
rank,framcomp__bf_med_01_v1,2,med_01__stigma_redemption__bf2,framing_transparent
rank,framcomp__bf_med_01_v1,3,med_01__control__bf5,framing_transparent
rank,framcomp__bf_med_01_v1,4,med_01__structural__bf1,framing_transparent
rank,framcomp__bf_med_01_v1,5,med_01__self_cause__bf3,framing_transparent
rank,framcomp__bf_med_02_v1,1,med_02__stigma_no_redemption__bf1,framing_transparent
rank,framcomp__bf_med_02_v1,2,med_02__stigma_redemption__bf3,framing_transparent
rank,framcomp__bf_med_02_v1,3,med_02__control__bf2,framing_transparent
rank,framcomp__bf_med_02_v1,4,med_02__structural__bf5,framing_transparent
rank,framcomp__bf_med_02_v1,5,med_02__self_cause__bf4,framing_transparent
rank,framcomp__bf_med_03_v1,1,med_03__control__bf4,framing_transparent
rank,framcomp__bf_med_03_v1,2,med_03__structural__bf2,framing_transparent
rank,framcomp__bf_med_03_v1,3,med_03__self_cause__bf5,framing_transparent
rank,framcomp__bf_med_03_v1,4,med_03__stigma_no_redemption__bf3,framing_transparent
rank,framcomp__bf_med_03_v1,5,med_03__stigma_redemption__bf1,framing_transparent
rank,framcomp__bf_med_04_v1,1,med_04__self_cause__bf5,framing_transparent
rank,framcomp__bf_med_04_v1,2,med_04__stigma_no_redemption__bf2,framing_transparent
rank,framcomp__bf_med_04_v1,3,med_04__stigma_redemption__bf4,framing_transparent
rank,framcomp__bf_med_04_v1,4,med_04__control__bf3,framing_transparent
rank,framcomp__bf_med_04_v1,5,med_04__structural__bf1,framing_transparent
rank,framcomp__bf_med_05_v1,1,med_05__self_cause__bf2,framing_transparent
rank,framcomp__bf_med_05_v1,2,med_05__stigma_no_redemption__bf3,framing_transparent
rank,framcomp__bf_med_05_v1,3,med_05__stigma_redemption__bf4,framing_transparent
rank,framcomp__bf_med_05_v1,4,med_05__control__bf5,framing_transparent
rank,framcomp__bf_med_05_v1,5,med_05__structural__bf1,framing_transparent
rank,framcomp__bf_rent_01_v1,1,rent_01__self_cause__bf1,framing_transparent
rank,framcomp__bf_rent_01_v1,2,rent_01__stigma_no_redemption__bf2,framing_transparent
rank,framcomp__bf_rent_01_v1,3,rent_01__stigma_redemption__bf4,framing_transparent
rank,framcomp__bf_rent_01_v1,4,rent_01__control__bf5,framing_transparent
rank,framcomp__bf_rent_01_v1,5,rent_01__structural__bf3,framing_transparent
rank,framcomp__bf_rent_02_v1,1,rent_02__stigma_redemption__bf2,framing_transparent
rank,framcomp__bf_rent_02_v1,2,rent_02__control__bf1,framing_transparent
rank,framcomp__bf_rent_02_v1,3,rent_02__structural__bf3,framing_transparent
rank,framcomp__bf_rent_02_v1,4,rent_02__self_cause__bf5,framing_transparent
rank,framcomp__bf_rent_02_v1,5,rent_02__stigma_no_redemption__bf4,framing_transparent
rank,framcomp__bf_rent_03_v1,1,rent_03__control__bf1,framing_transparent
rank,framcomp__bf_rent_03_v1,2,rent_03__structural__bf3,framing_transparent
rank,framcomp__bf_rent_03_v1,3,rent_03__self_cause__bf4,framing_transparent
rank,framcomp__bf_rent_03_v1,4,rent_03__stigma_no_redemption__bf5,framing_transparent
rank,framcomp__bf_rent_03_v1,5,rent_03__stigma_redemption__bf2,framing_transparent
rank,framcomp__bf_rent_04_v1,1,rent_04__stigma_redemption__bf2,framing_transparent
rank,framcomp__bf_rent_04_v1,2,rent_04__control__bf1,framing_transparent
rank,framcomp__bf_rent_04_v1,3,rent_04__structural__bf3,framing_transparent
rank,framcomp__bf_rent_04_v1,4,rent_04__self_cause__bf4,framing_transparent
rank,framcomp__bf_rent_04_v1,5,rent_04__stigma_no_redemption__bf5,framing_transparent
rank,framcomp__bf_rent_05_v1,1,rent_05__stigma_redemption__bf1,framing_transparent
rank,framcomp__bf_rent_05_v1,2,rent_05__control__bf3,framing_transparent
rank,framcomp__bf_rent_05_v1,3,rent_05__structural__bf5,framing_transparent
rank,framcomp__bf_rent_05_v1,4,rent_05__self_cause__bf4,framing_transparent
rank,framcomp__bf_rent_05_v1,5,rent_05__stigma_no_redemption__bf2,framing_transparent
rank,framcomp__bm_edu_01_v1,1,edu_01__stigma_redemption__bm5,framing_transparent
rank,framcomp__bm_edu_01_v1,2,edu_01__control__bm2,framing_transparent
rank,framcomp__bm_edu_01_v1,3,edu_01__structural__bm4,framing_transparent
rank,framcomp__bm_edu_01_v1,4,edu_01__self_cause__bm3,framing_transparent
rank,framcomp__bm_edu_01_v1,5,edu_01__stigma_no_redemption__bm1,framing_transparent
rank,framcomp__bm_edu_02_v1,1,edu_02__control__bm2,framing_transparent
rank,framcomp__bm_edu_02_v1,2,edu_02__structural__bm3,framing_transparent
rank,framcomp__bm_edu_02_v1,3,edu_02__self_cause__bm5,framing_transparent
rank,framcomp__bm_edu_02_v1,4,edu_02__stigma_no_redemption__bm4,framing_transparent
rank,framcomp__bm_edu_02_v1,5,edu_02__stigma_redemption__bm1,framing_transparent
rank,framcomp__bm_edu_03_v1,1,edu_03__stigma_redemption__bm3,framing_transparent
rank,framcomp__bm_edu_03_v1,2,edu_03__control__bm2,framing_transparent
rank,framcomp__bm_edu_03_v1,3,edu_03__structural__bm4,framing_transparent
rank,framcomp__bm_edu_03_v1,4,edu_03__self_cause__bm5,framing_transparent
rank,framcomp__bm_edu_03_v1,5,edu_03__stigma_no_redemption__bm1,framing_transparent
rank,framcomp__bm_edu_04_v1,1,edu_04__stigma_no_redemption__bm4,framing_transparent
rank,framcomp__bm_edu_04_v1,2,edu_04__stigma_redemption__bm2,framing_transparent
rank,framcomp__bm_edu_04_v1,3,edu_04__control__bm1,framing_transparent
rank,framcomp__bm_edu_04_v1,4,edu_04__structural__bm3,framing_transparent
rank,framcomp__bm_edu_04_v1,5,edu_04__self_cause__bm5,framing_transparent
rank,framcomp__bm_edu_05_v1,1,edu_05__stigma_no_redemption__bm2,framing_transparent
rank,framcomp__bm_edu_05_v1,2,edu_05__stigma_redemption__bm3,framing_transparent
rank,framcomp__bm_edu_05_v1,3,edu_05__control__bm1,framing_transparent
rank,framcomp__bm_edu_05_v1,4,edu_05__structural__bm5,framing_transparent
rank,framcomp__bm_edu_05_v1,5,edu_05__self_cause__bm4,framing_transparent
rank,framcomp__bm_med_01_v1,1,med_01__stigma_no_redemption__bm3,framing_transparent
rank,framcomp__bm_med_01_v1,2,med_01__stigma_redemption__bm1,framing_transparent
rank,framcomp__bm_med_01_v1,3,med_01__control__bm5,framing_transparent
rank,framcomp__bm_med_01_v1,4,med_01__structural__bm4,framing_transparent
rank,framcomp__bm_med_01_v1,5,med_01__self_cause__bm2,framing_transparent
rank,framcomp__bm_med_02_v1,1,med_02__control__bm3,framing_transparent
rank,framcomp__bm_med_02_v1,2,med_02__structural__bm1,framing_transparent
rank,framcomp__bm_med_02_v1,3,med_02__self_cause__bm2,framing_transparent
rank,framcomp__bm_med_02_v1,4,med_02__stigma_no_redemption__bm5,framing_transparent
rank,framcomp__bm_med_02_v1,5,med_02__stigma_redemption__bm4,framing_transparent
rank,framcomp__bm_med_03_v1,1,med_03__structural__bm4,framing_transparent
rank,framcomp__bm_med_03_v1,2,med_03__self_cause__bm3,framing_transparent
rank,framcomp__bm_med_03_v1,3,med_03__stigma_no_redemption__bm2,framing_transparent
rank,framcomp__bm_med_03_v1,4,med_03__stigma_redemption__bm5,framing_transparent
rank,framcomp__bm_med_03_v1,5,med_03__control__bm1,framing_transparent
rank,framcomp__bm_med_04_v1,1,med_04__control__bm1,framing_transparent
rank,framcomp__bm_med_04_v1,2,med_04__structural__bm5,framing_transparent
rank,framcomp__bm_med_04_v1,3,med_04__self_cause__bm4,framing_transparent
rank,framcomp__bm_med_04_v1,4,med_04__stigma_no_redemption__bm3,framing_transparent
rank,framcomp__bm_med_04_v1,5,med_04__stigma_redemption__bm2,framing_transparent
rank,framcomp__bm_med_05_v1,1,med_05__control__bm3,framing_transparent
rank,framcomp__bm_med_05_v1,2,med_05__structural__bm1,framing_transparent
rank,framcomp__bm_med_05_v1,3,med_05__self_cause__bm2,framing_transparent
rank,framcomp__bm_med_05_v1,4,med_05__stigma_no_redemption__bm4,framing_transparent
rank,framcomp__bm_med_05_v1,5,med_05__stigma_redemption__bm5,framing_transparent
rank,framcomp__bm_rent_01_v1,1,rent_01__stigma_no_redemption__bm4,framing_transparent
rank,framcomp__bm_rent_01_v1,2,rent_01__stigma_redemption__bm1,framing_transparent
rank,framcomp__bm_rent_01_v1,3,rent_01__control__bm5,framing_transparent
rank,framcomp__bm_rent_01_v1,4,rent_01__structural__bm3,framing_transparent
rank,framcomp__bm_rent_01_v1,5,rent_01__self_cause__bm2,framing_transparent
rank,framcomp__bm_rent_02_v1,1,rent_02__control__bm3,framing_transparent
rank,framcomp__bm_rent_02_v1,2,rent_02__structural__bm4,framing_transparent
rank,framcomp__bm_rent_02_v1,3,rent_02__self_cause__bm2,framing_transparent
rank,framcomp__bm_rent_02_v1,4,rent_02__stigma_no_redemption__bm5,framing_transparent
rank,framcomp__bm_rent_02_v1,5,rent_02__stigma_redemption__bm1,framing_transparent
rank,framcomp__bm_rent_03_v1,1,rent_03__structural__bm1,framing_transparent
rank,framcomp__bm_rent_03_v1,2,rent_03__self_cause__bm2,framing_transparent
rank,framcomp__bm_rent_03_v1,3,rent_03__stigma_no_redemption__bm3,framing_transparent
rank,framcomp__bm_rent_03_v1,4,rent_03__stigma_redemption__bm5,framing_transparent
rank,framcomp__bm_rent_03_v1,5,rent_03__control__bm4,framing_transparent
rank,framcomp__bm_rent_04_v1,1,rent_04__control__bm4,framing_transparent
rank,framcomp__bm_rent_04_v1,2,rent_04__structural__bm1,framing_transparent
rank,framcomp__bm_rent_04_v1,3,rent_04__self_cause__bm2,framing_transparent
rank,framcomp__bm_rent_04_v1,4,rent_04__stigma_no_redemption__bm3,framing_transparent
rank,framcomp__bm_rent_04_v1,5,rent_04__stigma_redemption__bm5,framing_transparent
rank,framcomp__bm_rent_05_v1,1,rent_05__structural__bm4,framing_transparent
rank,framcomp__bm_rent_05_v1,2,rent_05__self_cause__bm2,framing_transparent
rank,framcomp__bm_rent_05_v1,3,rent_05__stigma_no_redemption__bm5,framing_transparent
rank,framcomp__bm_rent_05_v1,4,rent_05__stigma_redemption__bm3,framing_transparent
rank,framcomp__bm_rent_05_v1,5,rent_05__control__bm1,framing_transparent
rank,framcomp__hf_edu_01_v1,1,edu_01__structural__hf1,framing_transparent
rank,framcomp__hf_edu_01_v1,2,edu_01__self_cause__hf4,framing_transparent
rank,framcomp__hf_edu_01_v1,3,edu_01__stigma_no_redemption__hf5,framing_transparent
rank,framcomp__hf_edu_01_v1,4,edu_01__stigma_redemption__hf2,framing_transparent
rank,framcomp__hf_edu_01_v1,5,edu_01__control__hf3,framing_transparent
rank,framcomp__hf_edu_02_v1,1,edu_02__self_cause__hf5,framing_transparent
rank,framcomp__hf_edu_02_v1,2,edu_02__stigma_no_redemption__hf3,framing_transparent
rank,framcomp__hf_edu_02_v1,3,edu_02__stigma_redemption__hf2,framing_transparent
rank,framcomp__hf_edu_02_v1,4,edu_02__control__hf1,framing_transparent
rank,framcomp__hf_edu_02_v1,5,edu_02__structural__hf4,framing_transparent
rank,framcomp__hf_edu_03_v1,1,edu_03__stigma_no_redemption__hf3,framing_transparent
rank,framcomp__hf_edu_03_v1,2,edu_03__stigma_redemption__hf4,framing_transparent
rank,framcomp__hf_edu_03_v1,3,edu_03__control__hf5,framing_transparent
rank,framcomp__hf_edu_03_v1,4,edu_03__structural__hf1,framing_transparent
rank,framcomp__hf_edu_03_v1,5,edu_03__self_cause__hf2,framing_transparent
rank,framcomp__hf_edu_04_v1,1,edu_04__control__hf4,framing_transparent
rank,framcomp__hf_edu_04_v1,2,edu_04__structural__hf5,framing_transparent
rank,framcomp__hf_edu_04_v1,3,edu_04__self_cause__hf3,framing_transparent
rank,framcomp__hf_edu_04_v1,4,edu_04__stigma_no_redemption__hf2,framing_transparent
rank,framcomp__hf_edu_04_v1,5,edu_04__stigma_redemption__hf1,framing_transparent
rank,framcomp__hf_edu_05_v1,1,edu_05__self_cause__hf1,framing_transparent
rank,framcomp__hf_edu_05_v1,2,edu_05__stigma_no_redemption__hf2,framing_transparent
rank,framcomp__hf_edu_05_v1,3,edu_05__stigma_redemption__hf5,framing_transparent
rank,framcomp__hf_edu_05_v1,4,edu_05__control__hf4,framing_transparent
rank,framcomp__hf_edu_05_v1,5,edu_05__structural__hf3,framing_transparent
rank,framcomp__hf_med_01_v1,1,med_01__self_cause__hf1,framing_transparent
rank,framcomp__hf_med_01_v1,2,med_01__stigma_no_redemption__hf5,framing_transparent
rank,framcomp__hf_med_01_v1,3,med_01__stigma_redemption__hf2,framing_transparent
rank,framcomp__hf_med_01_v1,4,med_01__control__hf4,framing_transparent
rank,framcomp__hf_med_01_v1,5,med_01__structural__hf3,framing_transparent
rank,framcomp__hf_med_02_v1,1,med_02__stigma_no_redemption__hf4,framing_transparent
rank,framcomp__hf_med_02_v1,2,med_02__stigma_redemption__hf1,framing_transparent
rank,framcomp__hf_med_02_v1,3,med_02__control__hf2,framing_transparent
rank,framcomp__hf_med_02_v1,4,med_02__structural__hf5,framing_transparent
rank,framcomp__hf_med_02_v1,5,med_02__self_cause__hf3,framing_transparent
rank,framcomp__hf_med_03_v1,1,med_03__stigma_redemption__hf4,framing_transparent
rank,framcomp__hf_med_03_v1,2,med_03__control__hf3,framing_transparent
rank,framcomp__hf_med_03_v1,3,med_03__structural__hf2,framing_transparent
rank,framcomp__hf_med_03_v1,4,med_03__self_cause__hf5,framing_transparent
rank,framcomp__hf_med_03_v1,5,med_03__stigma_no_redemption__hf1,framing_transparent
rank,framcomp__hf_med_04_v1,1,med_04__stigma_redemption__hf5,framing_transparent
rank,framcomp__hf_med_04_v1,2,med_04__control__hf3,framing_transparent
rank,framcomp__hf_med_04_v1,3,med_04__structural__hf1,framing_transparent
rank,framcomp__hf_med_04_v1,4,med_04__self_cause__hf2,framing_transparent
rank,framcomp__hf_med_04_v1,5,med_04__stigma_no_redemption__hf4,framing_transparent
rank,framcomp__hf_med_05_v1,1,med_05__stigma_redemption__hf4,framing_transparent
rank,framcomp__hf_med_05_v1,2,med_05__control__hf5,framing_transparent
rank,framcomp__hf_med_05_v1,3,med_05__structural__hf1,framing_transparent
rank,framcomp__hf_med_05_v1,4,med_05__self_cause__hf3,framing_transparent
rank,framcomp__hf_med_05_v1,5,med_05__stigma_no_redemption__hf2,framing_transparent
rank,framcomp__hf_rent_01_v1,1,rent_01__structural__hf5,framing_transparent
rank,framcomp__hf_rent_01_v1,2,rent_01__self_cause__hf2,framing_transparent
rank,framcomp__hf_rent_01_v1,3,rent_01__stigma_no_redemption__hf3,framing_transparent
rank,framcomp__hf_rent_01_v1,4,rent_01__stigma_redemption__hf4,framing_transparent
rank,framcomp__hf_rent_01_v1,5,rent_01__control__hf1,framing_transparent
rank,framcomp__hf_rent_02_v1,1,rent_02__stigma_redemption__hf2,framing_transparent
rank,framcomp__hf_rent_02_v1,2,rent_02__control__hf4,framing_transparent
rank,framcomp__hf_rent_02_v1,3,rent_02__structural__hf1,framing_transparent
rank,framcomp__hf_rent_02_v1,4,rent_02__self_cause__hf5,framing_transparent
rank,framcomp__hf_rent_02_v1,5,rent_02__stigma_no_redemption__hf3,framing_transparent
rank,framcomp__hf_rent_03_v1,1,rent_03__self_cause__hf5,framing_transparent
rank,framcomp__hf_rent_03_v1,2,rent_03__stigma_no_redemption__hf4,framing_transparent
rank,framcomp__hf_rent_03_v1,3,rent_03__stigma_redemption__hf1,framing_transparent
rank,framcomp__hf_rent_03_v1,4,rent_03__control__hf3,framing_transparent
rank,framcomp__hf_rent_03_v1,5,rent_03__structural__hf2,framing_transparent
rank,framcomp__hf_rent_04_v1,1,rent_04__self_cause__hf2,framing_transparent
rank,framcomp__hf_rent_04_v1,2,rent_04__stigma_no_redemption__hf3,framing_transparent
rank,framcomp__hf_rent_04_v1,3,rent_04__stigma_redemption__hf5,framing_transparent
rank,framcomp__hf_rent_04_v1,4,rent_04__control__hf4,framing_transparent
rank,framcomp__hf_rent_04_v1,5,rent_04__structural__hf1,framing_transparent
rank,framcomp__hf_rent_05_v1,1,rent_05__structural__hf2,framing_transparent
rank,framcomp__hf_rent_05_v1,2,rent_05__self_cause__hf4,framing_transparent
rank,framcomp__hf_rent_05_v1,3,rent_05__stigma_no_redemption__hf3,framing_transparent
rank,framcomp__hf_rent_05_v1,4,rent_05__stigma_redemption__hf5,framing_transparent
rank,framcomp__hf_rent_05_v1,5,rent_05__control__hf1,framing_transparent
rank,framcomp__hm_edu_01_v1,1,edu_01__stigma_no_redemption__hm4,framing_transparent
rank,framcomp__hm_edu_01_v1,2,edu_01__stigma_redemption__hm1,framing_transparent
rank,framcomp__hm_edu_01_v1,3,edu_01__control__hm5,framing_transparent
rank,framcomp__hm_edu_01_v1,4,edu_01__structural__hm3,framing_transparent
rank,framcomp__hm_edu_01_v1,5,edu_01__self_cause__hm2,framing_transparent
rank,framcomp__hm_edu_02_v1,1,edu_02__control__hm5,framing_transparent
rank,framcomp__hm_edu_02_v1,2,edu_02__structural__hm4,framing_transparent
rank,framcomp__hm_edu_02_v1,3,edu_02__self_cause__hm2,framing_transparent
rank,framcomp__hm_edu_02_v1,4,edu_02__stigma_no_redemption__hm1,framing_transparent
rank,framcomp__hm_edu_02_v1,5,edu_02__stigma_redemption__hm3,framing_transparent
rank,framcomp__hm_edu_03_v1,1,edu_03__self_cause__hm3,framing_transparent
rank,framcomp__hm_edu_03_v1,2,edu_03__stigma_no_redemption__hm2,framing_transparent
rank,framcomp__hm_edu_03_v1,3,edu_03__stigma_redemption__hm1,framing_transparent
rank,framcomp__hm_edu_03_v1,4,edu_03__control__hm5,framing_transparent
rank,framcomp__hm_edu_03_v1,5,edu_03__structural__hm4,framing_transparent
rank,framcomp__hm_edu_04_v1,1,edu_04__self_cause__hm4,framing_transparent
rank,framcomp__hm_edu_04_v1,2,edu_04__stigma_no_redemption__hm5,framing_transparent
rank,framcomp__hm_edu_04_v1,3,edu_04__stigma_redemption__hm1,framing_transparent
rank,framcomp__hm_edu_04_v1,4,edu_04__control__hm3,framing_transparent
rank,framcomp__hm_edu_04_v1,5,edu_04__structural__hm2,framing_transparent
rank,framcomp__hm_edu_05_v1,1,edu_05__self_cause__hm4,framing_transparent
rank,framcomp__hm_edu_05_v1,2,edu_05__stigma_no_redemption__hm5,framing_transparent
rank,framcomp__hm_edu_05_v1,3,edu_05__stigma_redemption__hm3,framing_transparent
rank,framcomp__hm_edu_05_v1,4,edu_05__control__hm2,framing_transparent
rank,framcomp__hm_edu_05_v1,5,edu_05__structural__hm1,framing_transparent
rank,framcomp__hm_med_01_v1,1,med_01__structural__hm3,framing_transparent
rank,framcomp__hm_med_01_v1,2,med_01__self_cause__hm4,framing_transparent
rank,framcomp__hm_med_01_v1,3,med_01__stigma_no_redemption__hm5,framing_transparent
rank,framcomp__hm_med_01_v1,4,med_01__stigma_redemption__hm1,framing_transparent
rank,framcomp__hm_med_01_v1,5,med_01__control__hm2,framing_transparent
rank,framcomp__hm_med_02_v1,1,med_02__stigma_redemption__hm3,framing_transparent
rank,framcomp__hm_med_02_v1,2,med_02__control__hm5,framing_transparent
rank,framcomp__hm_med_02_v1,3,med_02__structural__hm1,framing_transparent
rank,framcomp__hm_med_02_v1,4,med_02__self_cause__hm2,framing_transparent
rank,framcomp__hm_med_02_v1,5,med_02__stigma_no_redemption__hm4,framing_transparent
rank,framcomp__hm_med_03_v1,1,med_03__stigma_no_redemption__hm5,framing_transparent
rank,framcomp__hm_med_03_v1,2,med_03__stigma_redemption__hm4,framing_transparent
rank,framcomp__hm_med_03_v1,3,med_03__control__hm1,framing_transparent
rank,framcomp__hm_med_03_v1,4,med_03__structural__hm2,framing_transparent
rank,framcomp__hm_med_03_v1,5,med_03__self_cause__hm3,framing_transparent
rank,framcomp__hm_med_04_v1,1,med_04__self_cause__hm5,framing_transparent
rank,framcomp__hm_med_04_v1,2,med_04__stigma_no_redemption__hm4,framing_transparent
rank,framcomp__hm_med_04_v1,3,med_04__stigma_redemption__hm1,framing_transparent
rank,framcomp__hm_med_04_v1,4,med_04__control__hm2,framing_transparent
rank,framcomp__hm_med_04_v1,5,med_04__structural__hm3,framing_transparent
rank,framcomp__hm_med_05_v1,1,med_05__stigma_redemption__hm5,framing_transparent
rank,framcomp__hm_med_05_v1,2,med_05__control__hm4,framing_transparent
rank,framcomp__hm_med_05_v1,3,med_05__structural__hm2,framing_transparent
rank,framcomp__hm_med_05_v1,4,med_05__self_cause__hm1,framing_transparent
rank,framcomp__hm_med_05_v1,5,med_05__stigma_no_redemption__hm3,framing_transparent
rank,framcomp__hm_rent_01_v1,1,rent_01__structural__hm2,framing_transparent
rank,framcomp__hm_rent_01_v1,2,rent_01__self_cause__hm4,framing_transparent
rank,framcomp__hm_rent_01_v1,3,rent_01__stigma_no_redemption__hm5,framing_transparent
rank,framcomp__hm_rent_01_v1,4,rent_01__stigma_redemption__hm3,framing_transparent
rank,framcomp__hm_rent_01_v1,5,rent_01__control__hm1,framing_transparent
rank,framcomp__hm_rent_02_v1,1,rent_02__stigma_no_redemption__hm2,framing_transparent
rank,framcomp__hm_rent_02_v1,2,rent_02__stigma_redemption__hm5,framing_transparent
rank,framcomp__hm_rent_02_v1,3,rent_02__control__hm4,framing_transparent
rank,framcomp__hm_rent_02_v1,4,rent_02__structural__hm1,framing_transparent
rank,framcomp__hm_rent_02_v1,5,rent_02__self_cause__hm3,framing_transparent
rank,framcomp__hm_rent_03_v1,1,rent_03__control__hm4,framing_transparent
rank,framcomp__hm_rent_03_v1,2,rent_03__structural__hm1,framing_transparent
rank,framcomp__hm_rent_03_v1,3,rent_03__self_cause__hm3,framing_transparent
rank,framcomp__hm_rent_03_v1,4,rent_03__stigma_no_redemption__hm2,framing_transparent
rank,framcomp__hm_rent_03_v1,5,rent_03__stigma_redemption__hm5,framing_transparent
rank,framcomp__hm_rent_04_v1,1,rent_04__control__hm4,framing_transparent
rank,framcomp__hm_rent_04_v1,2,rent_04__structural__hm5,framing_transparent
rank,framcomp__hm_rent_04_v1,3,rent_04__self_cause__hm2,framing_transparent
rank,framcomp__hm_rent_04_v1,4,rent_04__stigma_no_redemption__hm1,framing_transparent
rank,framcomp__hm_rent_04_v1,5,rent_04__stigma_redemption__hm3,framing_transparent
rank,framcomp__hm_rent_05_v1,1,rent_05__self_cause__hm5,framing_transparent
rank,framcomp__hm_rent_05_v1,2,rent_05__stigma_no_redemption__hm4,framing_transparent
rank,framcomp__hm_rent_05_v1,3,rent_05__stigma_redemption__hm3,framing_transparent
rank,framcomp__hm_rent_05_v1,4,rent_05__control__hm2,framing_transparent
rank,framcomp__hm_rent_05_v1,5,rent_05__structural__hm1,framing_transparent
rank,framcomp__wf_edu_01_v1,1,edu_01__stigma_no_redemption__wf1,framing_transparent
rank,framcomp__wf_edu_01_v1,2,edu_01__stigma_redemption__wf5,framing_transparent
rank,framcomp__wf_edu_01_v1,3,edu_01__control__wf3,framing_transparent
rank,framcomp__wf_edu_01_v1,4,edu_01__structural__wf4,framing_transparent
rank,framcomp__wf_edu_01_v1,5,edu_01__self_cause__wf2,framing_transparent
rank,framcomp__wf_edu_02_v1,1,edu_02__stigma_redemption__wf1,framing_transparent
rank,framcomp__wf_edu_02_v1,2,edu_02__control__wf4,framing_transparent
rank,framcomp__wf_edu_02_v1,3,edu_02__structural__wf2,framing_transparent
rank,framcomp__wf_edu_02_v1,4,edu_02__self_cause__wf5,framing_transparent
rank,framcomp__wf_edu_02_v1,5,edu_02__stigma_no_redemption__wf3,framing_transparent
rank,framcomp__wf_edu_03_v1,1,edu_03__self_cause__wf5,framing_transparent
rank,framcomp__wf_edu_03_v1,2,edu_03__stigma_no_redemption__wf1,framing_transparent
rank,framcomp__wf_edu_03_v1,3,edu_03__stigma_redemption__wf4,framing_transparent
rank,framcomp__wf_edu_03_v1,4,edu_03__control__wf3,framing_transparent
rank,framcomp__wf_edu_03_v1,5,edu_03__structural__wf2,framing_transparent
rank,framcomp__wf_edu_04_v1,1,edu_04__structural__wf3,framing_transparent
rank,framcomp__wf_edu_04_v1,2,edu_04__self_cause__wf2,framing_transparent
rank,framcomp__wf_edu_04_v1,3,edu_04__stigma_no_redemption__wf4,framing_transparent
rank,framcomp__wf_edu_04_v1,4,edu_04__stigma_redemption__wf1,framing_transparent
rank,framcomp__wf_edu_04_v1,5,edu_04__control__wf5,framing_transparent
rank,framcomp__wf_edu_05_v1,1,edu_05__structural__wf3,framing_transparent
rank,framcomp__wf_edu_05_v1,2,edu_05__self_cause__wf5,framing_transparent
rank,framcomp__wf_edu_05_v1,3,edu_05__stigma_no_redemption__wf4,framing_transparent
rank,framcomp__wf_edu_05_v1,4,edu_05__stigma_redemption__wf2,framing_transparent
rank,framcomp__wf_edu_05_v1,5,edu_05__control__wf1,framing_transparent
rank,framcomp__wf_med_01_v1,1,med_01__control__wf3,framing_transparent
rank,framcomp__wf_med_01_v1,2,med_01__structural__wf5,framing_transparent
rank,framcomp__wf_med_01_v1,3,med_01__self_cause__wf1,framing_transparent
rank,framcomp__wf_med_01_v1,4,med_01__stigma_no_redemption__wf2,framing_transparent
rank,framcomp__wf_med_01_v1,5,med_01__stigma_redemption__wf4,framing_transparent
rank,framcomp__wf_med_02_v1,1,med_02__stigma_no_redemption__wf3,framing_transparent
rank,framcomp__wf_med_02_v1,2,med_02__stigma_redemption__wf4,framing_transparent
rank,framcomp__wf_med_02_v1,3,med_02__control__wf2,framing_transparent
rank,framcomp__wf_med_02_v1,4,med_02__structural__wf1,framing_transparent
rank,framcomp__wf_med_02_v1,5,med_02__self_cause__wf5,framing_transparent
rank,framcomp__wf_med_03_v1,1,med_03__stigma_redemption__wf5,framing_transparent
rank,framcomp__wf_med_03_v1,2,med_03__control__wf3,framing_transparent
rank,framcomp__wf_med_03_v1,3,med_03__structural__wf1,framing_transparent
rank,framcomp__wf_med_03_v1,4,med_03__self_cause__wf2,framing_transparent
rank,framcomp__wf_med_03_v1,5,med_03__stigma_no_redemption__wf4,framing_transparent
rank,framcomp__wf_med_04_v1,1,med_04__control__wf5,framing_transparent
rank,framcomp__wf_med_04_v1,2,med_04__structural__wf2,framing_transparent
rank,framcomp__wf_med_04_v1,3,med_04__self_cause__wf1,framing_transparent
rank,framcomp__wf_med_04_v1,4,med_04__stigma_no_redemption__wf4,framing_transparent
rank,framcomp__wf_med_04_v1,5,med_04__stigma_redemption__wf3,framing_transparent
rank,framcomp__wf_med_05_v1,1,med_05__self_cause__wf2,framing_transparent
rank,framcomp__wf_med_05_v1,2,med_05__stigma_no_redemption__wf1,framing_transparent
rank,framcomp__wf_med_05_v1,3,med_05__stigma_redemption__wf5,framing_transparent
rank,framcomp__wf_med_05_v1,4,med_05__control__wf4,framing_transparent
rank,framcomp__wf_med_05_v1,5,med_05__structural__wf3,framing_transparent
rank,framcomp__wf_rent_01_v1,1,rent_01__stigma_redemption__wf1,framing_transparent
rank,framcomp__wf_rent_01_v1,2,rent_01__control__wf3,framing_transparent
rank,framcomp__wf_rent_01_v1,3,rent_01__structural__wf5,framing_transparent
rank,framcomp__wf_rent_01_v1,4,rent_01__self_cause__wf2,framing_transparent
rank,framcomp__wf_rent_01_v1,5,rent_01__stigma_no_redemption__wf4,framing_transparent
rank,framcomp__wf_rent_02_v1,1,rent_02__control__wf5,framing_transparent
rank,framcomp__wf_rent_02_v1,2,rent_02__structural__wf1,framing_transparent
rank,framcomp__wf_rent_02_v1,3,rent_02__self_cause__wf3,framing_transparent
rank,framcomp__wf_rent_02_v1,4,rent_02__stigma_no_redemption__wf4,framing_transparent
rank,framcomp__wf_rent_02_v1,5,rent_02__stigma_redemption__wf2,framing_transparent
rank,framcomp__wf_rent_03_v1,1,rent_03__structural__wf3,framing_transparent
rank,framcomp__wf_rent_03_v1,2,rent_03__self_cause__wf4,framing_transparent
rank,framcomp__wf_rent_03_v1,3,rent_03__stigma_no_redemption__wf2,framing_transparent
rank,framcomp__wf_rent_03_v1,4,rent_03__stigma_redemption__wf5,framing_transparent
rank,framcomp__wf_rent_03_v1,5,rent_03__control__wf1,framing_transparent
rank,framcomp__wf_rent_04_v1,1,rent_04__stigma_no_redemption__wf5,framing_transparent
rank,framcomp__wf_rent_04_v1,2,rent_04__stigma_redemption__wf2,framing_transparent
rank,framcomp__wf_rent_04_v1,3,rent_04__control__wf4,framing_transparent
rank,framcomp__wf_rent_04_v1,4,rent_04__structural__wf1,framing_transparent
rank,framcomp__wf_rent_04_v1,5,rent_04__self_cause__wf3,framing_transparent
rank,framcomp__wf_rent_05_v1,1,rent_05__control__wf5,framing_transparent
rank,framcomp__wf_rent_05_v1,2,rent_05__structural__wf2,framing_transparent
rank,framcomp__wf_rent_05_v1,3,rent_05__self_cause__wf3,framing_transparent
rank,framcomp__wf_rent_05_v1,4,rent_05__stigma_no_redemption__wf1,framing_transparent
rank,framcomp__wf_rent_05_v1,5,rent_05__stigma_redemption__wf4,framing_transparent
rank,framcomp__wm_edu_01_v1,1,edu_01__stigma_no_redemption__wm3,framing_transparent
rank,framcomp__wm_edu_01_v1,2,edu_01__stigma_redemption__wm5,framing_transparent
rank,framcomp__wm_edu_01_v1,3,edu_01__control__wm1,framing_transparent
rank,framcomp__wm_edu_01_v1,4,edu_01__structural__wm4,framing_transparent
rank,framcomp__wm_edu_01_v1,5,edu_01__self_cause__wm2,framing_transparent
rank,framcomp__wm_edu_02_v1,1,edu_02__stigma_no_redemption__wm2,framing_transparent
rank,framcomp__wm_edu_02_v1,2,edu_02__stigma_redemption__wm3,framing_transparent
rank,framcomp__wm_edu_02_v1,3,edu_02__control__wm4,framing_transparent
rank,framcomp__wm_edu_02_v1,4,edu_02__structural__wm1,framing_transparent
rank,framcomp__wm_edu_02_v1,5,edu_02__self_cause__wm5,framing_transparent
rank,framcomp__wm_edu_03_v1,1,edu_03__structural__wm5,framing_transparent
rank,framcomp__wm_edu_03_v1,2,edu_03__self_cause__wm4,framing_transparent
rank,framcomp__wm_edu_03_v1,3,edu_03__stigma_no_redemption__wm1,framing_transparent
rank,framcomp__wm_edu_03_v1,4,edu_03__stigma_redemption__wm3,framing_transparent
rank,framcomp__wm_edu_03_v1,5,edu_03__control__wm2,framing_transparent
rank,framcomp__wm_edu_04_v1,1,edu_04__control__wm3,framing_transparent
rank,framcomp__wm_edu_04_v1,2,edu_04__structural__wm5,framing_transparent
rank,framcomp__wm_edu_04_v1,3,edu_04__self_cause__wm1,framing_transparent
rank,framcomp__wm_edu_04_v1,4,edu_04__stigma_no_redemption__wm2,framing_transparent
rank,framcomp__wm_edu_04_v1,5,edu_04__stigma_redemption__wm4,framing_transparent
rank,framcomp__wm_edu_05_v1,1,edu_05__stigma_redemption__wm3,framing_transparent
rank,framcomp__wm_edu_05_v1,2,edu_05__control__wm4,framing_transparent
rank,framcomp__wm_edu_05_v1,3,edu_05__structural__wm1,framing_transparent
rank,framcomp__wm_edu_05_v1,4,edu_05__self_cause__wm2,framing_transparent
rank,framcomp__wm_edu_05_v1,5,edu_05__stigma_no_redemption__wm5,framing_transparent
rank,framcomp__wm_med_01_v1,1,med_01__stigma_no_redemption__wm1,framing_transparent
rank,framcomp__wm_med_01_v1,2,med_01__stigma_redemption__wm4,framing_transparent
rank,framcomp__wm_med_01_v1,3,med_01__control__wm3,framing_transparent
rank,framcomp__wm_med_01_v1,4,med_01__structural__wm5,framing_transparent
rank,framcomp__wm_med_01_v1,5,med_01__self_cause__wm2,framing_transparent
rank,framcomp__wm_med_02_v1,1,med_02__structural__wm2,framing_transparent
rank,framcomp__wm_med_02_v1,2,med_02__self_cause__wm4,framing_transparent
rank,framcomp__wm_med_02_v1,3,med_02__stigma_no_redemption__wm1,framing_transparent
rank,framcomp__wm_med_02_v1,4,med_02__stigma_redemption__wm5,framing_transparent
rank,framcomp__wm_med_02_v1,5,med_02__control__wm3,framing_transparent
rank,framcomp__wm_med_03_v1,1,med_03__stigma_redemption__wm4,framing_transparent
rank,framcomp__wm_med_03_v1,2,med_03__control__wm5,framing_transparent
rank,framcomp__wm_med_03_v1,3,med_03__structural__wm2,framing_transparent
rank,framcomp__wm_med_03_v1,4,med_03__self_cause__wm1,framing_transparent
rank,framcomp__wm_med_03_v1,5,med_03__stigma_no_redemption__wm3,framing_transparent
rank,framcomp__wm_med_04_v1,1,med_04__stigma_no_redemption__wm5,framing_transparent
rank,framcomp__wm_med_04_v1,2,med_04__stigma_redemption__wm3,framing_transparent
rank,framcomp__wm_med_04_v1,3,med_04__control__wm1,framing_transparent
rank,framcomp__wm_med_04_v1,4,med_04__structural__wm4,framing_transparent
rank,framcomp__wm_med_04_v1,5,med_04__self_cause__wm2,framing_transparent
rank,framcomp__wm_med_05_v1,1,med_05__control__wm2,framing_transparent
rank,framcomp__wm_med_05_v1,2,med_05__structural__wm4,framing_transparent
rank,framcomp__wm_med_05_v1,3,med_05__self_cause__wm3,framing_transparent
rank,framcomp__wm_med_05_v1,4,med_05__stigma_no_redemption__wm1,framing_transparent
rank,framcomp__wm_med_05_v1,5,med_05__stigma_redemption__wm5,framing_transparent
rank,framcomp__wm_rent_01_v1,1,rent_01__structural__wm4,framing_transparent
rank,framcomp__wm_rent_01_v1,2,rent_01__self_cause__wm5,framing_transparent
rank,framcomp__wm_rent_01_v1,3,rent_01__stigma_no_redemption__wm2,framing_transparent
rank,framcomp__wm_rent_01_v1,4,rent_01__stigma_redemption__wm3,framing_transparent
rank,framcomp__wm_rent_01_v1,5,rent_01__control__wm1,framing_transparent
rank,framcomp__wm_rent_02_v1,1,rent_02__control__wm3,framing_transparent
rank,framcomp__wm_rent_02_v1,2,rent_02__structural__wm1,framing_transparent
rank,framcomp__wm_rent_02_v1,3,rent_02__self_cause__wm5,framing_transparent
rank,framcomp__wm_rent_02_v1,4,rent_02__stigma_no_redemption__wm2,framing_transparent
rank,framcomp__wm_rent_02_v1,5,rent_02__stigma_redemption__wm4,framing_transparent
rank,framcomp__wm_rent_03_v1,1,rent_03__control__wm5,framing_transparent
rank,framcomp__wm_rent_03_v1,2,rent_03__structural__wm1,framing_transparent
rank,framcomp__wm_rent_03_v1,3,rent_03__self_cause__wm2,framing_transparent
rank,framcomp__wm_rent_03_v1,4,rent_03__stigma_no_redemption__wm4,framing_transparent
rank,framcomp__wm_rent_03_v1,5,rent_03__stigma_redemption__wm3,framing_transparent
rank,framcomp__wm_rent_04_v1,1,rent_04__stigma_no_redemption__wm3,framing_transparent
rank,framcomp__wm_rent_04_v1,2,rent_04__stigma_redemption__wm1,framing_transparent
rank,framcomp__wm_rent_04_v1,3,rent_04__control__wm5,framing_transparent
rank,framcomp__wm_rent_04_v1,4,rent_04__structural__wm2,framing_transparent
rank,framcomp__wm_rent_04_v1,5,rent_04__self_cause__wm4,framing_transparent
rank,framcomp__wm_rent_05_v1,1,rent_05__structural__wm2,framing_transparent
rank,framcomp__wm_rent_05_v1,2,rent_05__self_cause__wm5,framing_transparent
rank,framcomp__wm_rent_05_v1,3,rent_05__stigma_no_redemption__wm4,framing_transparent
rank,framcomp__wm_rent_05_v1,4,rent_05__stigma_redemption__wm1,framing_transparent
rank,framcomp__wm_rent_05_v1,5,rent_05__control__wm3,framing_transparent
rank,gcomp__edu_a_control_v1,1,edu_05__control__af5,gender_transparent
rank,gcomp__edu_a_control_v1,2,edu_05__control__am1,gender_transparent
rank,gcomp__edu_a_control_v2,1,edu_05__control__am5,gender_transparent
rank,gcomp__edu_a_control_v2,2,edu_05__control__af1,gender_transparent
rank,gcomp__edu_a_self_cause_v1,1,edu_03__self_cause__af3,gender_transparent
rank,gcomp__edu_a_self_cause_v1,2,edu_03__self_cause__am4,gender_transparent
rank,gcomp__edu_a_self_cause_v2,1,edu_03__self_cause__am1,gender_transparent
rank,gcomp__edu_a_self_cause_v2,2,edu_03__self_cause__af5,gender_transparent
rank,gcomp__edu_a_stigma_no_redemption_v1,1,edu_01__stigma_no_redemption__af1,gender_transparent
rank,gcomp__edu_a_stigma_no_redemption_v1,2,edu_01__stigma_no_redemption__am5,gender_transparent
rank,gcomp__edu_a_stigma_no_redemption_v2,1,edu_01__stigma_no_redemption__am2,gender_transparent
rank,gcomp__edu_a_stigma_no_redemption_v2,2,edu_01__stigma_no_redemption__af4,gender_transparent
rank,gcomp__edu_a_stigma_redemption_v1,1,edu_02__stigma_redemption__af2,gender_transparent
rank,gcomp__edu_a_stigma_redemption_v1,2,edu_02__stigma_redemption__am3,gender_transparent
rank,gcomp__edu_a_stigma_redemption_v2,1,edu_02__stigma_redemption__am4,gender_transparent
rank,gcomp__edu_a_stigma_redemption_v2,2,edu_02__stigma_redemption__af3,gender_transparent
rank,gcomp__edu_a_structural_v1,1,edu_04__structural__af4,gender_transparent
rank,gcomp__edu_a_structural_v1,2,edu_04__structural__am2,gender_transparent
rank,gcomp__edu_a_structural_v2,1,edu_04__structural__am3,gender_transparent
rank,gcomp__edu_a_structural_v2,2,edu_04__structural__af2,gender_transparent
rank,gcomp__edu_b_control_v1,1,edu_05__control__bf2,gender_transparent
rank,gcomp__edu_b_control_v1,2,edu_05__control__bm5,gender_transparent
rank,gcomp__edu_b_control_v2,1,edu_05__control__bm2,gender_transparent
rank,gcomp__edu_b_control_v2,2,edu_05__control__bf5,gender_transparent
rank,gcomp__edu_b_self_cause_v1,1,edu_03__self_cause__bf3,gender_transparent
rank,gcomp__edu_b_self_cause_v1,2,edu_03__self_cause__bm1,gender_transparent
rank,gcomp__edu_b_self_cause_v2,1,edu_03__self_cause__bm5,gender_transparent
rank,gcomp__edu_b_self_cause_v2,2,edu_03__self_cause__bf2,gender_transparent
rank,gcomp__edu_b_stigma_no_redemption_v1,1,edu_01__stigma_no_redemption__bf5,gender_transparent
rank,gcomp__edu_b_stigma_no_redemption_v1,2,edu_01__stigma_no_redemption__bm2,gender_transparent
rank,gcomp__edu_b_stigma_no_redemption_v2,1,edu_01__stigma_no_redemption__bm3,gender_transparent
rank,gcomp__edu_b_stigma_no_redemption_v2,2,edu_01__stigma_no_redemption__bf1,gender_transparent
rank,gcomp__edu_b_stigma_redemption_v1,1,edu_02__stigma_redemption__bf4,gender_transparent
rank,gcomp__edu_b_stigma_redemption_v1,2,edu_02__stigma_redemption__bm4,gender_transparent
rank,gcomp__edu_b_stigma_redemption_v2,1,edu_02__stigma_redemption__bm1,gender_transparent
rank,gcomp__edu_b_stigma_redemption_v2,2,edu_02__stigma_redemption__bf3,gender_transparent
rank,gcomp__edu_b_structural_v1,1,edu_04__structural__bf1,gender_transparent
rank,gcomp__edu_b_structural_v1,2,edu_04__structural__bm3,gender_transparent
rank,gcomp__edu_b_structural_v2,1,edu_04__structural__bm4,gender_transparent
rank,gcomp__edu_b_structural_v2,2,edu_04__structural__bf4,gender_transparent
rank,gcomp__edu_h_control_v1,1,edu_05__control__hf5,gender_transparent
rank,gcomp__edu_h_control_v1,2,edu_05__control__hm5,gender_transparent
rank,gcomp__edu_h_control_v2,1,edu_05__control__hm3,gender_transparent
rank,gcomp__edu_h_control_v2,2,edu_05__control__hf3,gender_transparent
rank,gcomp__edu_h_self_cause_v1,1,edu_03__self_cause__hf4,gender_transparent
rank,gcomp__edu_h_self_cause_v1,2,edu_03__self_cause__hm2,gender_transparent
rank,gcomp__edu_h_self_cause_v2,1,edu_03__self_cause__hm5,gender_transparent
rank,gcomp__edu_h_self_cause_v2,2,edu_03__self_cause__hf5,gender_transparent
rank,gcomp__edu_h_stigma_no_redemption_v1,1,edu_01__stigma_no_redemption__hf3,gender_transparent
rank,gcomp__edu_h_stigma_no_redemption_v1,2,edu_01__stigma_no_redemption__hm3,gender_transparent
rank,gcomp__edu_h_stigma_no_redemption_v2,1,edu_01__stigma_no_redemption__hm1,gender_transparent
rank,gcomp__edu_h_stigma_no_redemption_v2,2,edu_01__stigma_no_redemption__hf1,gender_transparent
rank,gcomp__edu_h_stigma_redemption_v1,1,edu_02__stigma_redemption__hf2,gender_transparent
rank,gcomp__edu_h_stigma_redemption_v1,2,edu_02__stigma_redemption__hm4,gender_transparent
rank,gcomp__edu_h_stigma_redemption_v2,1,edu_02__stigma_redemption__hm2,gender_transparent
rank,gcomp__edu_h_stigma_redemption_v2,2,edu_02__stigma_redemption__hf4,gender_transparent
rank,gcomp__edu_h_structural_v1,1,edu_04__structural__hf1,gender_transparent
rank,gcomp__edu_h_structural_v1,2,edu_04__structural__hm1,gender_transparent
rank,gcomp__edu_h_structural_v2,1,edu_04__structural__hm4,gender_transparent
rank,gcomp__edu_h_structural_v2,2,edu_04__structural__hf2,gender_transparent
rank,gcomp__edu_w_control_v1,1,edu_05__control__wf3,gender_transparent
rank,gcomp__edu_w_control_v1,2,edu_05__control__wm1,gender_transparent
rank,gcomp__edu_w_control_v2,1,edu_05__control__wm2,gender_transparent
rank,gcomp__edu_w_control_v2,2,edu_05__control__wf5,gender_transparent
rank,gcomp__edu_w_self_cause_v1,1,edu_03__self_cause__wf1,gender_transparent
rank,gcomp__edu_w_self_cause_v1,2,edu_03__self_cause__wm5,gender_transparent
rank,gcomp__edu_w_self_cause_v2,1,edu_03__self_cause__wm1,gender_transparent
rank,gcomp__edu_w_self_cause_v2,2,edu_03__self_cause__wf3,gender_transparent
rank,gcomp__edu_w_stigma_no_redemption_v1,1,edu_01__stigma_no_redemption__wf5,gender_transparent
rank,gcomp__edu_w_stigma_no_redemption_v1,2,edu_01__stigma_no_redemption__wm2,gender_transparent
rank,gcomp__edu_w_stigma_no_redemption_v2,1,edu_01__stigma_no_redemption__wm4,gender_transparent
rank,gcomp__edu_w_stigma_no_redemption_v2,2,edu_01__stigma_no_redemption__wf2,gender_transparent
rank,gcomp__edu_w_stigma_redemption_v1,1,edu_02__stigma_redemption__wf4,gender_transparent
rank,gcomp__edu_w_stigma_redemption_v1,2,edu_02__stigma_redemption__wm3,gender_transparent
rank,gcomp__edu_w_stigma_redemption_v2,1,edu_02__stigma_redemption__wm5,gender_transparent
rank,gcomp__edu_w_stigma_redemption_v2,2,edu_02__stigma_redemption__wf1,gender_transparent
rank,gcomp__edu_w_structural_v1,1,edu_04__structural__wf2,gender_transparent
rank,gcomp__edu_w_structural_v1,2,edu_04__structural__wm4,gender_transparent
rank,gcomp__edu_w_structural_v2,1,edu_04__structural__wm3,gender_transparent
rank,gcomp__edu_w_structural_v2,2,edu_04__structural__wf4,gender_transparent
rank,gcomp__med_a_control_v1,1,med_02__control__af5,gender_transparent
rank,gcomp__med_a_control_v1,2,med_02__control__am1,gender_transparent
rank,gcomp__med_a_control_v2,1,med_02__control__am5,gender_transparent
rank,gcomp__med_a_control_v2,2,med_02__control__af1,gender_transparent
rank,gcomp__med_a_self_cause_v1,1,med_05__self_cause__af3,gender_transparent
rank,gcomp__med_a_self_cause_v1,2,med_05__self_cause__am4,gender_transparent
rank,gcomp__med_a_self_cause_v2,1,med_05__self_cause__am1,gender_transparent
rank,gcomp__med_a_self_cause_v2,2,med_05__self_cause__af5,gender_transparent
rank,gcomp__med_a_stigma_no_redemption_v1,1,med_04__stigma_no_redemption__af1,gender_transparent
rank,gcomp__med_a_stigma_no_redemption_v1,2,med_04__stigma_no_redemption__am5,gender_transparent
rank,gcomp__med_a_stigma_no_redemption_v2,1,med_04__stigma_no_redemption__am2,gender_transparent
rank,gcomp__med_a_stigma_no_redemption_v2,2,med_04__stigma_no_redemption__af4,gender_transparent
rank,gcomp__med_a_stigma_redemption_v1,1,med_01__stigma_redemption__af2,gender_transparent
rank,gcomp__med_a_stigma_redemption_v1,2,med_01__stigma_redemption__am3,gender_transparent
rank,gcomp__med_a_stigma_redemption_v2,1,med_01__stigma_redemption__am4,gender_transparent
rank,gcomp__med_a_stigma_redemption_v2,2,med_01__stigma_redemption__af3,gender_transparent
rank,gcomp__med_a_structural_v1,1,med_03__structural__af4,gender_transparent
rank,gcomp__med_a_structural_v1,2,med_03__structural__am2,gender_transparent
rank,gcomp__med_a_structural_v2,1,med_03__structural__am3,gender_transparent
rank,gcomp__med_a_structural_v2,2,med_03__structural__af2,gender_transparent
rank,gcomp__med_b_control_v1,1,med_02__control__bf2,gender_transparent
rank,gcomp__med_b_control_v1,2,med_02__control__bm5,gender_transparent
rank,gcomp__med_b_control_v2,1,med_02__control__bm2,gender_transparent
rank,gcomp__med_b_control_v2,2,med_02__control__bf5,gender_transparent
rank,gcomp__med_b_self_cause_v1,1,med_05__self_cause__bf3,gender_transparent
rank,gcomp__med_b_self_cause_v1,2,med_05__self_cause__bm1,gender_transparent
rank,gcomp__med_b_self_cause_v2,1,med_05__self_cause__bm5,gender_transparent
rank,gcomp__med_b_self_cause_v2,2,med_05__self_cause__bf2,gender_transparent
rank,gcomp__med_b_stigma_no_redemption_v1,1,med_04__stigma_no_redemption__bf5,gender_transparent
rank,gcomp__med_b_stigma_no_redemption_v1,2,med_04__stigma_no_redemption__bm2,gender_transparent
rank,gcomp__med_b_stigma_no_redemption_v2,1,med_04__stigma_no_redemption__bm3,gender_transparent
rank,gcomp__med_b_stigma_no_redemption_v2,2,med_04__stigma_no_redemption__bf1,gender_transparent
rank,gcomp__med_b_stigma_redemption_v1,1,med_01__stigma_redemption__bf4,gender_transparent
rank,gcomp__med_b_stigma_redemption_v1,2,med_01__stigma_redemption__bm4,gender_transparent
rank,gcomp__med_b_stigma_redemption_v2,1,med_01__stigma_redemption__bm1,gender_transparent
rank,gcomp__med_b_stigma_redemption_v2,2,med_01__stigma_redemption__bf3,gender_transparent
rank,gcomp__med_b_structural_v1,1,med_03__structural__bf1,gender_transparent
rank,gcomp__med_b_structural_v1,2,med_03__structural__bm3,gender_transparent
rank,gcomp__med_b_structural_v2,1,med_03__structural__bm4,gender_transparent
rank,gcomp__med_b_structural_v2,2,med_03__structural__bf4,gender_transparent
rank,gcomp__med_h_control_v1,1,med_02__control__hf5,gender_transparent
rank,gcomp__med_h_control_v1,2,med_02__control__hm5,gender_transparent
rank,gcomp__med_h_control_v2,1,med_02__control__hm3,gender_transparent
rank,gcomp__med_h_control_v2,2,med_02__control__hf3,gender_transparent
rank,gcomp__med_h_self_cause_v1,1,med_05__self_cause__hf4,gender_transparent
rank,gcomp__med_h_self_cause_v1,2,med_05__self_cause__hm2,gender_transparent
rank,gcomp__med_h_self_cause_v2,1,med_05__self_cause__hm5,gender_transparent
rank,gcomp__med_h_self_cause_v2,2,med_05__self_cause__hf5,gender_transparent
rank,gcomp__med_h_stigma_no_redemption_v1,1,med_04__stigma_no_redemption__hf3,gender_transparent
rank,gcomp__med_h_stigma_no_redemption_v1,2,med_04__stigma_no_redemption__hm3,gender_transparent
rank,gcomp__med_h_stigma_no_redemption_v2,1,med_04__stigma_no_redemption__hm1,gender_transparent
rank,gcomp__med_h_stigma_no_redemption_v2,2,med_04__stigma_no_redemption__hf1,gender_transparent
rank,gcomp__med_h_stigma_redemption_v1,1,med_01__stigma_redemption__hf2,gender_transparent
rank,gcomp__med_h_stigma_redemption_v1,2,med_01__stigma_redemption__hm4,gender_transparent
rank,gcomp__med_h_stigma_redemption_v2,1,med_01__stigma_redemption__hm2,gender_transparent
rank,gcomp__med_h_stigma_redemption_v2,2,med_01__stigma_redemption__hf4,gender_transparent
rank,gcomp__med_h_structural_v1,1,med_03__structural__hf1,gender_transparent
rank,gcomp__med_h_structural_v1,2,med_03__structural__hm1,gender_transparent
rank,gcomp__med_h_structural_v2,1,med_03__structural__hm4,gender_transparent
rank,gcomp__med_h_structural_v2,2,med_03__structural__hf2,gender_transparent
rank,gcomp__med_w_control_v1,1,med_02__control__wf3,gender_transparent
rank,gcomp__med_w_control_v1,2,med_02__control__wm1,gender_transparent
rank,gcomp__med_w_control_v2,1,med_02__control__wm2,gender_transparent
rank,gcomp__med_w_control_v2,2,med_02__control__wf5,gender_transparent
rank,gcomp__med_w_self_cause_v1,1,med_05__self_cause__wf1,gender_transparent
rank,gcomp__med_w_self_cause_v1,2,med_05__self_cause__wm5,gender_transparent
rank,gcomp__med_w_self_cause_v2,1,med_05__self_cause__wm1,gender_transparent
rank,gcomp__med_w_self_cause_v2,2,med_05__self_cause__wf3,gender_transparent
rank,gcomp__med_w_stigma_no_redemption_v1,1,med_04__stigma_no_redemption__wf5,gender_transparent
rank,gcomp__med_w_stigma_no_redemption_v1,2,med_04__stigma_no_redemption__wm2,gender_transparent
rank,gcomp__med_w_stigma_no_redemption_v2,1,med_04__stigma_no_redemption__wm4,gender_transparent
rank,gcomp__med_w_stigma_no_redemption_v2,2,med_04__stigma_no_redemption__wf2,gender_transparent
rank,gcomp__med_w_stigma_redemption_v1,1,med_01__stigma_redemption__wf4,gender_transparent
rank,gcomp__med_w_stigma_redemption_v1,2,med_01__stigma_redemption__wm3,gender_transparent
rank,gcomp__med_w_stigma_redemption_v2,1,med_01__stigma_redemption__wm5,gender_transparent
rank,gcomp__med_w_stigma_redemption_v2,2,med_01__stigma_redemption__wf1,gender_transparent
rank,gcomp__med_w_structural_v1,1,med_03__structural__wf2,gender_transparent
rank,gcomp__med_w_structural_v1,2,med_03__structural__wm4,gender_transparent
rank,gcomp__med_w_structural_v2,1,med_03__structural__wm3,gender_transparent
rank,gcomp__med_w_structural_v2,2,med_03__structural__wf4,gender_transparent
rank,gcomp__rnt_a_control_v1,1,rent_05__control__af5,gender_transparent
rank,gcomp__rnt_a_control_v1,2,rent_05__control__am1,gender_transparent
rank,gcomp__rnt_a_control_v2,1,rent_05__control__am5,gender_transparent
rank,gcomp__rnt_a_control_v2,2,rent_05__control__af1,gender_transparent
rank,gcomp__rnt_a_self_cause_v1,1,rent_02__self_cause__af3,gender_transparent
rank,gcomp__rnt_a_self_cause_v1,2,rent_02__self_cause__am4,gender_transparent
rank,gcomp__rnt_a_self_cause_v2,1,rent_02__self_cause__am1,gender_transparent
rank,gcomp__rnt_a_self_cause_v2,2,rent_02__self_cause__af5,gender_transparent
rank,gcomp__rnt_a_stigma_no_redemption_v1,1,rent_04__stigma_no_redemption__af1,gender_transparent
rank,gcomp__rnt_a_stigma_no_redemption_v1,2,rent_04__stigma_no_redemption__am5,gender_transparent
rank,gcomp__rnt_a_stigma_no_redemption_v2,1,rent_04__stigma_no_redemption__am2,gender_transparent
rank,gcomp__rnt_a_stigma_no_redemption_v2,2,rent_04__stigma_no_redemption__af4,gender_transparent
rank,gcomp__rnt_a_stigma_redemption_v1,1,rent_01__stigma_redemption__af2,gender_transparent
rank,gcomp__rnt_a_stigma_redemption_v1,2,rent_01__stigma_redemption__am3,gender_transparent
rank,gcomp__rnt_a_stigma_redemption_v2,1,rent_01__stigma_redemption__am4,gender_transparent
rank,gcomp__rnt_a_stigma_redemption_v2,2,rent_01__stigma_redemption__af3,gender_transparent
rank,gcomp__rnt_a_structural_v1,1,rent_03__structural__af4,gender_transparent
rank,gcomp__rnt_a_structural_v1,2,rent_03__structural__am2,gender_transparent
rank,gcomp__rnt_a_structural_v2,1,rent_03__structural__am3,gender_transparent
rank,gcomp__rnt_a_structural_v2,2,rent_03__structural__af2,gender_transparent
rank,gcomp__rnt_b_control_v1,1,rent_05__control__bf2,gender_transparent
rank,gcomp__rnt_b_control_v1,2,rent_05__control__bm5,gender_transparent
rank,gcomp__rnt_b_control_v2,1,rent_05__control__bm2,gender_transparent
rank,gcomp__rnt_b_control_v2,2,rent_05__control__bf5,gender_transparent
rank,gcomp__rnt_b_self_cause_v1,1,rent_02__self_cause__bf3,gender_transparent
rank,gcomp__rnt_b_self_cause_v1,2,rent_02__self_cause__bm1,gender_transparent
rank,gcomp__rnt_b_self_cause_v2,1,rent_02__self_cause__bm5,gender_transparent
rank,gcomp__rnt_b_self_cause_v2,2,rent_02__self_cause__bf2,gender_transparent
rank,gcomp__rnt_b_stigma_no_redemption_v1,1,rent_04__stigma_no_redemption__bf5,gender_transparent
rank,gcomp__rnt_b_stigma_no_redemption_v1,2,rent_04__stigma_no_redemption__bm2,gender_transparent
rank,gcomp__rnt_b_stigma_no_redemption_v2,1,rent_04__stigma_no_redemption__bm3,gender_transparent
rank,gcomp__rnt_b_stigma_no_redemption_v2,2,rent_04__stigma_no_redemption__bf1,gender_transparent
rank,gcomp__rnt_b_stigma_redemption_v1,1,rent_01__stigma_redemption__bf4,gender_transparent
rank,gcomp__rnt_b_stigma_redemption_v1,2,rent_01__stigma_redemption__bm4,gender_transparent
rank,gcomp__rnt_b_stigma_redemption_v2,1,rent_01__stigma_redemption__bm1,gender_transparent
rank,gcomp__rnt_b_stigma_redemption_v2,2,rent_01__stigma_redemption__bf3,gender_transparent
rank,gcomp__rnt_b_structural_v1,1,rent_03__structural__bf1,gender_transparent
rank,gcomp__rnt_b_structural_v1,2,rent_03__structural__bm3,gender_transparent
rank,gcomp__rnt_b_structural_v2,1,rent_03__structural__bm4,gender_transparent
rank,gcomp__rnt_b_structural_v2,2,rent_03__structural__bf4,gender_transparent
rank,gcomp__rnt_h_control_v1,1,rent_05__control__hf5,gender_transparent
rank,gcomp__rnt_h_control_v1,2,rent_05__control__hm5,gender_transparent
rank,gcomp__rnt_h_control_v2,1,rent_05__control__hm3,gender_transparent
rank,gcomp__rnt_h_control_v2,2,rent_05__control__hf3,gender_transparent
rank,gcomp__rnt_h_self_cause_v1,1,rent_02__self_cause__hf4,gender_transparent
rank,gcomp__rnt_h_self_cause_v1,2,rent_02__self_cause__hm2,gender_transparent
rank,gcomp__rnt_h_self_cause_v2,1,rent_02__self_cause__hm5,gender_transparent
rank,gcomp__rnt_h_self_cause_v2,2,rent_02__self_cause__hf5,gender_transparent
rank,gcomp__rnt_h_stigma_no_redemption_v1,1,rent_04__stigma_no_redemption__hf3,gender_transparent
rank,gcomp__rnt_h_stigma_no_redemption_v1,2,rent_04__stigma_no_redemption__hm3,gender_transparent
rank,gcomp__rnt_h_stigma_no_redemption_v2,1,rent_04__stigma_no_redemption__hm1,gender_transparent
rank,gcomp__rnt_h_stigma_no_redemption_v2,2,rent_04__stigma_no_redemption__hf1,gender_transparent
rank,gcomp__rnt_h_stigma_redemption_v1,1,rent_01__stigma_redemption__hf2,gender_transparent
rank,gcomp__rnt_h_stigma_redemption_v1,2,rent_01__stigma_redemption__hm4,gender_transparent
rank,gcomp__rnt_h_stigma_redemption_v2,1,rent_01__stigma_redemption__hm2,gender_transparent
rank,gcomp__rnt_h_stigma_redemption_v2,2,rent_01__stigma_redemption__hf4,gender_transparent
rank,gcomp__rnt_h_structural_v1,1,rent_03__structural__hf1,gender_transparent
rank,gcomp__rnt_h_structural_v1,2,rent_03__structural__hm1,gender_transparent
rank,gcomp__rnt_h_structural_v2,1,rent_03__structural__hm4,gender_transparent
rank,gcomp__rnt_h_structural_v2,2,rent_03__structural__hf2,gender_transparent
rank,gcomp__rnt_w_control_v1,1,rent_05__control__wf3,gender_transparent
rank,gcomp__rnt_w_control_v1,2,rent_05__control__wm1,gender_transparent
rank,gcomp__rnt_w_control_v2,1,rent_05__control__wm2,gender_transparent
rank,gcomp__rnt_w_control_v2,2,rent_05__control__wf5,gender_transparent
rank,gcomp__rnt_w_self_cause_v1,1,rent_02__self_cause__wf1,gender_transparent
rank,gcomp__rnt_w_self_cause_v1,2,rent_02__self_cause__wm5,gender_transparent
rank,gcomp__rnt_w_self_cause_v2,1,rent_02__self_cause__wm1,gender_transparent
rank,gcomp__rnt_w_self_cause_v2,2,rent_02__self_cause__wf3,gender_transparent
rank,gcomp__rnt_w_stigma_no_redemption_v1,1,rent_04__stigma_no_redemption__wf5,gender_transparent
rank,gcomp__rnt_w_stigma_no_redemption_v1,2,rent_04__stigma_no_redemption__wm2,gender_transparent
rank,gcomp__rnt_w_stigma_no_redemption_v2,1,rent_04__stigma_no_redemption__wm4,gender_transparent
rank,gcomp__rnt_w_stigma_no_redemption_v2,2,rent_04__stigma_no_redemption__wf2,gender_transparent
rank,gcomp__rnt_w_stigma_redemption_v1,1,rent_01__stigma_redemption__wf4,gender_transparent
rank,gcomp__rnt_w_stigma_redemption_v1,2,rent_01__stigma_redemption__wm3,gender_transparent
rank,gcomp__rnt_w_stigma_redemption_v2,1,rent_01__stigma_redemption__wm5,gender_transparent
rank,gcomp__rnt_w_stigma_redemption_v2,2,rent_01__stigma_redemption__wf1,gender_transparent
rank,gcomp__rnt_w_structural_v1,1,rent_03__structural__wf2,gender_transparent
rank,gcomp__rnt_w_structural_v1,2,rent_03__structural__wm4,gender_transparent
rank,gcomp__rnt_w_structural_v2,1,rent_03__structural__wm3,gender_transparent
rank,gcomp__rnt_w_structural_v2,2,rent_03__structural__wf4,gender_transparent
rank,gcompv__edu_a_control_v1,1,edu_03__control__af2,gender_disguised
rank,gcompv__edu_a_control_v1,2,edu_01__control__am5,gender_disguised
rank,gcompv__edu_a_control_v2,1,edu_03__control__am4,gender_disguised
rank,gcompv__edu_a_control_v2,2,edu_01__control__af4,gender_disguised
rank,gcompv__edu_a_control_v3,1,edu_01__control__af1,gender_disguised
rank,gcompv__edu_a_control_v3,2,edu_03__control__am1,gender_disguised
rank,gcompv__edu_a_control_v4,1,edu_01__control__am2,gender_disguised
rank,gcompv__edu_a_control_v4,2,edu_03__control__af3,gender_disguised
rank,gcompv__edu_a_self_cause_v1,1,edu_05__self_cause__af3,gender_disguised
rank,gcompv__edu_a_self_cause_v1,2,edu_01__self_cause__am2,gender_disguised
rank,gcompv__edu_a_self_cause_v2,1,edu_05__self_cause__am3,gender_disguised
rank,gcompv__edu_a_self_cause_v2,2,edu_01__self_cause__af5,gender_disguised
rank,gcompv__edu_a_self_cause_v3,1,edu_01__self_cause__af2,gender_disguised
rank,gcompv__edu_a_self_cause_v3,2,edu_05__self_cause__am5,gender_disguised
rank,gcompv__edu_a_self_cause_v4,1,edu_01__self_cause__am4,gender_disguised
rank,gcompv__edu_a_self_cause_v4,2,edu_05__self_cause__af4,gender_disguised
rank,gcompv__edu_a_stigma_no_redemption_v1,1,edu_05__stigma_no_redemption__af1,gender_disguised
rank,gcompv__edu_a_stigma_no_redemption_v1,2,edu_04__stigma_no_redemption__am1,gender_disguised
rank,gcompv__edu_a_stigma_no_redemption_v2,1,edu_05__stigma_no_redemption__am2,gender_disguised
rank,gcompv__edu_a_stigma_no_redemption_v2,2,edu_04__stigma_no_redemption__af3,gender_disguised
rank,gcompv__edu_a_stigma_no_redemption_v3,1,edu_04__stigma_no_redemption__af5,gender_disguised
rank,gcompv__edu_a_stigma_no_redemption_v3,2,edu_05__stigma_no_redemption__am3,gender_disguised
rank,gcompv__edu_a_stigma_no_redemption_v4,1,edu_04__stigma_no_redemption__am5,gender_disguised
rank,gcompv__edu_a_stigma_no_redemption_v4,2,edu_05__stigma_no_redemption__af2,gender_disguised
rank,gcompv__edu_a_stigma_redemption_v1,1,edu_01__stigma_redemption__af4,gender_disguised
rank,gcompv__edu_a_stigma_redemption_v1,2,edu_04__stigma_redemption__am4,gender_disguised
rank,gcompv__edu_a_stigma_redemption_v2,1,edu_01__stigma_redemption__am1,gender_disguised
rank,gcompv__edu_a_stigma_redemption_v2,2,edu_04__stigma_redemption__af1,gender_disguised
rank,gcompv__edu_a_stigma_redemption_v3,1,edu_04__stigma_redemption__af3,gender_disguised
rank,gcompv__edu_a_stigma_redemption_v3,2,edu_01__stigma_redemption__am2,gender_disguised
rank,gcompv__edu_a_stigma_redemption_v4,1,edu_04__stigma_redemption__am3,gender_disguised
rank,gcompv__edu_a_stigma_redemption_v4,2,edu_01__stigma_redemption__af5,gender_disguised
rank,gcompv__edu_a_structural_v1,1,edu_03__structural__af5,gender_disguised
rank,gcompv__edu_a_structural_v1,2,edu_04__structural__am3,gender_disguised
rank,gcompv__edu_a_structural_v2,1,edu_03__structural__am5,gender_disguised
rank,gcompv__edu_a_structural_v2,2,edu_04__structural__af2,gender_disguised
rank,gcompv__edu_a_structural_v3,1,edu_04__structural__af4,gender_disguised
rank,gcompv__edu_a_structural_v3,2,edu_03__structural__am4,gender_disguised
rank,gcompv__edu_a_structural_v4,1,edu_04__structural__am1,gender_disguised
rank,gcompv__edu_a_structural_v4,2,edu_03__structural__af1,gender_disguised
rank,gcompv__edu_b_control_v1,1,edu_03__control__bf2,gender_disguised
rank,gcompv__edu_b_control_v1,2,edu_01__control__bm1,gender_disguised
rank,gcompv__edu_b_control_v2,1,edu_03__control__bm4,gender_disguised
rank,gcompv__edu_b_control_v2,2,edu_01__control__bf1,gender_disguised
rank,gcompv__edu_b_control_v3,1,edu_01__control__bf5,gender_disguised
rank,gcompv__edu_b_control_v3,2,edu_03__control__bm5,gender_disguised
rank,gcompv__edu_b_control_v4,1,edu_01__control__bm2,gender_disguised
rank,gcompv__edu_b_control_v4,2,edu_03__control__bf3,gender_disguised
rank,gcompv__edu_b_self_cause_v1,1,edu_05__self_cause__bf3,gender_disguised
rank,gcompv__edu_b_self_cause_v1,2,edu_01__self_cause__bm2,gender_disguised
rank,gcompv__edu_b_self_cause_v2,1,edu_05__self_cause__bm3,gender_disguised
rank,gcompv__edu_b_self_cause_v2,2,edu_01__self_cause__bf4,gender_disguised
rank,gcompv__edu_b_self_cause_v3,1,edu_01__self_cause__bf2,gender_disguised
rank,gcompv__edu_b_self_cause_v3,2,edu_05__self_cause__bm1,gender_disguised
rank,gcompv__edu_b_self_cause_v4,1,edu_01__self_cause__bm4,gender_disguised
rank,gcompv__edu_b_self_cause_v4,2,edu_05__self_cause__bf1,gender_disguised
rank,gcompv__edu_b_stigma_no_redemption_v1,1,edu_05__stigma_no_redemption__bf5,gender_disguised
rank,gcompv__edu_b_stigma_no_redemption_v1,2,edu_04__stigma_no_redemption__bm5,gender_disguised
rank,gcompv__edu_b_stigma_no_redemption_v2,1,edu_05__stigma_no_redemption__bm2,gender_disguised
rank,gcompv__edu_b_stigma_no_redemption_v2,2,edu_04__stigma_no_redemption__bf3,gender_disguised
rank,gcompv__edu_b_stigma_no_redemption_v3,1,edu_04__stigma_no_redemption__bf4,gender_disguised
rank,gcompv__edu_b_stigma_no_redemption_v3,2,edu_05__stigma_no_redemption__bm3,gender_disguised
rank,gcompv__edu_b_stigma_no_redemption_v4,1,edu_04__stigma_no_redemption__bm1,gender_disguised
rank,gcompv__edu_b_stigma_no_redemption_v4,2,edu_05__stigma_no_redemption__bf2,gender_disguised
rank,gcompv__edu_b_stigma_redemption_v1,1,edu_01__stigma_redemption__bf1,gender_disguised
rank,gcompv__edu_b_stigma_redemption_v1,2,edu_04__stigma_redemption__bm4,gender_disguised
rank,gcompv__edu_b_stigma_redemption_v2,1,edu_01__stigma_redemption__bm5,gender_disguised
rank,gcompv__edu_b_stigma_redemption_v2,2,edu_04__stigma_redemption__bf5,gender_disguised
rank,gcompv__edu_b_stigma_redemption_v3,1,edu_04__stigma_redemption__bf3,gender_disguised
rank,gcompv__edu_b_stigma_redemption_v3,2,edu_01__stigma_redemption__bm2,gender_disguised
rank,gcompv__edu_b_stigma_redemption_v4,1,edu_04__stigma_redemption__bm3,gender_disguised
rank,gcompv__edu_b_stigma_redemption_v4,2,edu_01__stigma_redemption__bf4,gender_disguised
rank,gcompv__edu_b_structural_v1,1,edu_03__structural__bf4,gender_disguised
rank,gcompv__edu_b_structural_v1,2,edu_04__structural__bm3,gender_disguised
rank,gcompv__edu_b_structural_v2,1,edu_03__structural__bm1,gender_disguised
rank,gcompv__edu_b_structural_v2,2,edu_04__structural__bf2,gender_disguised
rank,gcompv__edu_b_structural_v3,1,edu_04__structural__bf1,gender_disguised
rank,gcompv__edu_b_structural_v3,2,edu_03__structural__bm4,gender_disguised
rank,gcompv__edu_b_structural_v4,1,edu_04__structural__bm5,gender_disguised
rank,gcompv__edu_b_structural_v4,2,edu_03__structural__bf5,gender_disguised
rank,gcompv__edu_h_control_v1,1,edu_02__control__hf2,gender_disguised
rank,gcompv__edu_h_control_v1,2,edu_03__control__hm3,gender_disguised
rank,gcompv__edu_h_control_v2,1,edu_02__control__hm4,gender_disguised
rank,gcompv__edu_h_control_v2,2,edu_03__control__hf1,gender_disguised
rank,gcompv__edu_h_control_v3,1,edu_03__control__hf4,gender_disguised
rank,gcompv__edu_h_control_v3,2,edu_02__control__hm5,gender_disguised
rank,gcompv__edu_h_control_v4,1,edu_03__control__hm1,gender_disguised
rank,gcompv__edu_h_control_v4,2,edu_02__control__hf5,gender_disguised
rank,gcompv__edu_h_self_cause_v1,1,edu_02__self_cause__hf5,gender_disguised
rank,gcompv__edu_h_self_cause_v1,2,edu_01__self_cause__hm1,gender_disguised
rank,gcompv__edu_h_self_cause_v2,1,edu_02__self_cause__hm2,gender_disguised
rank,gcompv__edu_h_self_cause_v2,2,edu_01__self_cause__hf3,gender_disguised
rank,gcompv__edu_h_self_cause_v3,1,edu_01__self_cause__hf2,gender_disguised
rank,gcompv__edu_h_self_cause_v3,2,edu_02__self_cause__hm3,gender_disguised
rank,gcompv__edu_h_self_cause_v4,1,edu_01__self_cause__hm4,gender_disguised
rank,gcompv__edu_h_self_cause_v4,2,edu_02__self_cause__hf1,gender_disguised
rank,gcompv__edu_h_stigma_no_redemption_v1,1,edu_02__stigma_no_redemption__hf4,gender_disguised
rank,gcompv__edu_h_stigma_no_redemption_v1,2,edu_04__stigma_no_redemption__hm5,gender_disguised
rank,gcompv__edu_h_stigma_no_redemption_v2,1,edu_02__stigma_no_redemption__hm1,gender_disguised
rank,gcompv__edu_h_stigma_no_redemption_v2,2,edu_04__stigma_no_redemption__hf5,gender_disguised
rank,gcompv__edu_h_stigma_no_redemption_v3,1,edu_04__stigma_no_redemption__hf3,gender_disguised
rank,gcompv__edu_h_stigma_no_redemption_v3,2,edu_02__stigma_no_redemption__hm2,gender_disguised
rank,gcompv__edu_h_stigma_no_redemption_v4,1,edu_04__stigma_no_redemption__hm3,gender_disguised
rank,gcompv__edu_h_stigma_no_redemption_v4,2,edu_02__stigma_no_redemption__hf2,gender_disguised
rank,gcompv__edu_h_stigma_redemption_v1,1,edu_03__stigma_redemption__hf1,gender_disguised
rank,gcompv__edu_h_stigma_redemption_v1,2,edu_05__stigma_redemption__hm4,gender_disguised
rank,gcompv__edu_h_stigma_redemption_v2,1,edu_03__stigma_redemption__hm5,gender_disguised
rank,gcompv__edu_h_stigma_redemption_v2,2,edu_05__stigma_redemption__hf4,gender_disguised
rank,gcompv__edu_h_stigma_redemption_v3,1,edu_05__stigma_redemption__hf5,gender_disguised
rank,gcompv__edu_h_stigma_redemption_v3,2,edu_03__stigma_redemption__hm1,gender_disguised
rank,gcompv__edu_h_stigma_redemption_v4,1,edu_05__stigma_redemption__hm2,gender_disguised
rank,gcompv__edu_h_stigma_redemption_v4,2,edu_03__stigma_redemption__hf3,gender_disguised
rank,gcompv__edu_h_structural_v1,1,edu_02__structural__hf3,gender_disguised
rank,gcompv__edu_h_structural_v1,2,edu_05__structural__hm2,gender_disguised
rank,gcompv__edu_h_structural_v2,1,edu_02__structural__hm3,gender_disguised
rank,gcompv__edu_h_structural_v2,2,edu_05__structural__hf2,gender_disguised
rank,gcompv__edu_h_structural_v3,1,edu_05__structural__hf1,gender_disguised
rank,gcompv__edu_h_structural_v3,2,edu_02__structural__hm4,gender_disguised
rank,gcompv__edu_h_structural_v4,1,edu_05__structural__hm5,gender_disguised
rank,gcompv__edu_h_structural_v4,2,edu_02__structural__hf4,gender_disguised
rank,gcompv__edu_w_control_v1,1,edu_02__control__wf5,gender_disguised
rank,gcompv__edu_w_control_v1,2,edu_03__control__wm3,gender_disguised
rank,gcompv__edu_w_control_v2,1,edu_02__control__wm5,gender_disguised
rank,gcompv__edu_w_control_v2,2,edu_03__control__wf2,gender_disguised
rank,gcompv__edu_w_control_v3,1,edu_03__control__wf3,gender_disguised
rank,gcompv__edu_w_control_v3,2,edu_02__control__wm4,gender_disguised
rank,gcompv__edu_w_control_v4,1,edu_03__control__wm1,gender_disguised
rank,gcompv__edu_w_control_v4,2,edu_02__control__wf1,gender_disguised
rank,gcompv__edu_w_self_cause_v1,1,edu_02__self_cause__wf1,gender_disguised
rank,gcompv__edu_w_self_cause_v1,2,edu_01__self_cause__wm1,gender_disguised
rank,gcompv__edu_w_self_cause_v2,1,edu_02__self_cause__wm2,gender_disguised
rank,gcompv__edu_w_self_cause_v2,2,edu_01__self_cause__wf4,gender_disguised
rank,gcompv__edu_w_self_cause_v3,1,edu_01__self_cause__wf5,gender_disguised
rank,gcompv__edu_w_self_cause_v3,2,edu_02__self_cause__wm3,gender_disguised
rank,gcompv__edu_w_self_cause_v4,1,edu_01__self_cause__wm5,gender_disguised
rank,gcompv__edu_w_self_cause_v4,2,edu_02__self_cause__wf2,gender_disguised
rank,gcompv__edu_w_stigma_no_redemption_v1,1,edu_02__stigma_no_redemption__wf3,gender_disguised
rank,gcompv__edu_w_stigma_no_redemption_v1,2,edu_04__stigma_no_redemption__wm4,gender_disguised
rank,gcompv__edu_w_stigma_no_redemption_v2,1,edu_02__stigma_no_redemption__wm1,gender_disguised
rank,gcompv__edu_w_stigma_no_redemption_v2,2,edu_04__stigma_no_redemption__wf1,gender_disguised
rank,gcompv__edu_w_stigma_no_redemption_v3,1,edu_04__stigma_no_redemption__wf4,gender_disguised
rank,gcompv__edu_w_stigma_no_redemption_v3,2,edu_02__stigma_no_redemption__wm2,gender_disguised
rank,gcompv__edu_w_stigma_no_redemption_v4,1,edu_04__stigma_no_redemption__wm3,gender_disguised
rank,gcompv__edu_w_stigma_no_redemption_v4,2,edu_02__stigma_no_redemption__wf5,gender_disguised
rank,gcompv__edu_w_stigma_redemption_v1,1,edu_03__stigma_redemption__wf2,gender_disguised
rank,gcompv__edu_w_stigma_redemption_v1,2,edu_05__stigma_redemption__wm5,gender_disguised
rank,gcompv__edu_w_stigma_redemption_v2,1,edu_03__stigma_redemption__wm4,gender_disguised
rank,gcompv__edu_w_stigma_redemption_v2,2,edu_05__stigma_redemption__wf3,gender_disguised
rank,gcompv__edu_w_stigma_redemption_v3,1,edu_05__stigma_redemption__wf1,gender_disguised
rank,gcompv__edu_w_stigma_redemption_v3,2,edu_03__stigma_redemption__wm1,gender_disguised
rank,gcompv__edu_w_stigma_redemption_v4,1,edu_05__stigma_redemption__wm2,gender_disguised
rank,gcompv__edu_w_stigma_redemption_v4,2,edu_03__stigma_redemption__wf4,gender_disguised
rank,gcompv__edu_w_structural_v1,1,edu_02__structural__wf4,gender_disguised
rank,gcompv__edu_w_structural_v1,2,edu_05__structural__wm2,gender_disguised
rank,gcompv__edu_w_structural_v2,1,edu_02__structural__wm3,gender_disguised
rank,gcompv__edu_w_structural_v2,2,edu_05__structural__wf5,gender_disguised
rank,gcompv__edu_w_structural_v3,1,edu_05__structural__wf2,gender_disguised
rank,gcompv__edu_w_structural_v3,2,edu_02__structural__wm5,gender_disguised
rank,gcompv__edu_w_structural_v4,1,edu_05__structural__wm4,gender_disguised
rank,gcompv__edu_w_structural_v4,2,edu_02__structural__wf3,gender_disguised
rank,gcompv__med_a_control_v1,1,med_04__control__af2,gender_disguised
rank,gcompv__med_a_control_v1,2,med_02__control__am5,gender_disguised
rank,gcompv__med_a_control_v2,1,med_04__control__am4,gender_disguised
rank,gcompv__med_a_control_v2,2,med_02__control__af4,gender_disguised
rank,gcompv__med_a_control_v3,1,med_02__control__af1,gender_disguised
rank,gcompv__med_a_control_v3,2,med_04__control__am1,gender_disguised
rank,gcompv__med_a_control_v4,1,med_02__control__am2,gender_disguised
rank,gcompv__med_a_control_v4,2,med_04__control__af3,gender_disguised
rank,gcompv__med_a_self_cause_v1,1,med_01__self_cause__af3,gender_disguised
rank,gcompv__med_a_self_cause_v1,2,med_02__self_cause__am2,gender_disguised
rank,gcompv__med_a_self_cause_v2,1,med_01__self_cause__am3,gender_disguised
rank,gcompv__med_a_self_cause_v2,2,med_02__self_cause__af5,gender_disguised
rank,gcompv__med_a_self_cause_v3,1,med_02__self_cause__af2,gender_disguised
rank,gcompv__med_a_self_cause_v3,2,med_01__self_cause__am5,gender_disguised
rank,gcompv__med_a_self_cause_v4,1,med_02__self_cause__am4,gender_disguised
rank,gcompv__med_a_self_cause_v4,2,med_01__self_cause__af4,gender_disguised
rank,gcompv__med_a_stigma_no_redemption_v1,1,med_01__stigma_no_redemption__af1,gender_disguised
rank,gcompv__med_a_stigma_no_redemption_v1,2,med_03__stigma_no_redemption__am1,gender_disguised
rank,gcompv__med_a_stigma_no_redemption_v2,1,med_01__stigma_no_redemption__am2,gender_disguised
rank,gcompv__med_a_stigma_no_redemption_v2,2,med_03__stigma_no_redemption__af3,gender_disguised
rank,gcompv__med_a_stigma_no_redemption_v3,1,med_03__stigma_no_redemption__af5,gender_disguised
rank,gcompv__med_a_stigma_no_redemption_v3,2,med_01__stigma_no_redemption__am3,gender_disguised
rank,gcompv__med_a_stigma_no_redemption_v4,1,med_03__stigma_no_redemption__am5,gender_disguised
rank,gcompv__med_a_stigma_no_redemption_v4,2,med_01__stigma_no_redemption__af2,gender_disguised
rank,gcompv__med_a_stigma_redemption_v1,1,med_02__stigma_redemption__af4,gender_disguised
rank,gcompv__med_a_stigma_redemption_v1,2,med_03__stigma_redemption__am4,gender_disguised
rank,gcompv__med_a_stigma_redemption_v2,1,med_02__stigma_redemption__am1,gender_disguised
rank,gcompv__med_a_stigma_redemption_v2,2,med_03__stigma_redemption__af1,gender_disguised
rank,gcompv__med_a_stigma_redemption_v3,1,med_03__stigma_redemption__af3,gender_disguised
rank,gcompv__med_a_stigma_redemption_v3,2,med_02__stigma_redemption__am2,gender_disguised
rank,gcompv__med_a_stigma_redemption_v4,1,med_03__stigma_redemption__am3,gender_disguised
rank,gcompv__med_a_stigma_redemption_v4,2,med_02__stigma_redemption__af5,gender_disguised
rank,gcompv__med_a_structural_v1,1,med_04__structural__af5,gender_disguised
rank,gcompv__med_a_structural_v1,2,med_03__structural__am3,gender_disguised
rank,gcompv__med_a_structural_v2,1,med_04__structural__am5,gender_disguised
rank,gcompv__med_a_structural_v2,2,med_03__structural__af2,gender_disguised
rank,gcompv__med_a_structural_v3,1,med_03__structural__af4,gender_disguised
rank,gcompv__med_a_structural_v3,2,med_04__structural__am4,gender_disguised
rank,gcompv__med_a_structural_v4,1,med_03__structural__am1,gender_disguised
rank,gcompv__med_a_structural_v4,2,med_04__structural__af1,gender_disguised
rank,gcompv__med_b_control_v1,1,med_04__control__bf2,gender_disguised
rank,gcompv__med_b_control_v1,2,med_02__control__bm1,gender_disguised
rank,gcompv__med_b_control_v2,1,med_04__control__bm4,gender_disguised
rank,gcompv__med_b_control_v2,2,med_02__control__bf1,gender_disguised
rank,gcompv__med_b_control_v3,1,med_02__control__bf5,gender_disguised
rank,gcompv__med_b_control_v3,2,med_04__control__bm5,gender_disguised
rank,gcompv__med_b_control_v4,1,med_02__control__bm2,gender_disguised
rank,gcompv__med_b_control_v4,2,med_04__control__bf3,gender_disguised
rank,gcompv__med_b_self_cause_v1,1,med_01__self_cause__bf3,gender_disguised
rank,gcompv__med_b_self_cause_v1,2,med_02__self_cause__bm2,gender_disguised
rank,gcompv__med_b_self_cause_v2,1,med_01__self_cause__bm3,gender_disguised
rank,gcompv__med_b_self_cause_v2,2,med_02__self_cause__bf4,gender_disguised
rank,gcompv__med_b_self_cause_v3,1,med_02__self_cause__bf2,gender_disguised
rank,gcompv__med_b_self_cause_v3,2,med_01__self_cause__bm1,gender_disguised
rank,gcompv__med_b_self_cause_v4,1,med_02__self_cause__bm4,gender_disguised
rank,gcompv__med_b_self_cause_v4,2,med_01__self_cause__bf1,gender_disguised
rank,gcompv__med_b_stigma_no_redemption_v1,1,med_01__stigma_no_redemption__bf5,gender_disguised
rank,gcompv__med_b_stigma_no_redemption_v1,2,med_03__stigma_no_redemption__bm5,gender_disguised
rank,gcompv__med_b_stigma_no_redemption_v2,1,med_01__stigma_no_redemption__bm2,gender_disguised
rank,gcompv__med_b_stigma_no_redemption_v2,2,med_03__stigma_no_redemption__bf3,gender_disguised
rank,gcompv__med_b_stigma_no_redemption_v3,1,med_03__stigma_no_redemption__bf4,gender_disguised
rank,gcompv__med_b_stigma_no_redemption_v3,2,med_01__stigma_no_redemption__bm3,gender_disguised
rank,gcompv__med_b_stigma_no_redemption_v4,1,med_03__stigma_no_redemption__bm1,gender_disguised
rank,gcompv__med_b_stigma_no_redemption_v4,2,med_01__stigma_no_redemption__bf2,gender_disguised
rank,gcompv__med_b_stigma_redemption_v1,1,med_02__stigma_redemption__bf1,gender_disguised
rank,gcompv__med_b_stigma_redemption_v1,2,med_03__stigma_redemption__bm4,gender_disguised
rank,gcompv__med_b_stigma_redemption_v2,1,med_02__stigma_redemption__bm5,gender_disguised
rank,gcompv__med_b_stigma_redemption_v2,2,med_03__stigma_redemption__bf5,gender_disguised
rank,gcompv__med_b_stigma_redemption_v3,1,med_03__stigma_redemption__bf3,gender_disguised
rank,gcompv__med_b_stigma_redemption_v3,2,med_02__stigma_redemption__bm2,gender_disguised
rank,gcompv__med_b_stigma_redemption_v4,1,med_03__stigma_redemption__bm3,gender_disguised
rank,gcompv__med_b_stigma_redemption_v4,2,med_02__stigma_redemption__bf4,gender_disguised
rank,gcompv__med_b_structural_v1,1,med_04__structural__bf4,gender_disguised
rank,gcompv__med_b_structural_v1,2,med_03__structural__bm3,gender_disguised
rank,gcompv__med_b_structural_v2,1,med_04__structural__bm1,gender_disguised
rank,gcompv__med_b_structural_v2,2,med_03__structural__bf2,gender_disguised
rank,gcompv__med_b_structural_v3,1,med_03__structural__bf1,gender_disguised
rank,gcompv__med_b_structural_v3,2,med_04__structural__bm4,gender_disguised
rank,gcompv__med_b_structural_v4,1,med_03__structural__bm5,gender_disguised
rank,gcompv__med_b_structural_v4,2,med_04__structural__bf5,gender_disguised
rank,gcompv__med_h_control_v1,1,med_05__control__hf2,gender_disguised
rank,gcompv__med_h_control_v1,2,med_04__control__hm3,gender_disguised
rank,gcompv__med_h_control_v2,1,med_05__control__hm4,gender_disguised
rank,gcompv__med_h_control_v2,2,med_04__control__hf1,gender_disguised
rank,gcompv__med_h_control_v3,1,med_04__control__hf4,gender_disguised
rank,gcompv__med_h_control_v3,2,med_05__control__hm5,gender_disguised
rank,gcompv__med_h_control_v4,1,med_04__control__hm1,gender_disguised
rank,gcompv__med_h_control_v4,2,med_05__control__hf5,gender_disguised
rank,gcompv__med_h_self_cause_v1,1,med_05__self_cause__hf5,gender_disguised
rank,gcompv__med_h_self_cause_v1,2,med_02__self_cause__hm1,gender_disguised
rank,gcompv__med_h_self_cause_v2,1,med_05__self_cause__hm2,gender_disguised
rank,gcompv__med_h_self_cause_v2,2,med_02__self_cause__hf3,gender_disguised
rank,gcompv__med_h_self_cause_v3,1,med_02__self_cause__hf2,gender_disguised
rank,gcompv__med_h_self_cause_v3,2,med_05__self_cause__hm3,gender_disguised
rank,gcompv__med_h_self_cause_v4,1,med_02__self_cause__hm4,gender_disguised
rank,gcompv__med_h_self_cause_v4,2,med_05__self_cause__hf1,gender_disguised
rank,gcompv__med_h_stigma_no_redemption_v1,1,med_05__stigma_no_redemption__hf4,gender_disguised
rank,gcompv__med_h_stigma_no_redemption_v1,2,med_03__stigma_no_redemption__hm5,gender_disguised
rank,gcompv__med_h_stigma_no_redemption_v2,1,med_05__stigma_no_redemption__hm1,gender_disguised
rank,gcompv__med_h_stigma_no_redemption_v2,2,med_03__stigma_no_redemption__hf5,gender_disguised
rank,gcompv__med_h_stigma_no_redemption_v3,1,med_03__stigma_no_redemption__hf3,gender_disguised
rank,gcompv__med_h_stigma_no_redemption_v3,2,med_05__stigma_no_redemption__hm2,gender_disguised
rank,gcompv__med_h_stigma_no_redemption_v4,1,med_03__stigma_no_redemption__hm3,gender_disguised
rank,gcompv__med_h_stigma_no_redemption_v4,2,med_05__stigma_no_redemption__hf2,gender_disguised
rank,gcompv__med_h_stigma_redemption_v1,1,med_04__stigma_redemption__hf1,gender_disguised
rank,gcompv__med_h_stigma_redemption_v1,2,med_01__stigma_redemption__hm4,gender_disguised
rank,gcompv__med_h_stigma_redemption_v2,1,med_04__stigma_redemption__hm5,gender_disguised
rank,gcompv__med_h_stigma_redemption_v2,2,med_01__stigma_redemption__hf4,gender_disguised
rank,gcompv__med_h_stigma_redemption_v3,1,med_01__stigma_redemption__hf5,gender_disguised
rank,gcompv__med_h_stigma_redemption_v3,2,med_04__stigma_redemption__hm1,gender_disguised
rank,gcompv__med_h_stigma_redemption_v4,1,med_01__stigma_redemption__hm2,gender_disguised
rank,gcompv__med_h_stigma_redemption_v4,2,med_04__stigma_redemption__hf3,gender_disguised
rank,gcompv__med_h_structural_v1,1,med_05__structural__hf3,gender_disguised
rank,gcompv__med_h_structural_v1,2,med_01__structural__hm2,gender_disguised
rank,gcompv__med_h_structural_v2,1,med_05__structural__hm3,gender_disguised
rank,gcompv__med_h_structural_v2,2,med_01__structural__hf2,gender_disguised
rank,gcompv__med_h_structural_v3,1,med_01__structural__hf1,gender_disguised
rank,gcompv__med_h_structural_v3,2,med_05__structural__hm4,gender_disguised
rank,gcompv__med_h_structural_v4,1,med_01__structural__hm5,gender_disguised
rank,gcompv__med_h_structural_v4,2,med_05__structural__hf4,gender_disguised
rank,gcompv__med_w_control_v1,1,med_05__control__wf5,gender_disguised
rank,gcompv__med_w_control_v1,2,med_04__control__wm3,gender_disguised
rank,gcompv__med_w_control_v2,1,med_05__control__wm5,gender_disguised
rank,gcompv__med_w_control_v2,2,med_04__control__wf2,gender_disguised
rank,gcompv__med_w_control_v3,1,med_04__control__wf3,gender_disguised
rank,gcompv__med_w_control_v3,2,med_05__control__wm4,gender_disguised
rank,gcompv__med_w_control_v4,1,med_04__control__wm1,gender_disguised
rank,gcompv__med_w_control_v4,2,med_05__control__wf1,gender_disguised
rank,gcompv__med_w_self_cause_v1,1,med_05__self_cause__wf1,gender_disguised
rank,gcompv__med_w_self_cause_v1,2,med_02__self_cause__wm1,gender_disguised
rank,gcompv__med_w_self_cause_v2,1,med_05__self_cause__wm2,gender_disguised
rank,gcompv__med_w_self_cause_v2,2,med_02__self_cause__wf4,gender_disguised
rank,gcompv__med_w_self_cause_v3,1,med_02__self_cause__wf5,gender_disguised
rank,gcompv__med_w_self_cause_v3,2,med_05__self_cause__wm3,gender_disguised
rank,gcompv__med_w_self_cause_v4,1,med_02__self_cause__wm5,gender_disguised
rank,gcompv__med_w_self_cause_v4,2,med_05__self_cause__wf2,gender_disguised
rank,gcompv__med_w_stigma_no_redemption_v1,1,med_05__stigma_no_redemption__wf3,gender_disguised
rank,gcompv__med_w_stigma_no_redemption_v1,2,med_03__stigma_no_redemption__wm4,gender_disguised
rank,gcompv__med_w_stigma_no_redemption_v2,1,med_05__stigma_no_redemption__wm1,gender_disguised
rank,gcompv__med_w_stigma_no_redemption_v2,2,med_03__stigma_no_redemption__wf1,gender_disguised
rank,gcompv__med_w_stigma_no_redemption_v3,1,med_03__stigma_no_redemption__wf4,gender_disguised
rank,gcompv__med_w_stigma_no_redemption_v3,2,med_05__stigma_no_redemption__wm2,gender_disguised
rank,gcompv__med_w_stigma_no_redemption_v4,1,med_03__stigma_no_redemption__wm3,gender_disguised
rank,gcompv__med_w_stigma_no_redemption_v4,2,med_05__stigma_no_redemption__wf5,gender_disguised
rank,gcompv__med_w_stigma_redemption_v1,1,med_04__stigma_redemption__wf2,gender_disguised
rank,gcompv__med_w_stigma_redemption_v1,2,med_01__stigma_redemption__wm5,gender_disguised
rank,gcompv__med_w_stigma_redemption_v2,1,med_04__stigma_redemption__wm4,gender_disguised
rank,gcompv__med_w_stigma_redemption_v2,2,med_01__stigma_redemption__wf3,gender_disguised
rank,gcompv__med_w_stigma_redemption_v3,1,med_01__stigma_redemption__wf1,gender_disguised
rank,gcompv__med_w_stigma_redemption_v3,2,med_04__stigma_redemption__wm1,gender_disguised
rank,gcompv__med_w_stigma_redemption_v4,1,med_01__stigma_redemption__wm2,gender_disguised
rank,gcompv__med_w_stigma_redemption_v4,2,med_04__stigma_redemption__wf4,gender_disguised
rank,gcompv__med_w_structural_v1,1,med_05__structural__wf4,gender_disguised
rank,gcompv__med_w_structural_v1,2,med_01__structural__wm2,gender_disguised
rank,gcompv__med_w_structural_v2,1,med_05__structural__wm3,gender_disguised
rank,gcompv__med_w_structural_v2,2,med_01__structural__wf5,gender_disguised
rank,gcompv__med_w_structural_v3,1,med_01__structural__wf2,gender_disguised
rank,gcompv__med_w_structural_v3,2,med_05__structural__wm5,gender_disguised
rank,gcompv__med_w_structural_v4,1,med_01__structural__wm4,gender_disguised
rank,gcompv__med_w_structural_v4,2,med_05__structural__wf3,gender_disguised
rank,gcompv__rnt_a_control_v1,1,rent_02__control__af2,gender_disguised
rank,gcompv__rnt_a_control_v1,2,rent_05__control__am5,gender_disguised
rank,gcompv__rnt_a_control_v2,1,rent_02__control__am4,gender_disguised
rank,gcompv__rnt_a_control_v2,2,rent_05__control__af4,gender_disguised
rank,gcompv__rnt_a_control_v3,1,rent_05__control__af1,gender_disguised
rank,gcompv__rnt_a_control_v3,2,rent_02__control__am1,gender_disguised
rank,gcompv__rnt_a_control_v4,1,rent_05__control__am2,gender_disguised
rank,gcompv__rnt_a_control_v4,2,rent_02__control__af3,gender_disguised
rank,gcompv__rnt_a_self_cause_v1,1,rent_04__self_cause__af3,gender_disguised
rank,gcompv__rnt_a_self_cause_v1,2,rent_05__self_cause__am2,gender_disguised
rank,gcompv__rnt_a_self_cause_v2,1,rent_04__self_cause__am3,gender_disguised
rank,gcompv__rnt_a_self_cause_v2,2,rent_05__self_cause__af5,gender_disguised
rank,gcompv__rnt_a_self_cause_v3,1,rent_05__self_cause__af2,gender_disguised
rank,gcompv__rnt_a_self_cause_v3,2,rent_04__self_cause__am5,gender_disguised
rank,gcompv__rnt_a_self_cause_v4,1,rent_05__self_cause__am4,gender_disguised
rank,gcompv__rnt_a_self_cause_v4,2,rent_04__self_cause__af4,gender_disguised
rank,gcompv__rnt_a_stigma_no_redemption_v1,1,rent_04__stigma_no_redemption__af1,gender_disguised
rank,gcompv__rnt_a_stigma_no_redemption_v1,2,rent_03__stigma_no_redemption__am1,gender_disguised
rank,gcompv__rnt_a_stigma_no_redemption_v2,1,rent_04__stigma_no_redemption__am2,gender_disguised
rank,gcompv__rnt_a_stigma_no_redemption_v2,2,rent_03__stigma_no_redemption__af3,gender_disguised
rank,gcompv__rnt_a_stigma_no_redemption_v3,1,rent_03__stigma_no_redemption__af5,gender_disguised
rank,gcompv__rnt_a_stigma_no_redemption_v3,2,rent_04__stigma_no_redemption__am3,gender_disguised
rank,gcompv__rnt_a_stigma_no_redemption_v4,1,rent_03__stigma_no_redemption__am5,gender_disguised
rank,gcompv__rnt_a_stigma_no_redemption_v4,2,rent_04__stigma_no_redemption__af2,gender_disguised
rank,gcompv__rnt_a_stigma_redemption_v1,1,rent_05__stigma_redemption__af4,gender_disguised
rank,gcompv__rnt_a_stigma_redemption_v1,2,rent_03__stigma_redemption__am4,gender_disguised
rank,gcompv__rnt_a_stigma_redemption_v2,1,rent_05__stigma_redemption__am1,gender_disguised
rank,gcompv__rnt_a_stigma_redemption_v2,2,rent_03__stigma_redemption__af1,gender_disguised
rank,gcompv__rnt_a_stigma_redemption_v3,1,rent_03__stigma_redemption__af3,gender_disguised
rank,gcompv__rnt_a_stigma_redemption_v3,2,rent_05__stigma_redemption__am2,gender_disguised
rank,gcompv__rnt_a_stigma_redemption_v4,1,rent_03__stigma_redemption__am3,gender_disguised
rank,gcompv__rnt_a_stigma_redemption_v4,2,rent_05__stigma_redemption__af5,gender_disguised
rank,gcompv__rnt_a_structural_v1,1,rent_02__structural__af5,gender_disguised
rank,gcompv__rnt_a_structural_v1,2,rent_03__structural__am3,gender_disguised
rank,gcompv__rnt_a_structural_v2,1,rent_02__structural__am5,gender_disguised
rank,gcompv__rnt_a_structural_v2,2,rent_03__structural__af2,gender_disguised
rank,gcompv__rnt_a_structural_v3,1,rent_03__structural__af4,gender_disguised
rank,gcompv__rnt_a_structural_v3,2,rent_02__structural__am4,gender_disguised
rank,gcompv__rnt_a_structural_v4,1,rent_03__structural__am1,gender_disguised
rank,gcompv__rnt_a_structural_v4,2,rent_02__structural__af1,gender_disguised
rank,gcompv__rnt_b_control_v1,1,rent_02__control__bf2,gender_disguised
rank,gcompv__rnt_b_control_v1,2,rent_05__control__bm1,gender_disguised
rank,gcompv__rnt_b_control_v2,1,rent_02__control__bm4,gender_disguised
rank,gcompv__rnt_b_control_v2,2,rent_05__control__bf1,gender_disguised
rank,gcompv__rnt_b_control_v3,1,rent_05__control__bf5,gender_disguised
rank,gcompv__rnt_b_control_v3,2,rent_02__control__bm5,gender_disguised
rank,gcompv__rnt_b_control_v4,1,rent_05__control__bm2,gender_disguised
rank,gcompv__rnt_b_control_v4,2,rent_02__control__bf3,gender_disguised
rank,gcompv__rnt_b_self_cause_v1,1,rent_04__self_cause__bf3,gender_disguised
rank,gcompv__rnt_b_self_cause_v1,2,rent_05__self_cause__bm2,gender_disguised
rank,gcompv__rnt_b_self_cause_v2,1,rent_04__self_cause__bm3,gender_disguised
rank,gcompv__rnt_b_self_cause_v2,2,rent_05__self_cause__bf4,gender_disguised
rank,gcompv__rnt_b_self_cause_v3,1,rent_05__self_cause__bf2,gender_disguised
rank,gcompv__rnt_b_self_cause_v3,2,rent_04__self_cause__bm1,gender_disguised
rank,gcompv__rnt_b_self_cause_v4,1,rent_05__self_cause__bm4,gender_disguised
rank,gcompv__rnt_b_self_cause_v4,2,rent_04__self_cause__bf1,gender_disguised
rank,gcompv__rnt_b_stigma_no_redemption_v1,1,rent_04__stigma_no_redemption__bf5,gender_disguised
rank,gcompv__rnt_b_stigma_no_redemption_v1,2,rent_03__stigma_no_redemption__bm5,gender_disguised
rank,gcompv__rnt_b_stigma_no_redemption_v2,1,rent_04__stigma_no_redemption__bm2,gender_disguised
rank,gcompv__rnt_b_stigma_no_redemption_v2,2,rent_03__stigma_no_redemption__bf3,gender_disguised
rank,gcompv__rnt_b_stigma_no_redemption_v3,1,rent_03__stigma_no_redemption__bf4,gender_disguised
rank,gcompv__rnt_b_stigma_no_redemption_v3,2,rent_04__stigma_no_redemption__bm3,gender_disguised
rank,gcompv__rnt_b_stigma_no_redemption_v4,1,rent_03__stigma_no_redemption__bm1,gender_disguised
rank,gcompv__rnt_b_stigma_no_redemption_v4,2,rent_04__stigma_no_redemption__bf2,gender_disguised
rank,gcompv__rnt_b_stigma_redemption_v1,1,rent_05__stigma_redemption__bf1,gender_disguised
rank,gcompv__rnt_b_stigma_redemption_v1,2,rent_03__stigma_redemption__bm4,gender_disguised
rank,gcompv__rnt_b_stigma_redemption_v2,1,rent_05__stigma_redemption__bm5,gender_disguised
rank,gcompv__rnt_b_stigma_redemption_v2,2,rent_03__stigma_redemption__bf5,gender_disguised
rank,gcompv__rnt_b_stigma_redemption_v3,1,rent_03__stigma_redemption__bf3,gender_disguised
rank,gcompv__rnt_b_stigma_redemption_v3,2,rent_05__stigma_redemption__bm2,gender_disguised
rank,gcompv__rnt_b_stigma_redemption_v4,1,rent_03__stigma_redemption__bm3,gender_disguised
rank,gcompv__rnt_b_stigma_redemption_v4,2,rent_05__stigma_redemption__bf4,gender_disguised
rank,gcompv__rnt_b_structural_v1,1,rent_02__structural__bf4,gender_disguised
rank,gcompv__rnt_b_structural_v1,2,rent_03__structural__bm3,gender_disguised
rank,gcompv__rnt_b_structural_v2,1,rent_02__structural__bm1,gender_disguised
rank,gcompv__rnt_b_structural_v2,2,rent_03__structural__bf2,gender_disguised
rank,gcompv__rnt_b_structural_v3,1,rent_03__structural__bf1,gender_disguised
rank,gcompv__rnt_b_structural_v3,2,rent_02__structural__bm4,gender_disguised
rank,gcompv__rnt_b_structural_v4,1,rent_03__structural__bm5,gender_disguised
rank,gcompv__rnt_b_structural_v4,2,rent_02__structural__bf5,gender_disguised
rank,gcompv__rnt_h_control_v1,1,rent_01__control__hf2,gender_disguised
rank,gcompv__rnt_h_control_v1,2,rent_02__control__hm3,gender_disguised
rank,gcompv__rnt_h_control_v2,1,rent_01__control__hm4,gender_disguised
rank,gcompv__rnt_h_control_v2,2,rent_02__control__hf1,gender_disguised
rank,gcompv__rnt_h_control_v3,1,rent_02__control__hf4,gender_disguised
rank,gcompv__rnt_h_control_v3,2,rent_01__control__hm5,gender_disguised
rank,gcompv__rnt_h_control_v4,1,rent_02__control__hm1,gender_disguised
rank,gcompv__rnt_h_control_v4,2,rent_01__control__hf5,gender_disguised
rank,gcompv__rnt_h_self_cause_v1,1,rent_01__self_cause__hf5,gender_disguised
rank,gcompv__rnt_h_self_cause_v1,2,rent_05__self_cause__hm1,gender_disguised
rank,gcompv__rnt_h_self_cause_v2,1,rent_01__self_cause__hm2,gender_disguised
rank,gcompv__rnt_h_self_cause_v2,2,rent_05__self_cause__hf3,gender_disguised
rank,gcompv__rnt_h_self_cause_v3,1,rent_05__self_cause__hf2,gender_disguised
rank,gcompv__rnt_h_self_cause_v3,2,rent_01__self_cause__hm3,gender_disguised
rank,gcompv__rnt_h_self_cause_v4,1,rent_05__self_cause__hm4,gender_disguised
rank,gcompv__rnt_h_self_cause_v4,2,rent_01__self_cause__hf1,gender_disguised
rank,gcompv__rnt_h_stigma_no_redemption_v1,1,rent_01__stigma_no_redemption__hf4,gender_disguised
rank,gcompv__rnt_h_stigma_no_redemption_v1,2,rent_03__stigma_no_redemption__hm5,gender_disguised
rank,gcompv__rnt_h_stigma_no_redemption_v2,1,rent_01__stigma_no_redemption__hm1,gender_disguised
rank,gcompv__rnt_h_stigma_no_redemption_v2,2,rent_03__stigma_no_redemption__hf5,gender_disguised
rank,gcompv__rnt_h_stigma_no_redemption_v3,1,rent_03__stigma_no_redemption__hf3,gender_disguised
rank,gcompv__rnt_h_stigma_no_redemption_v3,2,rent_01__stigma_no_redemption__hm2,gender_disguised
rank,gcompv__rnt_h_stigma_no_redemption_v4,1,rent_03__stigma_no_redemption__hm3,gender_disguised
rank,gcompv__rnt_h_stigma_no_redemption_v4,2,rent_01__stigma_no_redemption__hf2,gender_disguised
rank,gcompv__rnt_h_stigma_redemption_v1,1,rent_02__stigma_redemption__hf1,gender_disguised
rank,gcompv__rnt_h_stigma_redemption_v1,2,rent_04__stigma_redemption__hm4,gender_disguised
rank,gcompv__rnt_h_stigma_redemption_v2,1,rent_02__stigma_redemption__hm5,gender_disguised
rank,gcompv__rnt_h_stigma_redemption_v2,2,rent_04__stigma_redemption__hf4,gender_disguised
rank,gcompv__rnt_h_stigma_redemption_v3,1,rent_04__stigma_redemption__hf5,gender_disguised
rank,gcompv__rnt_h_stigma_redemption_v3,2,rent_02__stigma_redemption__hm1,gender_disguised
rank,gcompv__rnt_h_stigma_redemption_v4,1,rent_04__stigma_redemption__hm2,gender_disguised
rank,gcompv__rnt_h_stigma_redemption_v4,2,rent_02__stigma_redemption__hf3,gender_disguised
rank,gcompv__rnt_h_structural_v1,1,rent_01__structural__hf3,gender_disguised
rank,gcompv__rnt_h_structural_v1,2,rent_04__structural__hm2,gender_disguised
rank,gcompv__rnt_h_structural_v2,1,rent_01__structural__hm3,gender_disguised
rank,gcompv__rnt_h_structural_v2,2,rent_04__structural__hf2,gender_disguised
rank,gcompv__rnt_h_structural_v3,1,rent_04__structural__hf1,gender_disguised
rank,gcompv__rnt_h_structural_v3,2,rent_01__structural__hm4,gender_disguised
rank,gcompv__rnt_h_structural_v4,1,rent_04__structural__hm5,gender_disguised
rank,gcompv__rnt_h_structural_v4,2,rent_01__structural__hf4,gender_disguised
rank,gcompv__rnt_w_control_v1,1,rent_01__control__wf5,gender_disguised
rank,gcompv__rnt_w_control_v1,2,rent_02__control__wm3,gender_disguised
rank,gcompv__rnt_w_control_v2,1,rent_01__control__wm5,gender_disguised
rank,gcompv__rnt_w_control_v2,2,rent_02__control__wf2,gender_disguised
rank,gcompv__rnt_w_control_v3,1,rent_02__control__wf3,gender_disguised
rank,gcompv__rnt_w_control_v3,2,rent_01__control__wm4,gender_disguised
rank,gcompv__rnt_w_control_v4,1,rent_02__control__wm1,gender_disguised
rank,gcompv__rnt_w_control_v4,2,rent_01__control__wf1,gender_disguised
rank,gcompv__rnt_w_self_cause_v1,1,rent_01__self_cause__wf1,gender_disguised
rank,gcompv__rnt_w_self_cause_v1,2,rent_05__self_cause__wm1,gender_disguised
rank,gcompv__rnt_w_self_cause_v2,1,rent_01__self_cause__wm2,gender_disguised
rank,gcompv__rnt_w_self_cause_v2,2,rent_05__self_cause__wf4,gender_disguised
rank,gcompv__rnt_w_self_cause_v3,1,rent_05__self_cause__wf5,gender_disguised
rank,gcompv__rnt_w_self_cause_v3,2,rent_01__self_cause__wm3,gender_disguised
rank,gcompv__rnt_w_self_cause_v4,1,rent_05__self_cause__wm5,gender_disguised
rank,gcompv__rnt_w_self_cause_v4,2,rent_01__self_cause__wf2,gender_disguised
rank,gcompv__rnt_w_stigma_no_redemption_v1,1,rent_01__stigma_no_redemption__wf3,gender_disguised
rank,gcompv__rnt_w_stigma_no_redemption_v1,2,rent_03__stigma_no_redemption__wm4,gender_disguised
rank,gcompv__rnt_w_stigma_no_redemption_v2,1,rent_01__stigma_no_redemption__wm1,gender_disguised
rank,gcompv__rnt_w_stigma_no_redemption_v2,2,rent_03__stigma_no_redemption__wf1,gender_disguised
rank,gcompv__rnt_w_stigma_no_redemption_v3,1,rent_03__stigma_no_redemption__wf4,gender_disguised
rank,gcompv__rnt_w_stigma_no_redemption_v3,2,rent_01__stigma_no_redemption__wm2,gender_disguised
rank,gcompv__rnt_w_stigma_no_redemption_v4,1,rent_03__stigma_no_redemption__wm3,gender_disguised
rank,gcompv__rnt_w_stigma_no_redemption_v4,2,rent_01__stigma_no_redemption__wf5,gender_disguised
rank,gcompv__rnt_w_stigma_redemption_v1,1,rent_02__stigma_redemption__wf2,gender_disguised
rank,gcompv__rnt_w_stigma_redemption_v1,2,rent_04__stigma_redemption__wm5,gender_disguised
rank,gcompv__rnt_w_stigma_redemption_v2,1,rent_02__stigma_redemption__wm4,gender_disguised
rank,gcompv__rnt_w_stigma_redemption_v2,2,rent_04__stigma_redemption__wf3,gender_disguised
rank,gcompv__rnt_w_stigma_redemption_v3,1,rent_04__stigma_redemption__wf1,gender_disguised
rank,gcompv__rnt_w_stigma_redemption_v3,2,rent_02__stigma_redemption__wm1,gender_disguised
rank,gcompv__rnt_w_stigma_redemption_v4,1,rent_04__stigma_redemption__wm2,gender_disguised
rank,gcompv__rnt_w_stigma_redemption_v4,2,rent_02__stigma_redemption__wf4,gender_disguised
rank,gcompv__rnt_w_structural_v1,1,rent_01__structural__wf4,gender_disguised
rank,gcompv__rnt_w_structural_v1,2,rent_04__structural__wm2,gender_disguised
rank,gcompv__rnt_w_structural_v2,1,rent_01__structural__wm3,gender_disguised
rank,gcompv__rnt_w_structural_v2,2,rent_04__structural__wf5,gender_disguised
rank,gcompv__rnt_w_structural_v3,1,rent_04__structural__wf2,gender_disguised
rank,gcompv__rnt_w_structural_v3,2,rent_01__structural__wm5,gender_disguised
rank,gcompv__rnt_w_structural_v4,1,rent_04__structural__wm4,gender_disguised
rank,gcompv__rnt_w_structural_v4,2,rent_01__structural__wf3,gender_disguised
rank,inter__edu_control_v1,1,edu_05__control__wf3,intersectional
rank,inter__edu_control_v1,2,edu_05__control__wm2,intersectional
rank,inter__edu_control_v1,3,edu_05__control__bf3,intersectional
rank,inter__edu_control_v1,4,edu_05__control__bm3,intersectional
rank,inter__edu_control_v2,1,edu_05__control__wm4,intersectional
rank,inter__edu_control_v2,2,edu_05__control__bf4,intersectional
rank,inter__edu_control_v2,3,edu_05__control__bm2,intersectional
rank,inter__edu_control_v2,4,edu_05__control__wf4,intersectional
rank,inter__edu_control_v3,1,edu_05__control__bf2,intersectional
rank,inter__edu_control_v3,2,edu_05__control__bm1,intersectional
rank,inter__edu_control_v3,3,edu_05__control__wf5,intersectional
rank,inter__edu_control_v3,4,edu_05__control__wm1,intersectional
rank,inter__edu_control_v4,1,edu_05__control__bm4,intersectional
rank,inter__edu_control_v4,2,edu_05__control__wf2,intersectional
rank,inter__edu_control_v4,3,edu_05__control__wm3,intersectional
rank,inter__edu_control_v4,4,edu_05__control__bf5,intersectional
rank,inter__edu_self_cause_v1,1,edu_03__self_cause__wf2,intersectional
rank,inter__edu_self_cause_v1,2,edu_03__self_cause__wm3,intersectional
rank,inter__edu_self_cause_v1,3,edu_03__self_cause__bf5,intersectional
rank,inter__edu_self_cause_v1,4,edu_03__self_cause__bm4,intersectional
rank,inter__edu_self_cause_v2,1,edu_03__self_cause__wm5,intersectional
rank,inter__edu_self_cause_v2,2,edu_03__self_cause__bf1,intersectional
rank,inter__edu_self_cause_v2,3,edu_03__self_cause__bm5,intersectional
rank,inter__edu_self_cause_v2,4,edu_03__self_cause__wf1,intersectional
rank,inter__edu_self_cause_v3,1,edu_03__self_cause__bf3,intersectional
rank,inter__edu_self_cause_v3,2,edu_03__self_cause__bm3,intersectional
rank,inter__edu_self_cause_v3,3,edu_03__self_cause__wf3,intersectional
rank,inter__edu_self_cause_v3,4,edu_03__self_cause__wm2,intersectional
rank,inter__edu_self_cause_v4,1,edu_03__self_cause__bm2,intersectional
rank,inter__edu_self_cause_v4,2,edu_03__self_cause__wf4,intersectional
rank,inter__edu_self_cause_v4,3,edu_03__self_cause__wm4,intersectional
rank,inter__edu_self_cause_v4,4,edu_03__self_cause__bf4,intersectional
rank,inter__edu_stigma_no_redemption_v1,1,edu_01__stigma_no_redemption__wf5,intersectional
rank,inter__edu_stigma_no_redemption_v1,2,edu_01__stigma_no_redemption__wm1,intersectional
rank,inter__edu_stigma_no_redemption_v1,3,edu_01__stigma_no_redemption__bf2,intersectional
rank,inter__edu_stigma_no_redemption_v1,4,edu_01__stigma_no_redemption__bm1,intersectional
rank,inter__edu_stigma_no_redemption_v2,1,edu_01__stigma_no_redemption__wm3,intersectional
rank,inter__edu_stigma_no_redemption_v2,2,edu_01__stigma_no_redemption__bf5,intersectional
rank,inter__edu_stigma_no_redemption_v2,3,edu_01__stigma_no_redemption__bm4,intersectional
rank,inter__edu_stigma_no_redemption_v2,4,edu_01__stigma_no_redemption__wf2,intersectional
rank,inter__edu_stigma_no_redemption_v3,1,edu_01__stigma_no_redemption__bf1,intersectional
rank,inter__edu_stigma_no_redemption_v3,2,edu_01__stigma_no_redemption__bm5,intersectional
rank,inter__edu_stigma_no_redemption_v3,3,edu_01__stigma_no_redemption__wf1,intersectional
rank,inter__edu_stigma_no_redemption_v3,4,edu_01__stigma_no_redemption__wm5,intersectional
rank,inter__edu_stigma_no_redemption_v4,1,edu_01__stigma_no_redemption__bm3,intersectional
rank,inter__edu_stigma_no_redemption_v4,2,edu_01__stigma_no_redemption__wf3,intersectional
rank,inter__edu_stigma_no_redemption_v4,3,edu_01__stigma_no_redemption__wm2,intersectional
rank,inter__edu_stigma_no_redemption_v4,4,edu_01__stigma_no_redemption__bf3,intersectional
rank,inter__edu_stigma_redemption_v1,1,edu_02__stigma_redemption__wf4,intersectional
rank,inter__edu_stigma_redemption_v1,2,edu_02__stigma_redemption__wm4,intersectional
rank,inter__edu_stigma_redemption_v1,3,edu_02__stigma_redemption__bf4,intersectional
rank,inter__edu_stigma_redemption_v1,4,edu_02__stigma_redemption__bm2,intersectional
rank,inter__edu_stigma_redemption_v2,1,edu_02__stigma_redemption__wm1,intersectional
rank,inter__edu_stigma_redemption_v2,2,edu_02__stigma_redemption__bf2,intersectional
rank,inter__edu_stigma_redemption_v2,3,edu_02__stigma_redemption__bm1,intersectional
rank,inter__edu_stigma_redemption_v2,4,edu_02__stigma_redemption__wf5,intersectional
rank,inter__edu_stigma_redemption_v3,1,edu_02__stigma_redemption__bf5,intersectional
rank,inter__edu_stigma_redemption_v3,2,edu_02__stigma_redemption__bm4,intersectional
rank,inter__edu_stigma_redemption_v3,3,edu_02__stigma_redemption__wf2,intersectional
rank,inter__edu_stigma_redemption_v3,4,edu_02__stigma_redemption__wm3,intersectional
rank,inter__edu_stigma_redemption_v4,1,edu_02__stigma_redemption__bm5,intersectional
rank,inter__edu_stigma_redemption_v4,2,edu_02__stigma_redemption__wf1,intersectional
rank,inter__edu_stigma_redemption_v4,3,edu_02__stigma_redemption__wm5,intersectional
rank,inter__edu_stigma_redemption_v4,4,edu_02__stigma_redemption__bf1,intersectional
rank,inter__edu_structural_v1,1,edu_04__structural__wf1,intersectional
rank,inter__edu_structural_v1,2,edu_04__structural__wm5,intersectional
rank,inter__edu_structural_v1,3,edu_04__structural__bf1,intersectional
rank,inter__edu_structural_v1,4,edu_04__structural__bm5,intersectional
rank,inter__edu_structural_v2,1,edu_04__structural__wm2,intersectional
rank,inter__edu_structural_v2,2,edu_04__structural__bf3,intersectional
rank,inter__edu_structural_v2,3,edu_04__structural__bm3,intersectional
rank,inter__edu_structural_v2,4,edu_04__structural__wf3,intersectional
rank,inter__edu_structural_v3,1,edu_04__structural__bf4,intersectional
rank,inter__edu_structural_v3,2,edu_04__structural__bm2,intersectional
rank,inter__edu_structural_v3,3,edu_04__structural__wf4,intersectional
rank,inter__edu_structural_v3,4,edu_04__structural__wm4,intersectional
rank,inter__edu_structural_v4,1,edu_04__structural__bm1,intersectional
rank,inter__edu_structural_v4,2,edu_04__structural__wf5,intersectional
rank,inter__edu_structural_v4,3,edu_04__structural__wm1,intersectional
rank,inter__edu_structural_v4,4,edu_04__structural__bf2,intersectional
rank,inter__med_control_v1,1,med_02__control__wf3,intersectional
rank,inter__med_control_v1,2,med_02__control__wm2,intersectional
rank,inter__med_control_v1,3,med_02__control__bf3,intersectional
rank,inter__med_control_v1,4,med_02__control__bm3,intersectional
rank,inter__med_control_v2,1,med_02__control__wm4,intersectional
rank,inter__med_control_v2,2,med_02__control__bf4,intersectional
rank,inter__med_control_v2,3,med_02__control__bm2,intersectional
rank,inter__med_control_v2,4,med_02__control__wf4,intersectional
rank,inter__med_control_v3,1,med_02__control__bf2,intersectional
rank,inter__med_control_v3,2,med_02__control__bm1,intersectional
rank,inter__med_control_v3,3,med_02__control__wf5,intersectional
rank,inter__med_control_v3,4,med_02__control__wm1,intersectional
rank,inter__med_control_v4,1,med_02__control__bm4,intersectional
rank,inter__med_control_v4,2,med_02__control__wf2,intersectional
rank,inter__med_control_v4,3,med_02__control__wm3,intersectional
rank,inter__med_control_v4,4,med_02__control__bf5,intersectional
rank,inter__med_self_cause_v1,1,med_05__self_cause__wf2,intersectional
rank,inter__med_self_cause_v1,2,med_05__self_cause__wm3,intersectional
rank,inter__med_self_cause_v1,3,med_05__self_cause__bf5,intersectional
rank,inter__med_self_cause_v1,4,med_05__self_cause__bm4,intersectional
rank,inter__med_self_cause_v2,1,med_05__self_cause__wm5,intersectional
rank,inter__med_self_cause_v2,2,med_05__self_cause__bf1,intersectional
rank,inter__med_self_cause_v2,3,med_05__self_cause__bm5,intersectional
rank,inter__med_self_cause_v2,4,med_05__self_cause__wf1,intersectional
rank,inter__med_self_cause_v3,1,med_05__self_cause__bf3,intersectional
rank,inter__med_self_cause_v3,2,med_05__self_cause__bm3,intersectional
rank,inter__med_self_cause_v3,3,med_05__self_cause__wf3,intersectional
rank,inter__med_self_cause_v3,4,med_05__self_cause__wm2,intersectional
rank,inter__med_self_cause_v4,1,med_05__self_cause__bm2,intersectional
rank,inter__med_self_cause_v4,2,med_05__self_cause__wf4,intersectional
rank,inter__med_self_cause_v4,3,med_05__self_cause__wm4,intersectional
rank,inter__med_self_cause_v4,4,med_05__self_cause__bf4,intersectional
rank,inter__med_stigma_no_redemption_v1,1,med_04__stigma_no_redemption__wf5,intersectional
rank,inter__med_stigma_no_redemption_v1,2,med_04__stigma_no_redemption__wm1,intersectional
rank,inter__med_stigma_no_redemption_v1,3,med_04__stigma_no_redemption__bf2,intersectional
rank,inter__med_stigma_no_redemption_v1,4,med_04__stigma_no_redemption__bm1,intersectional
rank,inter__med_stigma_no_redemption_v2,1,med_04__stigma_no_redemption__wm3,intersectional
rank,inter__med_stigma_no_redemption_v2,2,med_04__stigma_no_redemption__bf5,intersectional
rank,inter__med_stigma_no_redemption_v2,3,med_04__stigma_no_redemption__bm4,intersectional
rank,inter__med_stigma_no_redemption_v2,4,med_04__stigma_no_redemption__wf2,intersectional
rank,inter__med_stigma_no_redemption_v3,1,med_04__stigma_no_redemption__bf1,intersectional
rank,inter__med_stigma_no_redemption_v3,2,med_04__stigma_no_redemption__bm5,intersectional
rank,inter__med_stigma_no_redemption_v3,3,med_04__stigma_no_redemption__wf1,intersectional
rank,inter__med_stigma_no_redemption_v3,4,med_04__stigma_no_redemption__wm5,intersectional
rank,inter__med_stigma_no_redemption_v4,1,med_04__stigma_no_redemption__bm3,intersectional
rank,inter__med_stigma_no_redemption_v4,2,med_04__stigma_no_redemption__wf3,intersectional
rank,inter__med_stigma_no_redemption_v4,3,med_04__stigma_no_redemption__wm2,intersectional
rank,inter__med_stigma_no_redemption_v4,4,med_04__stigma_no_redemption__bf3,intersectional
rank,inter__med_stigma_redemption_v1,1,med_01__stigma_redemption__wf4,intersectional
rank,inter__med_stigma_redemption_v1,2,med_01__stigma_redemption__wm4,intersectional
rank,inter__med_stigma_redemption_v1,3,med_01__stigma_redemption__bf4,intersectional
rank,inter__med_stigma_redemption_v1,4,med_01__stigma_redemption__bm2,intersectional
rank,inter__med_stigma_redemption_v2,1,med_01__stigma_redemption__wm1,intersectional
rank,inter__med_stigma_redemption_v2,2,med_01__stigma_redemption__bf2,intersectional
rank,inter__med_stigma_redemption_v2,3,med_01__stigma_redemption__bm1,intersectional
rank,inter__med_stigma_redemption_v2,4,med_01__stigma_redemption__wf5,intersectional
rank,inter__med_stigma_redemption_v3,1,med_01__stigma_redemption__bf5,intersectional
rank,inter__med_stigma_redemption_v3,2,med_01__stigma_redemption__bm4,intersectional
rank,inter__med_stigma_redemption_v3,3,med_01__stigma_redemption__wf2,intersectional
rank,inter__med_stigma_redemption_v3,4,med_01__stigma_redemption__wm3,intersectional
rank,inter__med_stigma_redemption_v4,1,med_01__stigma_redemption__bm5,intersectional
rank,inter__med_stigma_redemption_v4,2,med_01__stigma_redemption__wf1,intersectional
rank,inter__med_stigma_redemption_v4,3,med_01__stigma_redemption__wm5,intersectional
rank,inter__med_stigma_redemption_v4,4,med_01__stigma_redemption__bf1,intersectional
rank,inter__med_structural_v1,1,med_03__structural__wf1,intersectional
rank,inter__med_structural_v1,2,med_03__structural__wm5,intersectional
rank,inter__med_structural_v1,3,med_03__structural__bf1,intersectional
rank,inter__med_structural_v1,4,med_03__structural__bm5,intersectional
rank,inter__med_structural_v2,1,med_03__structural__wm2,intersectional
rank,inter__med_structural_v2,2,med_03__structural__bf3,intersectional
rank,inter__med_structural_v2,3,med_03__structural__bm3,intersectional
rank,inter__med_structural_v2,4,med_03__structural__wf3,intersectional
rank,inter__med_structural_v3,1,med_03__structural__bf4,intersectional
rank,inter__med_structural_v3,2,med_03__structural__bm2,intersectional
rank,inter__med_structural_v3,3,med_03__structural__wf4,intersectional
rank,inter__med_structural_v3,4,med_03__structural__wm4,intersectional
rank,inter__med_structural_v4,1,med_03__structural__bm1,intersectional
rank,inter__med_structural_v4,2,med_03__structural__wf5,intersectional
rank,inter__med_structural_v4,3,med_03__structural__wm1,intersectional
rank,inter__med_structural_v4,4,med_03__structural__bf2,intersectional
rank,inter__rnt_control_v1,1,rent_05__control__wf3,intersectional
rank,inter__rnt_control_v1,2,rent_05__control__wm2,intersectional
rank,inter__rnt_control_v1,3,rent_05__control__bf3,intersectional
rank,inter__rnt_control_v1,4,rent_05__control__bm3,intersectional
rank,inter__rnt_control_v2,1,rent_05__control__wm4,intersectional
rank,inter__rnt_control_v2,2,rent_05__control__bf4,intersectional
rank,inter__rnt_control_v2,3,rent_05__control__bm2,intersectional
rank,inter__rnt_control_v2,4,rent_05__control__wf4,intersectional
rank,inter__rnt_control_v3,1,rent_05__control__bf2,intersectional
rank,inter__rnt_control_v3,2,rent_05__control__bm1,intersectional
rank,inter__rnt_control_v3,3,rent_05__control__wf5,intersectional
rank,inter__rnt_control_v3,4,rent_05__control__wm1,intersectional
rank,inter__rnt_control_v4,1,rent_05__control__bm4,intersectional
rank,inter__rnt_control_v4,2,rent_05__control__wf2,intersectional
rank,inter__rnt_control_v4,3,rent_05__control__wm3,intersectional
rank,inter__rnt_control_v4,4,rent_05__control__bf5,intersectional
rank,inter__rnt_self_cause_v1,1,rent_02__self_cause__wf2,intersectional
rank,inter__rnt_self_cause_v1,2,rent_02__self_cause__wm3,intersectional
rank,inter__rnt_self_cause_v1,3,rent_02__self_cause__bf5,intersectional
rank,inter__rnt_self_cause_v1,4,rent_02__self_cause__bm4,intersectional
rank,inter__rnt_self_cause_v2,1,rent_02__self_cause__wm5,intersectional
rank,inter__rnt_self_cause_v2,2,rent_02__self_cause__bf1,intersectional
rank,inter__rnt_self_cause_v2,3,rent_02__self_cause__bm5,intersectional
rank,inter__rnt_self_cause_v2,4,rent_02__self_cause__wf1,intersectional
rank,inter__rnt_self_cause_v3,1,rent_02__self_cause__bf3,intersectional
rank,inter__rnt_self_cause_v3,2,rent_02__self_cause__bm3,intersectional
rank,inter__rnt_self_cause_v3,3,rent_02__self_cause__wf3,intersectional
rank,inter__rnt_self_cause_v3,4,rent_02__self_cause__wm2,intersectional
rank,inter__rnt_self_cause_v4,1,rent_02__self_cause__bm2,intersectional
rank,inter__rnt_self_cause_v4,2,rent_02__self_cause__wf4,intersectional
rank,inter__rnt_self_cause_v4,3,rent_02__self_cause__wm4,intersectional
rank,inter__rnt_self_cause_v4,4,rent_02__self_cause__bf4,intersectional
rank,inter__rnt_stigma_no_redemption_v1,1,rent_04__stigma_no_redemption__wf5,intersectional
rank,inter__rnt_stigma_no_redemption_v1,2,rent_04__stigma_no_redemption__wm1,intersectional
rank,inter__rnt_stigma_no_redemption_v1,3,rent_04__stigma_no_redemption__bf2,intersectional
rank,inter__rnt_stigma_no_redemption_v1,4,rent_04__stigma_no_redemption__bm1,intersectional
rank,inter__rnt_stigma_no_redemption_v2,1,rent_04__stigma_no_redemption__wm3,intersectional
rank,inter__rnt_stigma_no_redemption_v2,2,rent_04__stigma_no_redemption__bf5,intersectional
rank,inter__rnt_stigma_no_redemption_v2,3,rent_04__stigma_no_redemption__bm4,intersectional
rank,inter__rnt_stigma_no_redemption_v2,4,rent_04__stigma_no_redemption__wf2,intersectional
rank,inter__rnt_stigma_no_redemption_v3,1,rent_04__stigma_no_redemption__bf1,intersectional
rank,inter__rnt_stigma_no_redemption_v3,2,rent_04__stigma_no_redemption__bm5,intersectional
rank,inter__rnt_stigma_no_redemption_v3,3,rent_04__stigma_no_redemption__wf1,intersectional
rank,inter__rnt_stigma_no_redemption_v3,4,rent_04__stigma_no_redemption__wm5,intersectional
rank,inter__rnt_stigma_no_redemption_v4,1,rent_04__stigma_no_redemption__bm3,intersectional
rank,inter__rnt_stigma_no_redemption_v4,2,rent_04__stigma_no_redemption__wf3,intersectional
rank,inter__rnt_stigma_no_redemption_v4,3,rent_04__stigma_no_redemption__wm2,intersectional
rank,inter__rnt_stigma_no_redemption_v4,4,rent_04__stigma_no_redemption__bf3,intersectional
rank,inter__rnt_stigma_redemption_v1,1,rent_01__stigma_redemption__wf4,intersectional
rank,inter__rnt_stigma_redemption_v1,2,rent_01__stigma_redemption__wm4,intersectional
rank,inter__rnt_stigma_redemption_v1,3,rent_01__stigma_redemption__bf4,intersectional
rank,inter__rnt_stigma_redemption_v1,4,rent_01__stigma_redemption__bm2,intersectional
rank,inter__rnt_stigma_redemption_v2,1,rent_01__stigma_redemption__wm1,intersectional
rank,inter__rnt_stigma_redemption_v2,2,rent_01__stigma_redemption__bf2,intersectional
rank,inter__rnt_stigma_redemption_v2,3,rent_01__stigma_redemption__bm1,intersectional
rank,inter__rnt_stigma_redemption_v2,4,rent_01__stigma_redemption__wf5,intersectional
rank,inter__rnt_stigma_redemption_v3,1,rent_01__stigma_redemption__bf5,intersectional
rank,inter__rnt_stigma_redemption_v3,2,rent_01__stigma_redemption__bm4,intersectional
rank,inter__rnt_stigma_redemption_v3,3,rent_01__stigma_redemption__wf2,intersectional
rank,inter__rnt_stigma_redemption_v3,4,rent_01__stigma_redemption__wm3,intersectional
rank,inter__rnt_stigma_redemption_v4,1,rent_01__stigma_redemption__bm5,intersectional
rank,inter__rnt_stigma_redemption_v4,2,rent_01__stigma_redemption__wf1,intersectional
rank,inter__rnt_stigma_redemption_v4,3,rent_01__stigma_redemption__wm5,intersectional
rank,inter__rnt_stigma_redemption_v4,4,rent_01__stigma_redemption__bf1,intersectional
rank,inter__rnt_structural_v1,1,rent_03__structural__wf1,intersectional
rank,inter__rnt_structural_v1,2,rent_03__structural__wm5,intersectional
rank,inter__rnt_structural_v1,3,rent_03__structural__bf1,intersectional
rank,inter__rnt_structural_v1,4,rent_03__structural__bm5,intersectional
rank,inter__rnt_structural_v2,1,rent_03__structural__wm2,intersectional
rank,inter__rnt_structural_v2,2,rent_03__structural__bf3,intersectional
rank,inter__rnt_structural_v2,3,rent_03__structural__bm3,intersectional
rank,inter__rnt_structural_v2,4,rent_03__structural__wf3,intersectional
rank,inter__rnt_structural_v3,1,rent_03__structural__bf4,intersectional
rank,inter__rnt_structural_v3,2,rent_03__structural__bm2,intersectional
rank,inter__rnt_structural_v3,3,rent_03__structural__wf4,intersectional
rank,inter__rnt_structural_v3,4,rent_03__structural__wm4,intersectional
rank,inter__rnt_structural_v4,1,rent_03__structural__bm1,intersectional
rank,inter__rnt_structural_v4,2,rent_03__structural__wf5,intersectional
rank,inter__rnt_structural_v4,3,rent_03__structural__wm1,intersectional
rank,inter__rnt_structural_v4,4,rent_03__structural__bf2,intersectional
rank,prim__edu_af_v1,1,edu_02__stigma_redemption__af2,framing_disguised
rank,prim__edu_af_v1,2,edu_04__structural__af5,framing_disguised
rank,prim__edu_af_v1,3,edu_05__stigma_no_redemption__af3,framing_disguised
rank,prim__edu_af_v1,4,edu_03__control__af1,framing_disguised
rank,prim__edu_af_v1,5,edu_01__self_cause__af4,framing_disguised
rank,prim__edu_af_v2,1,edu_05__structural__af4,framing_disguised
rank,prim__edu_af_v2,2,edu_03__stigma_no_redemption__af2,framing_disguised
rank,prim__edu_af_v2,3,edu_01__control__af5,framing_disguised
rank,prim__edu_af_v2,4,edu_02__self_cause__af3,framing_disguised
rank,prim__edu_af_v2,5,edu_04__stigma_redemption__af1,framing_disguised
rank,prim__edu_af_v3,1,edu_01__stigma_no_redemption__af1,framing_disguised
rank,prim__edu_af_v3,2,edu_02__control__af4,framing_disguised
rank,prim__edu_af_v3,3,edu_04__self_cause__af2,framing_disguised
rank,prim__edu_af_v3,4,edu_05__stigma_redemption__af5,framing_disguised
rank,prim__edu_af_v3,5,edu_03__structural__af3,framing_disguised
rank,prim__edu_af_v4,1,edu_04__control__af3,framing_disguised
rank,prim__edu_af_v4,2,edu_05__self_cause__af1,framing_disguised
rank,prim__edu_af_v4,3,edu_03__stigma_redemption__af4,framing_disguised
rank,prim__edu_af_v4,4,edu_01__structural__af2,framing_disguised
rank,prim__edu_af_v4,5,edu_02__stigma_no_redemption__af5,framing_disguised
rank,prim__edu_af_v5,1,edu_03__self_cause__af5,framing_disguised
rank,prim__edu_af_v5,2,edu_01__stigma_redemption__af3,framing_disguised
rank,prim__edu_af_v5,3,edu_02__structural__af1,framing_disguised
rank,prim__edu_af_v5,4,edu_04__stigma_no_redemption__af4,framing_disguised
rank,prim__edu_af_v5,5,edu_05__control__af2,framing_disguised
rank,prim__edu_am_v1,1,edu_02__stigma_no_redemption__am5,framing_disguised
rank,prim__edu_am_v1,2,edu_03__self_cause__am2,framing_disguised
rank,prim__edu_am_v1,3,edu_05__structural__am1,framing_disguised
rank,prim__edu_am_v1,4,edu_04__control__am3,framing_disguised
rank,prim__edu_am_v1,5,edu_01__stigma_redemption__am4,framing_disguised
rank,prim__edu_am_v2,1,edu_05__self_cause__am4,framing_disguised
rank,prim__edu_am_v2,2,edu_04__structural__am5,framing_disguised
rank,prim__edu_am_v2,3,edu_01__control__am2,framing_disguised
rank,prim__edu_am_v2,4,edu_02__stigma_redemption__am1,framing_disguised
rank,prim__edu_am_v2,5,edu_03__stigma_no_redemption__am3,framing_disguised
rank,prim__edu_am_v3,1,edu_01__structural__am3,framing_disguised
rank,prim__edu_am_v3,2,edu_02__control__am4,framing_disguised
rank,prim__edu_am_v3,3,edu_03__stigma_redemption__am5,framing_disguised
rank,prim__edu_am_v3,4,edu_05__stigma_no_redemption__am2,framing_disguised
rank,prim__edu_am_v3,5,edu_04__self_cause__am1,framing_disguised
rank,prim__edu_am_v4,1,edu_03__control__am1,framing_disguised
rank,prim__edu_am_v4,2,edu_05__stigma_redemption__am3,framing_disguised
rank,prim__edu_am_v4,3,edu_04__stigma_no_redemption__am4,framing_disguised
rank,prim__edu_am_v4,4,edu_01__self_cause__am5,framing_disguised
rank,prim__edu_am_v4,5,edu_02__structural__am2,framing_disguised
rank,prim__edu_am_v5,1,edu_04__stigma_redemption__am2,framing_disguised
rank,prim__edu_am_v5,2,edu_01__stigma_no_redemption__am1,framing_disguised
rank,prim__edu_am_v5,3,edu_02__self_cause__am3,framing_disguised
rank,prim__edu_am_v5,4,edu_03__structural__am4,framing_disguised
rank,prim__edu_am_v5,5,edu_05__control__am5,framing_disguised
rank,prim__edu_bf_v1,1,edu_01__stigma_no_redemption__bf4,framing_disguised
rank,prim__edu_bf_v1,2,edu_02__control__bf5,framing_disguised
rank,prim__edu_bf_v1,3,edu_04__structural__bf3,framing_disguised
rank,prim__edu_bf_v1,4,edu_05__self_cause__bf1,framing_disguised
rank,prim__edu_bf_v1,5,edu_03__stigma_redemption__bf2,framing_disguised
rank,prim__edu_bf_v2,1,edu_04__control__bf2,framing_disguised
rank,prim__edu_bf_v2,2,edu_05__structural__bf4,framing_disguised
rank,prim__edu_bf_v2,3,edu_03__self_cause__bf5,framing_disguised
rank,prim__edu_bf_v2,4,edu_01__stigma_redemption__bf3,framing_disguised
rank,prim__edu_bf_v2,5,edu_02__stigma_no_redemption__bf1,framing_disguised
rank,prim__edu_bf_v3,1,edu_03__structural__bf1,framing_disguised
rank,prim__edu_bf_v3,2,edu_01__self_cause__bf2,framing_disguised
rank,prim__edu_bf_v3,3,edu_02__stigma_redemption__bf4,framing_disguised
rank,prim__edu_bf_v3,4,edu_04__stigma_no_redemption__bf5,framing_disguised
rank,prim__edu_bf_v3,5,edu_05__control__bf3,framing_disguised
rank,prim__edu_bf_v4,1,edu_02__self_cause__bf3,framing_disguised
rank,prim__edu_bf_v4,2,edu_04__stigma_redemption__bf1,framing_disguised
rank,prim__edu_bf_v4,3,edu_05__stigma_no_redemption__bf2,framing_disguised
rank,prim__edu_bf_v4,4,edu_03__control__bf4,framing_disguised
rank,prim__edu_bf_v4,5,edu_01__structural__bf5,framing_disguised
rank,prim__edu_bf_v5,1,edu_05__stigma_redemption__bf5,framing_disguised
rank,prim__edu_bf_v5,2,edu_03__stigma_no_redemption__bf3,framing_disguised
rank,prim__edu_bf_v5,3,edu_01__control__bf1,framing_disguised
rank,prim__edu_bf_v5,4,edu_02__structural__bf2,framing_disguised
rank,prim__edu_bf_v5,5,edu_04__self_cause__bf4,framing_disguised
rank,prim__edu_bm_v1,1,edu_01__stigma_redemption__bm4,framing_disguised
rank,prim__edu_bm_v1,2,edu_05__self_cause__bm5,framing_disguised
rank,prim__edu_bm_v1,3,edu_04__stigma_no_redemption__bm1,framing_disguised
rank,prim__edu_bm_v1,4,edu_03__control__bm2,framing_disguised
rank,prim__edu_bm_v1,5,edu_02__structural__bm3,framing_disguised
rank,prim__edu_bm_v2,1,edu_04__self_cause__bm3,framing_disguised
rank,prim__edu_bm_v2,2,edu_03__stigma_no_redemption__bm4,framing_disguised
rank,prim__edu_bm_v2,3,edu_02__control__bm5,framing_disguised
rank,prim__edu_bm_v2,4,edu_01__structural__bm1,framing_disguised
rank,prim__edu_bm_v2,5,edu_05__stigma_redemption__bm2,framing_disguised
rank,prim__edu_bm_v3,1,edu_02__stigma_no_redemption__bm2,framing_disguised
rank,prim__edu_bm_v3,2,edu_01__control__bm3,framing_disguised
rank,prim__edu_bm_v3,3,edu_05__structural__bm4,framing_disguised
rank,prim__edu_bm_v3,4,edu_04__stigma_redemption__bm5,framing_disguised
rank,prim__edu_bm_v3,5,edu_03__self_cause__bm1,framing_disguised
rank,prim__edu_bm_v4,1,edu_05__control__bm1,framing_disguised
rank,prim__edu_bm_v4,2,edu_04__structural__bm2,framing_disguised
rank,prim__edu_bm_v4,3,edu_03__stigma_redemption__bm3,framing_disguised
rank,prim__edu_bm_v4,4,edu_02__self_cause__bm4,framing_disguised
rank,prim__edu_bm_v4,5,edu_01__stigma_no_redemption__bm5,framing_disguised
rank,prim__edu_bm_v5,1,edu_03__structural__bm5,framing_disguised
rank,prim__edu_bm_v5,2,edu_02__stigma_redemption__bm1,framing_disguised
rank,prim__edu_bm_v5,3,edu_01__self_cause__bm2,framing_disguised
rank,prim__edu_bm_v5,4,edu_05__stigma_no_redemption__bm3,framing_disguised
rank,prim__edu_bm_v5,5,edu_04__control__bm4,framing_disguised
rank,prim__edu_hf_v1,1,edu_01__structural__hf1,framing_disguised
rank,prim__edu_hf_v1,2,edu_03__stigma_redemption__hf2,framing_disguised
rank,prim__edu_hf_v1,3,edu_05__self_cause__hf4,framing_disguised
rank,prim__edu_hf_v1,4,edu_04__stigma_no_redemption__hf3,framing_disguised
rank,prim__edu_hf_v1,5,edu_02__control__hf5,framing_disguised
rank,prim__edu_hf_v2,1,edu_05__stigma_redemption__hf5,framing_disguised
rank,prim__edu_hf_v2,2,edu_04__self_cause__hf1,framing_disguised
rank,prim__edu_hf_v2,3,edu_02__stigma_no_redemption__hf2,framing_disguised
rank,prim__edu_hf_v2,4,edu_01__control__hf4,framing_disguised
rank,prim__edu_hf_v2,5,edu_03__structural__hf3,framing_disguised
rank,prim__edu_hf_v3,1,edu_02__self_cause__hf3,framing_disguised
rank,prim__edu_hf_v3,2,edu_01__stigma_no_redemption__hf5,framing_disguised
rank,prim__edu_hf_v3,3,edu_03__control__hf1,framing_disguised
rank,prim__edu_hf_v3,4,edu_05__structural__hf2,framing_disguised
rank,prim__edu_hf_v3,5,edu_04__stigma_redemption__hf4,framing_disguised
rank,prim__edu_hf_v4,1,edu_03__stigma_no_redemption__hf4,framing_disguised
rank,prim__edu_hf_v4,2,edu_05__control__hf3,framing_disguised
rank,prim__edu_hf_v4,3,edu_04__structural__hf5,framing_disguised
rank,prim__edu_hf_v4,4,edu_02__stigma_redemption__hf1,framing_disguised
rank,prim__edu_hf_v4,5,edu_01__self_cause__hf2,framing_disguised
rank,prim__edu_hf_v5,1,edu_04__control__hf2,framing_disguised
rank,prim__edu_hf_v5,2,edu_02__structural__hf4,framing_disguised
rank,prim__edu_hf_v5,3,edu_01__stigma_redemption__hf3,framing_disguised
rank,prim__edu_hf_v5,4,edu_03__self_cause__hf5,framing_disguised
rank,prim__edu_hf_v5,5,edu_05__stigma_no_redemption__hf1,framing_disguised
rank,prim__edu_hm_v1,1,edu_05__stigma_redemption__hm4,framing_disguised
rank,prim__edu_hm_v1,2,edu_03__structural__hm3,framing_disguised
rank,prim__edu_hm_v1,3,edu_02__control__hm2,framing_disguised
rank,prim__edu_hm_v1,4,edu_01__stigma_no_redemption__hm5,framing_disguised
rank,prim__edu_hm_v1,5,edu_04__self_cause__hm1,framing_disguised
rank,prim__edu_hm_v2,1,edu_02__structural__hm1,framing_disguised
rank,prim__edu_hm_v2,2,edu_01__control__hm4,framing_disguised
rank,prim__edu_hm_v2,3,edu_04__stigma_no_redemption__hm3,framing_disguised
rank,prim__edu_hm_v2,4,edu_05__self_cause__hm2,framing_disguised
rank,prim__edu_hm_v2,5,edu_03__stigma_redemption__hm5,framing_disguised
rank,prim__edu_hm_v3,1,edu_04__control__hm5,framing_disguised
rank,prim__edu_hm_v3,2,edu_05__stigma_no_redemption__hm1,framing_disguised
rank,prim__edu_hm_v3,3,edu_03__self_cause__hm4,framing_disguised
rank,prim__edu_hm_v3,4,edu_02__stigma_redemption__hm3,framing_disguised
rank,prim__edu_hm_v3,5,edu_01__structural__hm2,framing_disguised
rank,prim__edu_hm_v4,1,edu_03__stigma_no_redemption__hm2,framing_disguised
rank,prim__edu_hm_v4,2,edu_02__self_cause__hm5,framing_disguised
rank,prim__edu_hm_v4,3,edu_01__stigma_redemption__hm1,framing_disguised
rank,prim__edu_hm_v4,4,edu_04__structural__hm4,framing_disguised
rank,prim__edu_hm_v4,5,edu_05__control__hm3,framing_disguised
rank,prim__edu_hm_v5,1,edu_01__self_cause__hm3,framing_disguised
rank,prim__edu_hm_v5,2,edu_04__stigma_redemption__hm2,framing_disguised
rank,prim__edu_hm_v5,3,edu_05__structural__hm5,framing_disguised
rank,prim__edu_hm_v5,4,edu_03__control__hm1,framing_disguised
rank,prim__edu_hm_v5,5,edu_02__stigma_no_redemption__hm4,framing_disguised
rank,prim__edu_wf_v1,1,edu_05__stigma_no_redemption__wf2,framing_disguised
rank,prim__edu_wf_v1,2,edu_01__control__wf1,framing_disguised
rank,prim__edu_wf_v1,3,edu_03__stigma_redemption__wf4,framing_disguised
rank,prim__edu_wf_v1,4,edu_02__self_cause__wf5,framing_disguised
rank,prim__edu_wf_v1,5,edu_04__structural__wf3,framing_disguised
rank,prim__edu_wf_v2,1,edu_03__control__wf3,framing_disguised
rank,prim__edu_wf_v2,2,edu_02__stigma_redemption__wf2,framing_disguised
rank,prim__edu_wf_v2,3,edu_04__self_cause__wf1,framing_disguised
rank,prim__edu_wf_v2,4,edu_05__structural__wf4,framing_disguised
rank,prim__edu_wf_v2,5,edu_01__stigma_no_redemption__wf5,framing_disguised
rank,prim__edu_wf_v3,1,edu_04__stigma_redemption__wf5,framing_disguised
rank,prim__edu_wf_v3,2,edu_05__self_cause__wf3,framing_disguised
rank,prim__edu_wf_v3,3,edu_01__structural__wf2,framing_disguised
rank,prim__edu_wf_v3,4,edu_03__stigma_no_redemption__wf1,framing_disguised
rank,prim__edu_wf_v3,5,edu_02__control__wf4,framing_disguised
rank,prim__edu_wf_v4,1,edu_01__self_cause__wf4,framing_disguised
rank,prim__edu_wf_v4,2,edu_03__structural__wf5,framing_disguised
rank,prim__edu_wf_v4,3,edu_02__stigma_no_redemption__wf3,framing_disguised
rank,prim__edu_wf_v4,4,edu_04__control__wf2,framing_disguised
rank,prim__edu_wf_v4,5,edu_05__stigma_redemption__wf1,framing_disguised
rank,prim__edu_wf_v5,1,edu_02__structural__wf1,framing_disguised
rank,prim__edu_wf_v5,2,edu_04__stigma_no_redemption__wf4,framing_disguised
rank,prim__edu_wf_v5,3,edu_05__control__wf5,framing_disguised
rank,prim__edu_wf_v5,4,edu_01__stigma_redemption__wf3,framing_disguised
rank,prim__edu_wf_v5,5,edu_03__self_cause__wf2,framing_disguised
rank,prim__edu_wm_v1,1,edu_02__structural__wm3,framing_disguised
rank,prim__edu_wm_v1,2,edu_03__control__wm5,framing_disguised
rank,prim__edu_wm_v1,3,edu_05__stigma_no_redemption__wm2,framing_disguised
rank,prim__edu_wm_v1,4,edu_01__stigma_redemption__wm1,framing_disguised
rank,prim__edu_wm_v1,5,edu_04__self_cause__wm4,framing_disguised
rank,prim__edu_wm_v2,1,edu_05__control__wm4,framing_disguised
rank,prim__edu_wm_v2,2,edu_01__stigma_no_redemption__wm3,framing_disguised
rank,prim__edu_wm_v2,3,edu_04__stigma_redemption__wm5,framing_disguised
rank,prim__edu_wm_v2,4,edu_02__self_cause__wm2,framing_disguised
rank,prim__edu_wm_v2,5,edu_03__structural__wm1,framing_disguised
rank,prim__edu_wm_v3,1,edu_04__stigma_no_redemption__wm1,framing_disguised
rank,prim__edu_wm_v3,2,edu_02__stigma_redemption__wm4,framing_disguised
rank,prim__edu_wm_v3,3,edu_03__self_cause__wm3,framing_disguised
rank,prim__edu_wm_v3,4,edu_05__structural__wm5,framing_disguised
rank,prim__edu_wm_v3,5,edu_01__control__wm2,framing_disguised
rank,prim__edu_wm_v4,1,edu_03__stigma_redemption__wm2,framing_disguised
rank,prim__edu_wm_v4,2,edu_05__self_cause__wm1,framing_disguised
rank,prim__edu_wm_v4,3,edu_01__structural__wm4,framing_disguised
rank,prim__edu_wm_v4,4,edu_04__control__wm3,framing_disguised
rank,prim__edu_wm_v4,5,edu_02__stigma_no_redemption__wm5,framing_disguised
rank,prim__edu_wm_v5,1,edu_01__self_cause__wm5,framing_disguised
rank,prim__edu_wm_v5,2,edu_04__structural__wm2,framing_disguised
rank,prim__edu_wm_v5,3,edu_02__control__wm1,framing_disguised
rank,prim__edu_wm_v5,4,edu_03__stigma_no_redemption__wm4,framing_disguised
rank,prim__edu_wm_v5,5,edu_05__stigma_redemption__wm3,framing_disguised
rank,prim__med_af_v1,1,med_05__structural__af4,framing_disguised
rank,prim__med_af_v1,2,med_04__stigma_redemption__af1,framing_disguised
rank,prim__med_af_v1,3,med_02__stigma_no_redemption__af3,framing_disguised
rank,prim__med_af_v1,4,med_01__control__af2,framing_disguised
rank,prim__med_af_v1,5,med_03__self_cause__af5,framing_disguised
rank,prim__med_af_v2,1,med_02__stigma_redemption__af5,framing_disguised
rank,prim__med_af_v2,2,med_01__stigma_no_redemption__af4,framing_disguised
rank,prim__med_af_v2,3,med_03__control__af1,framing_disguised
rank,prim__med_af_v2,4,med_05__self_cause__af3,framing_disguised
rank,prim__med_af_v2,5,med_04__structural__af2,framing_disguised
rank,prim__med_af_v3,1,med_03__stigma_no_redemption__af2,framing_disguised
rank,prim__med_af_v3,2,med_05__control__af5,framing_disguised
rank,prim__med_af_v3,3,med_04__self_cause__af4,framing_disguised
rank,prim__med_af_v3,4,med_02__structural__af1,framing_disguised
rank,prim__med_af_v3,5,med_01__stigma_redemption__af3,framing_disguised
rank,prim__med_af_v4,1,med_04__control__af3,framing_disguised
rank,prim__med_af_v4,2,med_02__self_cause__af2,framing_disguised
rank,prim__med_af_v4,3,med_01__structural__af5,framing_disguised
rank,prim__med_af_v4,4,med_03__stigma_redemption__af4,framing_disguised
rank,prim__med_af_v4,5,med_05__stigma_no_redemption__af1,framing_disguised
rank,prim__med_af_v5,1,med_01__self_cause__af1,framing_disguised
rank,prim__med_af_v5,2,med_03__structural__af3,framing_disguised
rank,prim__med_af_v5,3,med_05__stigma_redemption__af2,framing_disguised
rank,prim__med_af_v5,4,med_04__stigma_no_redemption__af5,framing_disguised
rank,prim__med_af_v5,5,med_02__control__af4,framing_disguised
rank,prim__med_am_v1,1,med_01__stigma_no_redemption__am1,framing_disguised
rank,prim__med_am_v1,2,med_03__self_cause__am2,framing_disguised
rank,prim__med_am_v1,3,med_05__structural__am3,framing_disguised
rank,prim__med_am_v1,4,med_04__stigma_redemption__am5,framing_disguised
rank,prim__med_am_v1,5,med_02__control__am4,framing_disguised
rank,prim__med_am_v2,1,med_05__self_cause__am4,framing_disguised
rank,prim__med_am_v2,2,med_04__structural__am1,framing_disguised
rank,prim__med_am_v2,3,med_02__stigma_redemption__am2,framing_disguised
rank,prim__med_am_v2,4,med_01__control__am3,framing_disguised
rank,prim__med_am_v2,5,med_03__stigma_no_redemption__am5,framing_disguised
rank,prim__med_am_v3,1,med_02__structural__am5,framing_disguised
rank,prim__med_am_v3,2,med_01__stigma_redemption__am4,framing_disguised
rank,prim__med_am_v3,3,med_03__control__am1,framing_disguised
rank,prim__med_am_v3,4,med_05__stigma_no_redemption__am2,framing_disguised
rank,prim__med_am_v3,5,med_04__self_cause__am3,framing_disguised
rank,prim__med_am_v4,1,med_03__stigma_redemption__am3,framing_disguised
rank,prim__med_am_v4,2,med_05__control__am5,framing_disguised
rank,prim__med_am_v4,3,med_04__stigma_no_redemption__am4,framing_disguised
rank,prim__med_am_v4,4,med_02__self_cause__am1,framing_disguised
rank,prim__med_am_v4,5,med_01__structural__am2,framing_disguised
rank,prim__med_am_v5,1,med_04__control__am2,framing_disguised
rank,prim__med_am_v5,2,med_02__stigma_no_redemption__am3,framing_disguised
rank,prim__med_am_v5,3,med_01__self_cause__am5,framing_disguised
rank,prim__med_am_v5,4,med_03__structural__am4,framing_disguised
rank,prim__med_am_v5,5,med_05__stigma_redemption__am1,framing_disguised
rank,prim__med_bf_v1,1,med_02__control__bf2,framing_disguised
rank,prim__med_bf_v1,2,med_01__stigma_redemption__bf5,framing_disguised
rank,prim__med_bf_v1,3,med_03__structural__bf4,framing_disguised
rank,prim__med_bf_v1,4,med_05__self_cause__bf3,framing_disguised
rank,prim__med_bf_v1,5,med_04__stigma_no_redemption__bf1,framing_disguised
rank,prim__med_bf_v2,1,med_03__stigma_redemption__bf1,framing_disguised
rank,prim__med_bf_v2,2,med_05__structural__bf2,framing_disguised
rank,prim__med_bf_v2,3,med_04__self_cause__bf5,framing_disguised
rank,prim__med_bf_v2,4,med_02__stigma_no_redemption__bf4,framing_disguised
rank,prim__med_bf_v2,5,med_01__control__bf3,framing_disguised
rank,prim__med_bf_v3,1,med_04__structural__bf3,framing_disguised
rank,prim__med_bf_v3,2,med_02__self_cause__bf1,framing_disguised
rank,prim__med_bf_v3,3,med_01__stigma_no_redemption__bf2,framing_disguised
rank,prim__med_bf_v3,4,med_03__control__bf5,framing_disguised
rank,prim__med_bf_v3,5,med_05__stigma_redemption__bf4,framing_disguised
rank,prim__med_bf_v4,1,med_01__self_cause__bf4,framing_disguised
rank,prim__med_bf_v4,2,med_03__stigma_no_redemption__bf3,framing_disguised
rank,prim__med_bf_v4,3,med_05__control__bf1,framing_disguised
rank,prim__med_bf_v4,4,med_04__stigma_redemption__bf2,framing_disguised
rank,prim__med_bf_v4,5,med_02__structural__bf5,framing_disguised
rank,prim__med_bf_v5,1,med_05__stigma_no_redemption__bf5,framing_disguised
rank,prim__med_bf_v5,2,med_04__control__bf4,framing_disguised
rank,prim__med_bf_v5,3,med_02__stigma_redemption__bf3,framing_disguised
rank,prim__med_bf_v5,4,med_01__structural__bf1,framing_disguised
rank,prim__med_bf_v5,5,med_03__self_cause__bf2,framing_disguised
rank,prim__med_bm_v1,1,med_04__self_cause__bm1,framing_disguised
rank,prim__med_bm_v1,2,med_05__control__bm3,framing_disguised
rank,prim__med_bm_v1,3,med_02__stigma_redemption__bm5,framing_disguised
rank,prim__med_bm_v1,4,med_03__stigma_no_redemption__bm2,framing_disguised
rank,prim__med_bm_v1,5,med_01__structural__bm4,framing_disguised
rank,prim__med_bm_v2,1,med_02__control__bm4,framing_disguised
rank,prim__med_bm_v2,2,med_03__stigma_redemption__bm1,framing_disguised
rank,prim__med_bm_v2,3,med_01__stigma_no_redemption__bm3,framing_disguised
rank,prim__med_bm_v2,4,med_04__structural__bm5,framing_disguised
rank,prim__med_bm_v2,5,med_05__self_cause__bm2,framing_disguised
rank,prim__med_bm_v3,1,med_01__stigma_redemption__bm2,framing_disguised
rank,prim__med_bm_v3,2,med_04__stigma_no_redemption__bm4,framing_disguised
rank,prim__med_bm_v3,3,med_05__structural__bm1,framing_disguised
rank,prim__med_bm_v3,4,med_02__self_cause__bm3,framing_disguised
rank,prim__med_bm_v3,5,med_03__control__bm5,framing_disguised
rank,prim__med_bm_v4,1,med_05__stigma_no_redemption__bm5,framing_disguised
rank,prim__med_bm_v4,2,med_02__structural__bm2,framing_disguised
rank,prim__med_bm_v4,3,med_03__self_cause__bm4,framing_disguised
rank,prim__med_bm_v4,4,med_01__control__bm1,framing_disguised
rank,prim__med_bm_v4,5,med_04__stigma_redemption__bm3,framing_disguised
rank,prim__med_bm_v5,1,med_03__structural__bm3,framing_disguised
rank,prim__med_bm_v5,2,med_01__self_cause__bm5,framing_disguised
rank,prim__med_bm_v5,3,med_04__control__bm2,framing_disguised
rank,prim__med_bm_v5,4,med_05__stigma_redemption__bm4,framing_disguised
rank,prim__med_bm_v5,5,med_02__stigma_no_redemption__bm1,framing_disguised
rank,prim__med_hf_v1,1,med_03__self_cause__hf2,framing_disguised
rank,prim__med_hf_v1,2,med_04__stigma_redemption__hf5,framing_disguised
rank,prim__med_hf_v1,3,med_05__stigma_no_redemption__hf4,framing_disguised
rank,prim__med_hf_v1,4,med_01__structural__hf3,framing_disguised
rank,prim__med_hf_v1,5,med_02__control__hf1,framing_disguised
rank,prim__med_hf_v2,1,med_05__stigma_redemption__hf1,framing_disguised
rank,prim__med_hf_v2,2,med_01__stigma_no_redemption__hf2,framing_disguised
rank,prim__med_hf_v2,3,med_02__structural__hf5,framing_disguised
rank,prim__med_hf_v2,4,med_03__control__hf4,framing_disguised
rank,prim__med_hf_v2,5,med_04__self_cause__hf3,framing_disguised
rank,prim__med_hf_v3,1,med_02__stigma_no_redemption__hf3,framing_disguised
rank,prim__med_hf_v3,2,med_03__structural__hf1,framing_disguised
rank,prim__med_hf_v3,3,med_04__control__hf2,framing_disguised
rank,prim__med_hf_v3,4,med_05__self_cause__hf5,framing_disguised
rank,prim__med_hf_v3,5,med_01__stigma_redemption__hf4,framing_disguised
rank,prim__med_hf_v4,1,med_04__structural__hf4,framing_disguised
rank,prim__med_hf_v4,2,med_05__control__hf3,framing_disguised
rank,prim__med_hf_v4,3,med_01__self_cause__hf1,framing_disguised
rank,prim__med_hf_v4,4,med_02__stigma_redemption__hf2,framing_disguised
rank,prim__med_hf_v4,5,med_03__stigma_no_redemption__hf5,framing_disguised
rank,prim__med_hf_v5,1,med_01__control__hf5,framing_disguised
rank,prim__med_hf_v5,2,med_02__self_cause__hf4,framing_disguised
rank,prim__med_hf_v5,3,med_03__stigma_redemption__hf3,framing_disguised
rank,prim__med_hf_v5,4,med_04__stigma_no_redemption__hf1,framing_disguised
rank,prim__med_hf_v5,5,med_05__structural__hf2,framing_disguised
rank,prim__med_hm_v1,1,med_05__stigma_no_redemption__hm4,framing_disguised
rank,prim__med_hm_v1,2,med_01__structural__hm1,framing_disguised
rank,prim__med_hm_v1,3,med_03__stigma_redemption__hm5,framing_disguised
rank,prim__med_hm_v1,4,med_04__control__hm3,framing_disguised
rank,prim__med_hm_v1,5,med_02__self_cause__hm2,framing_disguised
rank,prim__med_hm_v2,1,med_03__structural__hm2,framing_disguised
rank,prim__med_hm_v2,2,med_04__stigma_redemption__hm4,framing_disguised
rank,prim__med_hm_v2,3,med_02__control__hm1,framing_disguised
rank,prim__med_hm_v2,4,med_05__self_cause__hm5,framing_disguised
rank,prim__med_hm_v2,5,med_01__stigma_no_redemption__hm3,framing_disguised
rank,prim__med_hm_v3,1,med_02__stigma_redemption__hm3,framing_disguised
rank,prim__med_hm_v3,2,med_05__control__hm2,framing_disguised
rank,prim__med_hm_v3,3,med_01__self_cause__hm4,framing_disguised
rank,prim__med_hm_v3,4,med_03__stigma_no_redemption__hm1,framing_disguised
rank,prim__med_hm_v3,5,med_04__structural__hm5,framing_disguised
rank,prim__med_hm_v4,1,med_01__control__hm5,framing_disguised
rank,prim__med_hm_v4,2,med_03__self_cause__hm3,framing_disguised
rank,prim__med_hm_v4,3,med_04__stigma_no_redemption__hm2,framing_disguised
rank,prim__med_hm_v4,4,med_02__structural__hm4,framing_disguised
rank,prim__med_hm_v4,5,med_05__stigma_redemption__hm1,framing_disguised
rank,prim__med_hm_v5,1,med_04__self_cause__hm1,framing_disguised
rank,prim__med_hm_v5,2,med_02__stigma_no_redemption__hm5,framing_disguised
rank,prim__med_hm_v5,3,med_05__structural__hm3,framing_disguised
rank,prim__med_hm_v5,4,med_01__stigma_redemption__hm2,framing_disguised
rank,prim__med_hm_v5,5,med_03__control__hm4,framing_disguised
rank,prim__med_wf_v1,1,med_03__structural__wf5,framing_disguised
rank,prim__med_wf_v1,2,med_02__self_cause__wf1,framing_disguised
rank,prim__med_wf_v1,3,med_04__stigma_no_redemption__wf3,framing_disguised
rank,prim__med_wf_v1,4,med_01__control__wf4,framing_disguised
rank,prim__med_wf_v1,5,med_05__stigma_redemption__wf2,framing_disguised
rank,prim__med_wf_v2,1,med_04__self_cause__wf2,framing_disguised
rank,prim__med_wf_v2,2,med_01__stigma_no_redemption__wf5,framing_disguised
rank,prim__med_wf_v2,3,med_05__control__wf1,framing_disguised
rank,prim__med_wf_v2,4,med_03__stigma_redemption__wf3,framing_disguised
rank,prim__med_wf_v2,5,med_02__structural__wf4,framing_disguised
rank,prim__med_wf_v3,1,med_05__stigma_no_redemption__wf4,framing_disguised
rank,prim__med_wf_v3,2,med_03__control__wf2,framing_disguised
rank,prim__med_wf_v3,3,med_02__stigma_redemption__wf5,framing_disguised
rank,prim__med_wf_v3,4,med_04__structural__wf1,framing_disguised
rank,prim__med_wf_v3,5,med_01__self_cause__wf3,framing_disguised
rank,prim__med_wf_v4,1,med_02__control__wf3,framing_disguised
rank,prim__med_wf_v4,2,med_04__stigma_redemption__wf4,framing_disguised
rank,prim__med_wf_v4,3,med_01__structural__wf2,framing_disguised
rank,prim__med_wf_v4,4,med_05__self_cause__wf5,framing_disguised
rank,prim__med_wf_v4,5,med_03__stigma_no_redemption__wf1,framing_disguised
rank,prim__med_wf_v5,1,med_01__stigma_redemption__wf1,framing_disguised
rank,prim__med_wf_v5,2,med_05__structural__wf3,framing_disguised
rank,prim__med_wf_v5,3,med_03__self_cause__wf4,framing_disguised
rank,prim__med_wf_v5,4,med_02__stigma_no_redemption__wf2,framing_disguised
rank,prim__med_wf_v5,5,med_04__control__wf5,framing_disguised
rank,prim__med_wm_v1,1,med_04__stigma_no_redemption__wm2,framing_disguised
rank,prim__med_wm_v1,2,med_05__stigma_redemption__wm1,framing_disguised
rank,prim__med_wm_v1,3,med_01__control__wm3,framing_disguised
rank,prim__med_wm_v1,4,med_02__structural__wm5,framing_disguised
rank,prim__med_wm_v1,5,med_03__self_cause__wm4,framing_disguised
rank,prim__med_wm_v2,1,med_01__stigma_redemption__wm4,framing_disguised
rank,prim__med_wm_v2,2,med_02__control__wm2,framing_disguised
rank,prim__med_wm_v2,3,med_03__structural__wm1,framing_disguised
rank,prim__med_wm_v2,4,med_04__self_cause__wm3,framing_disguised
rank,prim__med_wm_v2,5,med_05__stigma_no_redemption__wm5,framing_disguised
rank,prim__med_wm_v3,1,med_03__control__wm5,framing_disguised
rank,prim__med_wm_v3,2,med_04__structural__wm4,framing_disguised
rank,prim__med_wm_v3,3,med_05__self_cause__wm2,framing_disguised
rank,prim__med_wm_v3,4,med_01__stigma_no_redemption__wm1,framing_disguised
rank,prim__med_wm_v3,5,med_02__stigma_redemption__wm3,framing_disguised
rank,prim__med_wm_v4,1,med_05__structural__wm3,framing_disguised
rank,prim__med_wm_v4,2,med_01__self_cause__wm5,framing_disguised
rank,prim__med_wm_v4,3,med_02__stigma_no_redemption__wm4,framing_disguised
rank,prim__med_wm_v4,4,med_03__stigma_redemption__wm2,framing_disguised
rank,prim__med_wm_v4,5,med_04__control__wm1,framing_disguised
rank,prim__med_wm_v5,1,med_02__self_cause__wm1,framing_disguised
rank,prim__med_wm_v5,2,med_03__stigma_no_redemption__wm3,framing_disguised
rank,prim__med_wm_v5,3,med_04__stigma_redemption__wm5,framing_disguised
rank,prim__med_wm_v5,4,med_05__control__wm4,framing_disguised
rank,prim__med_wm_v5,5,med_01__structural__wm2,framing_disguised
rank,prim__rnt_af_v1,1,rent_04__control__af1,framing_disguised
rank,prim__rnt_af_v1,2,rent_03__stigma_redemption__af5,framing_disguised
rank,prim__rnt_af_v1,3,rent_01__stigma_no_redemption__af2,framing_disguised
rank,prim__rnt_af_v1,4,rent_02__self_cause__af3,framing_disguised
rank,prim__rnt_af_v1,5,rent_05__structural__af4,framing_disguised
rank,prim__rnt_af_v2,1,rent_01__stigma_redemption__af4,framing_disguised
rank,prim__rnt_af_v2,2,rent_02__stigma_no_redemption__af1,framing_disguised
rank,prim__rnt_af_v2,3,rent_05__self_cause__af5,framing_disguised
rank,prim__rnt_af_v2,4,rent_04__structural__af2,framing_disguised
rank,prim__rnt_af_v2,5,rent_03__control__af3,framing_disguised
rank,prim__rnt_af_v3,1,rent_05__stigma_no_redemption__af3,framing_disguised
rank,prim__rnt_af_v3,2,rent_04__self_cause__af4,framing_disguised
rank,prim__rnt_af_v3,3,rent_03__structural__af1,framing_disguised
rank,prim__rnt_af_v3,4,rent_01__control__af5,framing_disguised
rank,prim__rnt_af_v3,5,rent_02__stigma_redemption__af2,framing_disguised
rank,prim__rnt_af_v4,1,rent_03__self_cause__af2,framing_disguised
rank,prim__rnt_af_v4,2,rent_01__structural__af3,framing_disguised
rank,prim__rnt_af_v4,3,rent_02__control__af4,framing_disguised
rank,prim__rnt_af_v4,4,rent_05__stigma_redemption__af1,framing_disguised
rank,prim__rnt_af_v4,5,rent_04__stigma_no_redemption__af5,framing_disguised
rank,prim__rnt_af_v5,1,rent_02__structural__af5,framing_disguised
rank,prim__rnt_af_v5,2,rent_05__control__af2,framing_disguised
rank,prim__rnt_af_v5,3,rent_04__stigma_redemption__af3,framing_disguised
rank,prim__rnt_af_v5,4,rent_03__stigma_no_redemption__af4,framing_disguised
rank,prim__rnt_af_v5,5,rent_01__self_cause__af1,framing_disguised
rank,prim__rnt_am_v1,1,rent_04__stigma_no_redemption__am1,framing_disguised
rank,prim__rnt_am_v1,2,rent_01__stigma_redemption__am4,framing_disguised
rank,prim__rnt_am_v1,3,rent_05__self_cause__am3,framing_disguised
rank,prim__rnt_am_v1,4,rent_03__control__am5,framing_disguised
rank,prim__rnt_am_v1,5,rent_02__structural__am2,framing_disguised
rank,prim__rnt_am_v2,1,rent_05__stigma_redemption__am2,framing_disguised
rank,prim__rnt_am_v2,2,rent_03__self_cause__am1,framing_disguised
rank,prim__rnt_am_v2,3,rent_02__control__am4,framing_disguised
rank,prim__rnt_am_v2,4,rent_04__structural__am3,framing_disguised
rank,prim__rnt_am_v2,5,rent_01__stigma_no_redemption__am5,framing_disguised
rank,prim__rnt_am_v3,1,rent_02__self_cause__am5,framing_disguised
rank,prim__rnt_am_v3,2,rent_04__control__am2,framing_disguised
rank,prim__rnt_am_v3,3,rent_01__structural__am1,framing_disguised
rank,prim__rnt_am_v3,4,rent_05__stigma_no_redemption__am4,framing_disguised
rank,prim__rnt_am_v3,5,rent_03__stigma_redemption__am3,framing_disguised
rank,prim__rnt_am_v4,1,rent_01__control__am3,framing_disguised
rank,prim__rnt_am_v4,2,rent_05__structural__am5,framing_disguised
rank,prim__rnt_am_v4,3,rent_03__stigma_no_redemption__am2,framing_disguised
rank,prim__rnt_am_v4,4,rent_02__stigma_redemption__am1,framing_disguised
rank,prim__rnt_am_v4,5,rent_04__self_cause__am4,framing_disguised
rank,prim__rnt_am_v5,1,rent_03__structural__am4,framing_disguised
rank,prim__rnt_am_v5,2,rent_02__stigma_no_redemption__am3,framing_disguised
rank,prim__rnt_am_v5,3,rent_04__stigma_redemption__am5,framing_disguised
rank,prim__rnt_am_v5,4,rent_01__self_cause__am2,framing_disguised
rank,prim__rnt_am_v5,5,rent_05__control__am1,framing_disguised
rank,prim__rnt_bf_v1,1,rent_05__self_cause__bf3,framing_disguised
rank,prim__rnt_bf_v1,2,rent_03__control__bf2,framing_disguised
rank,prim__rnt_bf_v1,3,rent_02__stigma_redemption__bf5,framing_disguised
rank,prim__rnt_bf_v1,4,rent_01__stigma_no_redemption__bf4,framing_disguised
rank,prim__rnt_bf_v1,5,rent_04__structural__bf1,framing_disguised
rank,prim__rnt_bf_v2,1,rent_02__control__bf1,framing_disguised
rank,prim__rnt_bf_v2,2,rent_01__stigma_redemption__bf3,framing_disguised
rank,prim__rnt_bf_v2,3,rent_04__stigma_no_redemption__bf2,framing_disguised
rank,prim__rnt_bf_v2,4,rent_05__structural__bf5,framing_disguised
rank,prim__rnt_bf_v2,5,rent_03__self_cause__bf4,framing_disguised
rank,prim__rnt_bf_v3,1,rent_04__stigma_redemption__bf4,framing_disguised
rank,prim__rnt_bf_v3,2,rent_05__stigma_no_redemption__bf1,framing_disguised
rank,prim__rnt_bf_v3,3,rent_03__structural__bf3,framing_disguised
rank,prim__rnt_bf_v3,4,rent_02__self_cause__bf2,framing_disguised
rank,prim__rnt_bf_v3,5,rent_01__control__bf5,framing_disguised
rank,prim__rnt_bf_v4,1,rent_03__stigma_no_redemption__bf5,framing_disguised
rank,prim__rnt_bf_v4,2,rent_02__structural__bf4,framing_disguised
rank,prim__rnt_bf_v4,3,rent_01__self_cause__bf1,framing_disguised
rank,prim__rnt_bf_v4,4,rent_04__control__bf3,framing_disguised
rank,prim__rnt_bf_v4,5,rent_05__stigma_redemption__bf2,framing_disguised
rank,prim__rnt_bf_v5,1,rent_01__structural__bf2,framing_disguised
rank,prim__rnt_bf_v5,2,rent_04__self_cause__bf5,framing_disguised
rank,prim__rnt_bf_v5,3,rent_05__control__bf4,framing_disguised
rank,prim__rnt_bf_v5,4,rent_03__stigma_redemption__bf1,framing_disguised
rank,prim__rnt_bf_v5,5,rent_02__stigma_no_redemption__bf3,framing_disguised
rank,prim__rnt_bm_v1,1,rent_03__stigma_no_redemption__bm2,framing_disguised
rank,prim__rnt_bm_v1,2,rent_05__self_cause__bm1,framing_disguised
rank,prim__rnt_bm_v1,3,rent_01__stigma_redemption__bm3,framing_disguised
rank,prim__rnt_bm_v1,4,rent_02__structural__bm4,framing_disguised
rank,prim__rnt_bm_v1,5,rent_04__control__bm5,framing_disguised
rank,prim__rnt_bm_v2,1,rent_01__self_cause__bm5,framing_disguised
rank,prim__rnt_bm_v2,2,rent_02__stigma_redemption__bm2,framing_disguised
rank,prim__rnt_bm_v2,3,rent_04__structural__bm1,framing_disguised
rank,prim__rnt_bm_v2,4,rent_03__control__bm3,framing_disguised
rank,prim__rnt_bm_v2,5,rent_05__stigma_no_redemption__bm4,framing_disguised
rank,prim__rnt_bm_v3,1,rent_04__stigma_redemption__bm4,framing_disguised
rank,prim__rnt_bm_v3,2,rent_03__structural__bm5,framing_disguised
rank,prim__rnt_bm_v3,3,rent_05__control__bm2,framing_disguised
rank,prim__rnt_bm_v3,4,rent_01__stigma_no_redemption__bm1,framing_disguised
rank,prim__rnt_bm_v3,5,rent_02__self_cause__bm3,framing_disguised
rank,prim__rnt_bm_v4,1,rent_05__structural__bm3,framing_disguised
rank,prim__rnt_bm_v4,2,rent_01__control__bm4,framing_disguised
rank,prim__rnt_bm_v4,3,rent_02__stigma_no_redemption__bm5,framing_disguised
rank,prim__rnt_bm_v4,4,rent_04__self_cause__bm2,framing_disguised
rank,prim__rnt_bm_v4,5,rent_03__stigma_redemption__bm1,framing_disguised
rank,prim__rnt_bm_v5,1,rent_02__control__bm1,framing_disguised
rank,prim__rnt_bm_v5,2,rent_04__stigma_no_redemption__bm3,framing_disguised
rank,prim__rnt_bm_v5,3,rent_03__self_cause__bm4,framing_disguised
rank,prim__rnt_bm_v5,4,rent_05__stigma_redemption__bm5,framing_disguised
rank,prim__rnt_bm_v5,5,rent_01__structural__bm2,framing_disguised
rank,prim__rnt_hf_v1,1,rent_01__structural__hf5,framing_disguised
rank,prim__rnt_hf_v1,2,rent_02__self_cause__hf4,framing_disguised
rank,prim__rnt_hf_v1,3,rent_04__control__hf2,framing_disguised
rank,prim__rnt_hf_v1,4,rent_03__stigma_no_redemption__hf1,framing_disguised
rank,prim__rnt_hf_v1,5,rent_05__stigma_redemption__hf3,framing_disguised
rank,prim__rnt_hf_v2,1,rent_04__self_cause__hf3,framing_disguised
rank,prim__rnt_hf_v2,2,rent_03__control__hf5,framing_disguised
rank,prim__rnt_hf_v2,3,rent_05__stigma_no_redemption__hf4,framing_disguised
rank,prim__rnt_hf_v2,4,rent_01__stigma_redemption__hf2,framing_disguised
rank,prim__rnt_hf_v2,5,rent_02__structural__hf1,framing_disguised
rank,prim__rnt_hf_v3,1,rent_05__control__hf1,framing_disguised
rank,prim__rnt_hf_v3,2,rent_01__stigma_no_redemption__hf3,framing_disguised
rank,prim__rnt_hf_v3,3,rent_02__stigma_redemption__hf5,framing_disguised
rank,prim__rnt_hf_v3,4,rent_04__structural__hf4,framing_disguised
rank,prim__rnt_hf_v3,5,rent_03__self_cause__hf2,framing_disguised
rank,prim__rnt_hf_v4,1,rent_02__stigma_no_redemption__hf2,framing_disguised
rank,prim__rnt_hf_v4,2,rent_04__stigma_redemption__hf1,framing_disguised
rank,prim__rnt_hf_v4,3,rent_03__structural__hf3,framing_disguised
rank,prim__rnt_hf_v4,4,rent_05__self_cause__hf5,framing_disguised
rank,prim__rnt_hf_v4,5,rent_01__control__hf4,framing_disguised
rank,prim__rnt_hf_v5,1,rent_03__stigma_redemption__hf4,framing_disguised
rank,prim__rnt_hf_v5,2,rent_05__structural__hf2,framing_disguised
rank,prim__rnt_hf_v5,3,rent_01__self_cause__hf1,framing_disguised
rank,prim__rnt_hf_v5,4,rent_02__control__hf3,framing_disguised
rank,prim__rnt_hf_v5,5,rent_04__stigma_no_redemption__hf5,framing_disguised
rank,prim__rnt_hm_v1,1,rent_04__self_cause__hm4,framing_disguised
rank,prim__rnt_hm_v1,2,rent_03__control__hm3,framing_disguised
rank,prim__rnt_hm_v1,3,rent_02__stigma_no_redemption__hm5,framing_disguised
rank,prim__rnt_hm_v1,4,rent_01__stigma_redemption__hm1,framing_disguised
rank,prim__rnt_hm_v1,5,rent_05__structural__hm2,framing_disguised
rank,prim__rnt_hm_v2,1,rent_02__control__hm2,framing_disguised
rank,prim__rnt_hm_v2,2,rent_01__stigma_no_redemption__hm4,framing_disguised
rank,prim__rnt_hm_v2,3,rent_05__stigma_redemption__hm3,framing_disguised
rank,prim__rnt_hm_v2,4,rent_04__structural__hm5,framing_disguised
rank,prim__rnt_hm_v2,5,rent_03__self_cause__hm1,framing_disguised
rank,prim__rnt_hm_v3,1,rent_05__stigma_no_redemption__hm1,framing_disguised
rank,prim__rnt_hm_v3,2,rent_04__stigma_redemption__hm2,framing_disguised
rank,prim__rnt_hm_v3,3,rent_03__structural__hm4,framing_disguised
rank,prim__rnt_hm_v3,4,rent_02__self_cause__hm3,framing_disguised
rank,prim__rnt_hm_v3,5,rent_01__control__hm5,framing_disguised
rank,prim__rnt_hm_v4,1,rent_03__stigma_redemption__hm5,framing_disguised
rank,prim__rnt_hm_v4,2,rent_02__structural__hm1,framing_disguised
rank,prim__rnt_hm_v4,3,rent_01__self_cause__hm2,framing_disguised
rank,prim__rnt_hm_v4,4,rent_05__control__hm4,framing_disguised
rank,prim__rnt_hm_v4,5,rent_04__stigma_no_redemption__hm3,framing_disguised
rank,prim__rnt_hm_v5,1,rent_01__structural__hm3,framing_disguised
rank,prim__rnt_hm_v5,2,rent_05__self_cause__hm5,framing_disguised
rank,prim__rnt_hm_v5,3,rent_04__control__hm1,framing_disguised
rank,prim__rnt_hm_v5,4,rent_03__stigma_no_redemption__hm2,framing_disguised
rank,prim__rnt_hm_v5,5,rent_02__stigma_redemption__hm4,framing_disguised
rank,prim__rnt_wf_v1,1,rent_01__structural__wf1,framing_disguised
rank,prim__rnt_wf_v1,2,rent_03__self_cause__wf2,framing_disguised
rank,prim__rnt_wf_v1,3,rent_05__stigma_redemption__wf5,framing_disguised
rank,prim__rnt_wf_v1,4,rent_04__stigma_no_redemption__wf4,framing_disguised
rank,prim__rnt_wf_v1,5,rent_02__control__wf3,framing_disguised
rank,prim__rnt_wf_v2,1,rent_05__self_cause__wf3,framing_disguised
rank,prim__rnt_wf_v2,2,rent_04__stigma_redemption__wf1,framing_disguised
rank,prim__rnt_wf_v2,3,rent_02__stigma_no_redemption__wf2,framing_disguised
rank,prim__rnt_wf_v2,4,rent_01__control__wf5,framing_disguised
rank,prim__rnt_wf_v2,5,rent_03__structural__wf4,framing_disguised
rank,prim__rnt_wf_v3,1,rent_02__stigma_redemption__wf4,framing_disguised
rank,prim__rnt_wf_v3,2,rent_01__stigma_no_redemption__wf3,framing_disguised
rank,prim__rnt_wf_v3,3,rent_03__control__wf1,framing_disguised
rank,prim__rnt_wf_v3,4,rent_05__structural__wf2,framing_disguised
rank,prim__rnt_wf_v3,5,rent_04__self_cause__wf5,framing_disguised
rank,prim__rnt_wf_v4,1,rent_03__stigma_no_redemption__wf5,framing_disguised
rank,prim__rnt_wf_v4,2,rent_05__control__wf4,framing_disguised
rank,prim__rnt_wf_v4,3,rent_04__structural__wf3,framing_disguised
rank,prim__rnt_wf_v4,4,rent_02__self_cause__wf1,framing_disguised
rank,prim__rnt_wf_v4,5,rent_01__stigma_redemption__wf2,framing_disguised
rank,prim__rnt_wf_v5,1,rent_04__control__wf2,framing_disguised
rank,prim__rnt_wf_v5,2,rent_02__structural__wf5,framing_disguised
rank,prim__rnt_wf_v5,3,rent_01__self_cause__wf4,framing_disguised
rank,prim__rnt_wf_v5,4,rent_03__stigma_redemption__wf3,framing_disguised
rank,prim__rnt_wf_v5,5,rent_05__stigma_no_redemption__wf1,framing_disguised
rank,prim__rnt_wm_v1,1,rent_02__stigma_no_redemption__wm5,framing_disguised
rank,prim__rnt_wm_v1,2,rent_05__self_cause__wm2,framing_disguised
rank,prim__rnt_wm_v1,3,rent_01__stigma_redemption__wm3,framing_disguised
rank,prim__rnt_wm_v1,4,rent_04__structural__wm1,framing_disguised
rank,prim__rnt_wm_v1,5,rent_03__control__wm4,framing_disguised
rank,prim__rnt_wm_v2,1,rent_01__self_cause__wm4,framing_disguised
rank,prim__rnt_wm_v2,2,rent_04__stigma_redemption__wm5,framing_disguised
rank,prim__rnt_wm_v2,3,rent_03__structural__wm2,framing_disguised
rank,prim__rnt_wm_v2,4,rent_02__control__wm3,framing_disguised
rank,prim__rnt_wm_v2,5,rent_05__stigma_no_redemption__wm1,framing_disguised
rank,prim__rnt_wm_v3,1,rent_03__stigma_redemption__wm1,framing_disguised
rank,prim__rnt_wm_v3,2,rent_02__structural__wm4,framing_disguised
rank,prim__rnt_wm_v3,3,rent_05__control__wm5,framing_disguised
rank,prim__rnt_wm_v3,4,rent_01__stigma_no_redemption__wm2,framing_disguised
rank,prim__rnt_wm_v3,5,rent_04__self_cause__wm3,framing_disguised
rank,prim__rnt_wm_v4,1,rent_05__structural__wm3,framing_disguised
rank,prim__rnt_wm_v4,2,rent_01__control__wm1,framing_disguised
rank,prim__rnt_wm_v4,3,rent_04__stigma_no_redemption__wm4,framing_disguised
rank,prim__rnt_wm_v4,4,rent_03__self_cause__wm5,framing_disguised
rank,prim__rnt_wm_v4,5,rent_02__stigma_redemption__wm2,framing_disguised
rank,prim__rnt_wm_v5,1,rent_04__control__wm2,framing_disguised
rank,prim__rnt_wm_v5,2,rent_03__stigma_no_redemption__wm3,framing_disguised
rank,prim__rnt_wm_v5,3,rent_02__self_cause__wm1,framing_disguised
rank,prim__rnt_wm_v5,4,rent_05__stigma_redemption__wm4,framing_disguised
rank,prim__rnt_wm_v5,5,rent_01__structural__wm5,framing_disguised
rate,edu_01__control__af1,1,edu_01__control__af1,rate
rate,edu_01__control__am4,1,edu_01__control__am4,rate
rate,edu_01__control__bf3,1,edu_01__control__bf3,rate
rate,edu_01__control__bm3,1,edu_01__control__bm3,rate
rate,edu_01__control__hf4,1,edu_01__control__hf4,rate
rate,edu_01__control__hm3,1,edu_01__control__hm3,rate
rate,edu_01__control__wf5,1,edu_01__control__wf5,rate
rate,edu_01__control__wm3,1,edu_01__control__wm3,rate
rate,edu_01__self_cause__af1,1,edu_01__self_cause__af1,rate
rate,edu_01__self_cause__am4,1,edu_01__self_cause__am4,rate
rate,edu_01__self_cause__bf3,1,edu_01__self_cause__bf3,rate
rate,edu_01__self_cause__bm3,1,edu_01__self_cause__bm3,rate
rate,edu_01__self_cause__hf4,1,edu_01__self_cause__hf4,rate
rate,edu_01__self_cause__hm3,1,edu_01__self_cause__hm3,rate
rate,edu_01__self_cause__wf5,1,edu_01__self_cause__wf5,rate
rate,edu_01__self_cause__wm3,1,edu_01__self_cause__wm3,rate
rate,edu_01__stigma_no_redemption__af1,1,edu_01__stigma_no_redemption__af1,rate
rate,edu_01__stigma_no_redemption__am4,1,edu_01__stigma_no_redemption__am4,rate
rate,edu_01__stigma_no_redemption__bf3,1,edu_01__stigma_no_redemption__bf3,rate
rate,edu_01__stigma_no_redemption__bm3,1,edu_01__stigma_no_redemption__bm3,rate
rate,edu_01__stigma_no_redemption__hf4,1,edu_01__stigma_no_redemption__hf4,rate
rate,edu_01__stigma_no_redemption__hm3,1,edu_01__stigma_no_redemption__hm3,rate
rate,edu_01__stigma_no_redemption__wf5,1,edu_01__stigma_no_redemption__wf5,rate
rate,edu_01__stigma_no_redemption__wm3,1,edu_01__stigma_no_redemption__wm3,rate
rate,edu_01__stigma_redemption__af1,1,edu_01__stigma_redemption__af1,rate
rate,edu_01__stigma_redemption__am4,1,edu_01__stigma_redemption__am4,rate
rate,edu_01__stigma_redemption__bf3,1,edu_01__stigma_redemption__bf3,rate
rate,edu_01__stigma_redemption__bm3,1,edu_01__stigma_redemption__bm3,rate
rate,edu_01__stigma_redemption__hf4,1,edu_01__stigma_redemption__hf4,rate
rate,edu_01__stigma_redemption__hm3,1,edu_01__stigma_redemption__hm3,rate
rate,edu_01__stigma_redemption__wf5,1,edu_01__stigma_redemption__wf5,rate
rate,edu_01__stigma_redemption__wm3,1,edu_01__stigma_redemption__wm3,rate
rate,edu_01__structural__af1,1,edu_01__structural__af1,rate
rate,edu_01__structural__am4,1,edu_01__structural__am4,rate
rate,edu_01__structural__bf3,1,edu_01__structural__bf3,rate
rate,edu_01__structural__bm3,1,edu_01__structural__bm3,rate
rate,edu_01__structural__hf4,1,edu_01__structural__hf4,rate
rate,edu_01__structural__hm3,1,edu_01__structural__hm3,rate
rate,edu_01__structural__wf5,1,edu_01__structural__wf5,rate
rate,edu_01__structural__wm3,1,edu_01__structural__wm3,rate
rate,edu_02__control__af5,1,edu_02__control__af5,rate
rate,edu_02__control__am2,1,edu_02__control__am2,rate
rate,edu_02__control__bf2,1,edu_02__control__bf2,rate
rate,edu_02__control__bm1,1,edu_02__control__bm1,rate
rate,edu_02__control__hf3,1,edu_02__control__hf3,rate
rate,edu_02__control__hm5,1,edu_02__control__hm5,rate
rate,edu_02__control__wf2,1,edu_02__control__wf2,rate
rate,edu_02__control__wm2,1,edu_02__control__wm2,rate
rate,edu_02__self_cause__af5,1,edu_02__self_cause__af5,rate
rate,edu_02__self_cause__am2,1,edu_02__self_cause__am2,rate
rate,edu_02__self_cause__bf2,1,edu_02__self_cause__bf2,rate
rate,edu_02__self_cause__bm1,1,edu_02__self_cause__bm1,rate
rate,edu_02__self_cause__hf3,1,edu_02__self_cause__hf3,rate
rate,edu_02__self_cause__hm5,1,edu_02__self_cause__hm5,rate
rate,edu_02__self_cause__wf2,1,edu_02__self_cause__wf2,rate
rate,edu_02__self_cause__wm2,1,edu_02__self_cause__wm2,rate
rate,edu_02__stigma_no_redemption__af5,1,edu_02__stigma_no_redemption__af5,rate
rate,edu_02__stigma_no_redemption__am2,1,edu_02__stigma_no_redemption__am2,rate
rate,edu_02__stigma_no_redemption__bf2,1,edu_02__stigma_no_redemption__bf2,rate
rate,edu_02__stigma_no_redemption__bm1,1,edu_02__stigma_no_redemption__bm1,rate
rate,edu_02__stigma_no_redemption__hf3,1,edu_02__stigma_no_redemption__hf3,rate
rate,edu_02__stigma_no_redemption__hm5,1,edu_02__stigma_no_redemption__hm5,rate
rate,edu_02__stigma_no_redemption__wf2,1,edu_02__stigma_no_redemption__wf2,rate
rate,edu_02__stigma_no_redemption__wm2,1,edu_02__stigma_no_redemption__wm2,rate
rate,edu_02__stigma_redemption__af5,1,edu_02__stigma_redemption__af5,rate
rate,edu_02__stigma_redemption__am2,1,edu_02__stigma_redemption__am2,rate
rate,edu_02__stigma_redemption__bf2,1,edu_02__stigma_redemption__bf2,rate
rate,edu_02__stigma_redemption__bm1,1,edu_02__stigma_redemption__bm1,rate
rate,edu_02__stigma_redemption__hf3,1,edu_02__stigma_redemption__hf3,rate
rate,edu_02__stigma_redemption__hm5,1,edu_02__stigma_redemption__hm5,rate
rate,edu_02__stigma_redemption__wf2,1,edu_02__stigma_redemption__wf2,rate
rate,edu_02__stigma_redemption__wm2,1,edu_02__stigma_redemption__wm2,rate
rate,edu_02__structural__af5,1,edu_02__structural__af5,rate
rate,edu_02__structural__am2,1,edu_02__structural__am2,rate
rate,edu_02__structural__bf2,1,edu_02__structural__bf2,rate
rate,edu_02__structural__bm1,1,edu_02__structural__bm1,rate
rate,edu_02__structural__hf3,1,edu_02__structural__hf3,rate
rate,edu_02__structural__hm5,1,edu_02__structural__hm5,rate
rate,edu_02__structural__wf2,1,edu_02__structural__wf2,rate
rate,edu_02__structural__wm2,1,edu_02__structural__wm2,rate
rate,edu_03__control__af4,1,edu_03__control__af4,rate
rate,edu_03__control__am3,1,edu_03__control__am3,rate
rate,edu_03__control__bf4,1,edu_03__control__bf4,rate
rate,edu_03__control__bm2,1,edu_03__control__bm2,rate
rate,edu_03__control__hf1,1,edu_03__control__hf1,rate
rate,edu_03__control__hm1,1,edu_03__control__hm1,rate
rate,edu_03__control__wf3,1,edu_03__control__wf3,rate
rate,edu_03__control__wm5,1,edu_03__control__wm5,rate
rate,edu_03__self_cause__af4,1,edu_03__self_cause__af4,rate
rate,edu_03__self_cause__am3,1,edu_03__self_cause__am3,rate
rate,edu_03__self_cause__bf4,1,edu_03__self_cause__bf4,rate
rate,edu_03__self_cause__bm2,1,edu_03__self_cause__bm2,rate
rate,edu_03__self_cause__hf1,1,edu_03__self_cause__hf1,rate
rate,edu_03__self_cause__hm1,1,edu_03__self_cause__hm1,rate
rate,edu_03__self_cause__wf3,1,edu_03__self_cause__wf3,rate
rate,edu_03__self_cause__wm5,1,edu_03__self_cause__wm5,rate
rate,edu_03__stigma_no_redemption__af4,1,edu_03__stigma_no_redemption__af4,rate
rate,edu_03__stigma_no_redemption__am3,1,edu_03__stigma_no_redemption__am3,rate
rate,edu_03__stigma_no_redemption__bf4,1,edu_03__stigma_no_redemption__bf4,rate
rate,edu_03__stigma_no_redemption__bm2,1,edu_03__stigma_no_redemption__bm2,rate
rate,edu_03__stigma_no_redemption__hf1,1,edu_03__stigma_no_redemption__hf1,rate
rate,edu_03__stigma_no_redemption__hm1,1,edu_03__stigma_no_redemption__hm1,rate
rate,edu_03__stigma_no_redemption__wf3,1,edu_03__stigma_no_redemption__wf3,rate
rate,edu_03__stigma_no_redemption__wm5,1,edu_03__stigma_no_redemption__wm5,rate
rate,edu_03__stigma_redemption__af4,1,edu_03__stigma_redemption__af4,rate
rate,edu_03__stigma_redemption__am3,1,edu_03__stigma_redemption__am3,rate
rate,edu_03__stigma_redemption__bf4,1,edu_03__stigma_redemption__bf4,rate
rate,edu_03__stigma_redemption__bm2,1,edu_03__stigma_redemption__bm2,rate
rate,edu_03__stigma_redemption__hf1,1,edu_03__stigma_redemption__hf1,rate
rate,edu_03__stigma_redemption__hm1,1,edu_03__stigma_redemption__hm1,rate
rate,edu_03__stigma_redemption__wf3,1,edu_03__stigma_redemption__wf3,rate
rate,edu_03__stigma_redemption__wm5,1,edu_03__stigma_redemption__wm5,rate
rate,edu_03__structural__af4,1,edu_03__structural__af4,rate
rate,edu_03__structural__am3,1,edu_03__structural__am3,rate
rate,edu_03__structural__bf4,1,edu_03__structural__bf4,rate
rate,edu_03__structural__bm2,1,edu_03__structural__bm2,rate
rate,edu_03__structural__hf1,1,edu_03__structural__hf1,rate
rate,edu_03__structural__hm1,1,edu_03__structural__hm1,rate
rate,edu_03__structural__wf3,1,edu_03__structural__wf3,rate
rate,edu_03__structural__wm5,1,edu_03__structural__wm5,rate
rate,edu_04__control__af2,1,edu_04__control__af2,rate
rate,edu_04__control__am1,1,edu_04__control__am1,rate
rate,edu_04__control__bf5,1,edu_04__control__bf5,rate
rate,edu_04__control__bm4,1,edu_04__control__bm4,rate
rate,edu_04__control__hf5,1,edu_04__control__hf5,rate
rate,edu_04__control__hm2,1,edu_04__control__hm2,rate
rate,edu_04__control__wf1,1,edu_04__control__wf1,rate
rate,edu_04__control__wm4,1,edu_04__control__wm4,rate
rate,edu_04__self_cause__af2,1,edu_04__self_cause__af2,rate
rate,edu_04__self_cause__am1,1,edu_04__self_cause__am1,rate
rate,edu_04__self_cause__bf5,1,edu_04__self_cause__bf5,rate
rate,edu_04__self_cause__bm4,1,edu_04__self_cause__bm4,rate
rate,edu_04__self_cause__hf5,1,edu_04__self_cause__hf5,rate
rate,edu_04__self_cause__hm2,1,edu_04__self_cause__hm2,rate
rate,edu_04__self_cause__wf1,1,edu_04__self_cause__wf1,rate
rate,edu_04__self_cause__wm4,1,edu_04__self_cause__wm4,rate
rate,edu_04__stigma_no_redemption__af2,1,edu_04__stigma_no_redemption__af2,rate
rate,edu_04__stigma_no_redemption__am1,1,edu_04__stigma_no_redemption__am1,rate
rate,edu_04__stigma_no_redemption__bf5,1,edu_04__stigma_no_redemption__bf5,rate
rate,edu_04__stigma_no_redemption__bm4,1,edu_04__stigma_no_redemption__bm4,rate
rate,edu_04__stigma_no_redemption__hf5,1,edu_04__stigma_no_redemption__hf5,rate
rate,edu_04__stigma_no_redemption__hm2,1,edu_04__stigma_no_redemption__hm2,rate
rate,edu_04__stigma_no_redemption__wf1,1,edu_04__stigma_no_redemption__wf1,rate
rate,edu_04__stigma_no_redemption__wm4,1,edu_04__stigma_no_redemption__wm4,rate
rate,edu_04__stigma_redemption__af2,1,edu_04__stigma_redemption__af2,rate
rate,edu_04__stigma_redemption__am1,1,edu_04__stigma_redemption__am1,rate
rate,edu_04__stigma_redemption__bf5,1,edu_04__stigma_redemption__bf5,rate
rate,edu_04__stigma_redemption__bm4,1,edu_04__stigma_redemption__bm4,rate
rate,edu_04__stigma_redemption__hf5,1,edu_04__stigma_redemption__hf5,rate
rate,edu_04__stigma_redemption__hm2,1,edu_04__stigma_redemption__hm2,rate
rate,edu_04__stigma_redemption__wf1,1,edu_04__stigma_redemption__wf1,rate
rate,edu_04__stigma_redemption__wm4,1,edu_04__stigma_redemption__wm4,rate
rate,edu_04__structural__af2,1,edu_04__structural__af2,rate
rate,edu_04__structural__am1,1,edu_04__structural__am1,rate
rate,edu_04__structural__bf5,1,edu_04__structural__bf5,rate
rate,edu_04__structural__bm4,1,edu_04__structural__bm4,rate
rate,edu_04__structural__hf5,1,edu_04__structural__hf5,rate
rate,edu_04__structural__hm2,1,edu_04__structural__hm2,rate
rate,edu_04__structural__wf1,1,edu_04__structural__wf1,rate
rate,edu_04__structural__wm4,1,edu_04__structural__wm4,rate
rate,edu_05__control__af3,1,edu_05__control__af3,rate
rate,edu_05__control__am5,1,edu_05__control__am5,rate
rate,edu_05__control__bf1,1,edu_05__control__bf1,rate
rate,edu_05__control__bm5,1,edu_05__control__bm5,rate
rate,edu_05__control__hf2,1,edu_05__control__hf2,rate
rate,edu_05__control__hm4,1,edu_05__control__hm4,rate
rate,edu_05__control__wf4,1,edu_05__control__wf4,rate
rate,edu_05__control__wm1,1,edu_05__control__wm1,rate
rate,edu_05__self_cause__af3,1,edu_05__self_cause__af3,rate
rate,edu_05__self_cause__am5,1,edu_05__self_cause__am5,rate
rate,edu_05__self_cause__bf1,1,edu_05__self_cause__bf1,rate
rate,edu_05__self_cause__bm5,1,edu_05__self_cause__bm5,rate
rate,edu_05__self_cause__hf2,1,edu_05__self_cause__hf2,rate
rate,edu_05__self_cause__hm4,1,edu_05__self_cause__hm4,rate
rate,edu_05__self_cause__wf4,1,edu_05__self_cause__wf4,rate
rate,edu_05__self_cause__wm1,1,edu_05__self_cause__wm1,rate
rate,edu_05__stigma_no_redemption__af3,1,edu_05__stigma_no_redemption__af3,rate
rate,edu_05__stigma_no_redemption__am5,1,edu_05__stigma_no_redemption__am5,rate
rate,edu_05__stigma_no_redemption__bf1,1,edu_05__stigma_no_redemption__bf1,rate
rate,edu_05__stigma_no_redemption__bm5,1,edu_05__stigma_no_redemption__bm5,rate
rate,edu_05__stigma_no_redemption__hf2,1,edu_05__stigma_no_redemption__hf2,rate
rate,edu_05__stigma_no_redemption__hm4,1,edu_05__stigma_no_redemption__hm4,rate
rate,edu_05__stigma_no_redemption__wf4,1,edu_05__stigma_no_redemption__wf4,rate
rate,edu_05__stigma_no_redemption__wm1,1,edu_05__stigma_no_redemption__wm1,rate
rate,edu_05__stigma_redemption__af3,1,edu_05__stigma_redemption__af3,rate
rate,edu_05__stigma_redemption__am5,1,edu_05__stigma_redemption__am5,rate
rate,edu_05__stigma_redemption__bf1,1,edu_05__stigma_redemption__bf1,rate
rate,edu_05__stigma_redemption__bm5,1,edu_05__stigma_redemption__bm5,rate
rate,edu_05__stigma_redemption__hf2,1,edu_05__stigma_redemption__hf2,rate
rate,edu_05__stigma_redemption__hm4,1,edu_05__stigma_redemption__hm4,rate
rate,edu_05__stigma_redemption__wf4,1,edu_05__stigma_redemption__wf4,rate
rate,edu_05__stigma_redemption__wm1,1,edu_05__stigma_redemption__wm1,rate
rate,edu_05__structural__af3,1,edu_05__structural__af3,rate
rate,edu_05__structural__am5,1,edu_05__structural__am5,rate
rate,edu_05__structural__bf1,1,edu_05__structural__bf1,rate
rate,edu_05__structural__bm5,1,edu_05__structural__bm5,rate
rate,edu_05__structural__hf2,1,edu_05__structural__hf2,rate
rate,edu_05__structural__hm4,1,edu_05__structural__hm4,rate
rate,edu_05__structural__wf4,1,edu_05__structural__wf4,rate
rate,edu_05__structural__wm1,1,edu_05__structural__wm1,rate
rate,med_01__control__af3,1,med_01__control__af3,rate
rate,med_01__control__am3,1,med_01__control__am3,rate
rate,med_01__control__bf3,1,med_01__control__bf3,rate
rate,med_01__control__bm4,1,med_01__control__bm4,rate
rate,med_01__control__hf3,1,med_01__control__hf3,rate
rate,med_01__control__hm3,1,med_01__control__hm3,rate
rate,med_01__control__wf3,1,med_01__control__wf3,rate
rate,med_01__control__wm3,1,med_01__control__wm3,rate
rate,med_01__self_cause__af3,1,med_01__self_cause__af3,rate
rate,med_01__self_cause__am3,1,med_01__self_cause__am3,rate
rate,med_01__self_cause__bf3,1,med_01__self_cause__bf3,rate
rate,med_01__self_cause__bm4,1,med_01__self_cause__bm4,rate
rate,med_01__self_cause__hf3,1,med_01__self_cause__hf3,rate
rate,med_01__self_cause__hm3,1,med_01__self_cause__hm3,rate
rate,med_01__self_cause__wf3,1,med_01__self_cause__wf3,rate
rate,med_01__self_cause__wm3,1,med_01__self_cause__wm3,rate
rate,med_01__stigma_no_redemption__af3,1,med_01__stigma_no_redemption__af3,rate
rate,med_01__stigma_no_redemption__am3,1,med_01__stigma_no_redemption__am3,rate
rate,med_01__stigma_no_redemption__bf3,1,med_01__stigma_no_redemption__bf3,rate
rate,med_01__stigma_no_redemption__bm4,1,med_01__stigma_no_redemption__bm4,rate
rate,med_01__stigma_no_redemption__hf3,1,med_01__stigma_no_redemption__hf3,rate
rate,med_01__stigma_no_redemption__hm3,1,med_01__stigma_no_redemption__hm3,rate
rate,med_01__stigma_no_redemption__wf3,1,med_01__stigma_no_redemption__wf3,rate
rate,med_01__stigma_no_redemption__wm3,1,med_01__stigma_no_redemption__wm3,rate
rate,med_01__stigma_redemption__af3,1,med_01__stigma_redemption__af3,rate
rate,med_01__stigma_redemption__am3,1,med_01__stigma_redemption__am3,rate
rate,med_01__stigma_redemption__bf3,1,med_01__stigma_redemption__bf3,rate
rate,med_01__stigma_redemption__bm4,1,med_01__stigma_redemption__bm4,rate
rate,med_01__stigma_redemption__hf3,1,med_01__stigma_redemption__hf3,rate
rate,med_01__stigma_redemption__hm3,1,med_01__stigma_redemption__hm3,rate
rate,med_01__stigma_redemption__wf3,1,med_01__stigma_redemption__wf3,rate
rate,med_01__stigma_redemption__wm3,1,med_01__stigma_redemption__wm3,rate
rate,med_01__structural__af3,1,med_01__structural__af3,rate
rate,med_01__structural__am3,1,med_01__structural__am3,rate
rate,med_01__structural__bf3,1,med_01__structural__bf3,rate
rate,med_01__structural__bm4,1,med_01__structural__bm4,rate
rate,med_01__structural__hf3,1,med_01__structural__hf3,rate
rate,med_01__structural__hm3,1,med_01__structural__hm3,rate
rate,med_01__structural__wf3,1,med_01__structural__wf3,rate
rate,med_01__structural__wm3,1,med_01__structural__wm3,rate
rate,med_02__control__af5,1,med_02__control__af5,rate
rate,med_02__control__am4,1,med_02__control__am4,rate
rate,med_02__control__bf4,1,med_02__control__bf4,rate
rate,med_02__control__bm3,1,med_02__control__bm3,rate
rate,med_02__control__hf2,1,med_02__control__hf2,rate
rate,med_02__control__hm2,1,med_02__control__hm2,rate
rate,med_02__control__wf4,1,med_02__control__wf4,rate
rate,med_02__control__wm2,1,med_02__control__wm2,rate
rate,med_02__self_cause__af5,1,med_02__self_cause__af5,rate
rate,med_02__self_cause__am4,1,med_02__self_cause__am4,rate
rate,med_02__self_cause__bf4,1,med_02__self_cause__bf4,rate
rate,med_02__self_cause__bm3,1,med_02__self_cause__bm3,rate
rate,med_02__self_cause__hf2,1,med_02__self_cause__hf2,rate
rate,med_02__self_cause__hm2,1,med_02__self_cause__hm2,rate
rate,med_02__self_cause__wf4,1,med_02__self_cause__wf4,rate
rate,med_02__self_cause__wm2,1,med_02__self_cause__wm2,rate
rate,med_02__stigma_no_redemption__af5,1,med_02__stigma_no_redemption__af5,rate
rate,med_02__stigma_no_redemption__am4,1,med_02__stigma_no_redemption__am4,rate
rate,med_02__stigma_no_redemption__bf4,1,med_02__stigma_no_redemption__bf4,rate
rate,med_02__stigma_no_redemption__bm3,1,med_02__stigma_no_redemption__bm3,rate
rate,med_02__stigma_no_redemption__hf2,1,med_02__stigma_no_redemption__hf2,rate
rate,med_02__stigma_no_redemption__hm2,1,med_02__stigma_no_redemption__hm2,rate
rate,med_02__stigma_no_redemption__wf4,1,med_02__stigma_no_redemption__wf4,rate
rate,med_02__stigma_no_redemption__wm2,1,med_02__stigma_no_redemption__wm2,rate
rate,med_02__stigma_redemption__af5,1,med_02__stigma_redemption__af5,rate
rate,med_02__stigma_redemption__am4,1,med_02__stigma_redemption__am4,rate
rate,med_02__stigma_redemption__bf4,1,med_02__stigma_redemption__bf4,rate
rate,med_02__stigma_redemption__bm3,1,med_02__stigma_redemption__bm3,rate
rate,med_02__stigma_redemption__hf2,1,med_02__stigma_redemption__hf2,rate
rate,med_02__stigma_redemption__hm2,1,med_02__stigma_redemption__hm2,rate
rate,med_02__stigma_redemption__wf4,1,med_02__stigma_redemption__wf4,rate
rate,med_02__stigma_redemption__wm2,1,med_02__stigma_redemption__wm2,rate
rate,med_02__structural__af5,1,med_02__structural__af5,rate
rate,med_02__structural__am4,1,med_02__structural__am4,rate
rate,med_02__structural__bf4,1,med_02__structural__bf4,rate
rate,med_02__structural__bm3,1,med_02__structural__bm3,rate
rate,med_02__structural__hf2,1,med_02__structural__hf2,rate
rate,med_02__structural__hm2,1,med_02__structural__hm2,rate
rate,med_02__structural__wf4,1,med_02__structural__wf4,rate
rate,med_02__structural__wm2,1,med_02__structural__wm2,rate
rate,med_03__control__af1,1,med_03__control__af1,rate
rate,med_03__control__am2,1,med_03__control__am2,rate
rate,med_03__control__bf2,1,med_03__control__bf2,rate
rate,med_03__control__bm1,1,med_03__control__bm1,rate
rate,med_03__control__hf4,1,med_03__control__hf4,rate
rate,med_03__control__hm5,1,med_03__control__hm5,rate
rate,med_03__control__wf1,1,med_03__control__wf1,rate
rate,med_03__control__wm4,1,med_03__control__wm4,rate
rate,med_03__self_cause__af1,1,med_03__self_cause__af1,rate
rate,med_03__self_cause__am2,1,med_03__self_cause__am2,rate
rate,med_03__self_cause__bf2,1,med_03__self_cause__bf2,rate
rate,med_03__self_cause__bm1,1,med_03__self_cause__bm1,rate
rate,med_03__self_cause__hf4,1,med_03__self_cause__hf4,rate
rate,med_03__self_cause__hm5,1,med_03__self_cause__hm5,rate
rate,med_03__self_cause__wf1,1,med_03__self_cause__wf1,rate
rate,med_03__self_cause__wm4,1,med_03__self_cause__wm4,rate
rate,med_03__stigma_no_redemption__af1,1,med_03__stigma_no_redemption__af1,rate
rate,med_03__stigma_no_redemption__am2,1,med_03__stigma_no_redemption__am2,rate
rate,med_03__stigma_no_redemption__bf2,1,med_03__stigma_no_redemption__bf2,rate
rate,med_03__stigma_no_redemption__bm1,1,med_03__stigma_no_redemption__bm1,rate
rate,med_03__stigma_no_redemption__hf4,1,med_03__stigma_no_redemption__hf4,rate
rate,med_03__stigma_no_redemption__hm5,1,med_03__stigma_no_redemption__hm5,rate
rate,med_03__stigma_no_redemption__wf1,1,med_03__stigma_no_redemption__wf1,rate
rate,med_03__stigma_no_redemption__wm4,1,med_03__stigma_no_redemption__wm4,rate
rate,med_03__stigma_redemption__af1,1,med_03__stigma_redemption__af1,rate
rate,med_03__stigma_redemption__am2,1,med_03__stigma_redemption__am2,rate
rate,med_03__stigma_redemption__bf2,1,med_03__stigma_redemption__bf2,rate
rate,med_03__stigma_redemption__bm1,1,med_03__stigma_redemption__bm1,rate
rate,med_03__stigma_redemption__hf4,1,med_03__stigma_redemption__hf4,rate
rate,med_03__stigma_redemption__hm5,1,med_03__stigma_redemption__hm5,rate
rate,med_03__stigma_redemption__wf1,1,med_03__stigma_redemption__wf1,rate
rate,med_03__stigma_redemption__wm4,1,med_03__stigma_redemption__wm4,rate
rate,med_03__structural__af1,1,med_03__structural__af1,rate
rate,med_03__structural__am2,1,med_03__structural__am2,rate
rate,med_03__structural__bf2,1,med_03__structural__bf2,rate
rate,med_03__structural__bm1,1,med_03__structural__bm1,rate
rate,med_03__structural__hf4,1,med_03__structural__hf4,rate
rate,med_03__structural__hm5,1,med_03__structural__hm5,rate
rate,med_03__structural__wf1,1,med_03__structural__wf1,rate
rate,med_03__structural__wm4,1,med_03__structural__wm4,rate
rate,med_04__control__af2,1,med_04__control__af2,rate
rate,med_04__control__am5,1,med_04__control__am5,rate
rate,med_04__control__bf5,1,med_04__control__bf5,rate
rate,med_04__control__bm2,1,med_04__control__bm2,rate
rate,med_04__control__hf5,1,med_04__control__hf5,rate
rate,med_04__control__hm1,1,med_04__control__hm1,rate
rate,med_04__control__wf2,1,med_04__control__wf2,rate
rate,med_04__control__wm5,1,med_04__control__wm5,rate
rate,med_04__self_cause__af2,1,med_04__self_cause__af2,rate
rate,med_04__self_cause__am5,1,med_04__self_cause__am5,rate
rate,med_04__self_cause__bf5,1,med_04__self_cause__bf5,rate
rate,med_04__self_cause__bm2,1,med_04__self_cause__bm2,rate
rate,med_04__self_cause__hf5,1,med_04__self_cause__hf5,rate
rate,med_04__self_cause__hm1,1,med_04__self_cause__hm1,rate
rate,med_04__self_cause__wf2,1,med_04__self_cause__wf2,rate
rate,med_04__self_cause__wm5,1,med_04__self_cause__wm5,rate
rate,med_04__stigma_no_redemption__af2,1,med_04__stigma_no_redemption__af2,rate
rate,med_04__stigma_no_redemption__am5,1,med_04__stigma_no_redemption__am5,rate
rate,med_04__stigma_no_redemption__bf5,1,med_04__stigma_no_redemption__bf5,rate
rate,med_04__stigma_no_redemption__bm2,1,med_04__stigma_no_redemption__bm2,rate
rate,med_04__stigma_no_redemption__hf5,1,med_04__stigma_no_redemption__hf5,rate
rate,med_04__stigma_no_redemption__hm1,1,med_04__stigma_no_redemption__hm1,rate
rate,med_04__stigma_no_redemption__wf2,1,med_04__stigma_no_redemption__wf2,rate
rate,med_04__stigma_no_redemption__wm5,1,med_04__stigma_no_redemption__wm5,rate
rate,med_04__stigma_redemption__af2,1,med_04__stigma_redemption__af2,rate
rate,med_04__stigma_redemption__am5,1,med_04__stigma_redemption__am5,rate
rate,med_04__stigma_redemption__bf5,1,med_04__stigma_redemption__bf5,rate
rate,med_04__stigma_redemption__bm2,1,med_04__stigma_redemption__bm2,rate
rate,med_04__stigma_redemption__hf5,1,med_04__stigma_redemption__hf5,rate
rate,med_04__stigma_redemption__hm1,1,med_04__stigma_redemption__hm1,rate
rate,med_04__stigma_redemption__wf2,1,med_04__stigma_redemption__wf2,rate
rate,med_04__stigma_redemption__wm5,1,med_04__stigma_redemption__wm5,rate
rate,med_04__structural__af2,1,med_04__structural__af2,rate
rate,med_04__structural__am5,1,med_04__structural__am5,rate
rate,med_04__structural__bf5,1,med_04__structural__bf5,rate
rate,med_04__structural__bm2,1,med_04__structural__bm2,rate
rate,med_04__structural__hf5,1,med_04__structural__hf5,rate
rate,med_04__structural__hm1,1,med_04__structural__hm1,rate
rate,med_04__structural__wf2,1,med_04__structural__wf2,rate
rate,med_04__structural__wm5,1,med_04__structural__wm5,rate
rate,med_05__control__af4,1,med_05__control__af4,rate
rate,med_05__control__am1,1,med_05__control__am1,rate
rate,med_05__control__bf1,1,med_05__control__bf1,rate
rate,med_05__control__bm5,1,med_05__control__bm5,rate
rate,med_05__control__hf1,1,med_05__control__hf1,rate
rate,med_05__control__hm4,1,med_05__control__hm4,rate
rate,med_05__control__wf5,1,med_05__control__wf5,rate
rate,med_05__control__wm1,1,med_05__control__wm1,rate
rate,med_05__self_cause__af4,1,med_05__self_cause__af4,rate
rate,med_05__self_cause__am1,1,med_05__self_cause__am1,rate
rate,med_05__self_cause__bf1,1,med_05__self_cause__bf1,rate
rate,med_05__self_cause__bm5,1,med_05__self_cause__bm5,rate
rate,med_05__self_cause__hf1,1,med_05__self_cause__hf1,rate
rate,med_05__self_cause__hm4,1,med_05__self_cause__hm4,rate
rate,med_05__self_cause__wf5,1,med_05__self_cause__wf5,rate
rate,med_05__self_cause__wm1,1,med_05__self_cause__wm1,rate
rate,med_05__stigma_no_redemption__af4,1,med_05__stigma_no_redemption__af4,rate
rate,med_05__stigma_no_redemption__am1,1,med_05__stigma_no_redemption__am1,rate
rate,med_05__stigma_no_redemption__bf1,1,med_05__stigma_no_redemption__bf1,rate
rate,med_05__stigma_no_redemption__bm5,1,med_05__stigma_no_redemption__bm5,rate
rate,med_05__stigma_no_redemption__hf1,1,med_05__stigma_no_redemption__hf1,rate
rate,med_05__stigma_no_redemption__hm4,1,med_05__stigma_no_redemption__hm4,rate
rate,med_05__stigma_no_redemption__wf5,1,med_05__stigma_no_redemption__wf5,rate
rate,med_05__stigma_no_redemption__wm1,1,med_05__stigma_no_redemption__wm1,rate
rate,med_05__stigma_redemption__af4,1,med_05__stigma_redemption__af4,rate
rate,med_05__stigma_redemption__am1,1,med_05__stigma_redemption__am1,rate
rate,med_05__stigma_redemption__bf1,1,med_05__stigma_redemption__bf1,rate
rate,med_05__stigma_redemption__bm5,1,med_05__stigma_redemption__bm5,rate
rate,med_05__stigma_redemption__hf1,1,med_05__stigma_redemption__hf1,rate
rate,med_05__stigma_redemption__hm4,1,med_05__stigma_redemption__hm4,rate
rate,med_05__stigma_redemption__wf5,1,med_05__stigma_redemption__wf5,rate
rate,med_05__stigma_redemption__wm1,1,med_05__stigma_redemption__wm1,rate
rate,med_05__structural__af4,1,med_05__structural__af4,rate
rate,med_05__structural__am1,1,med_05__structural__am1,rate
rate,med_05__structural__bf1,1,med_05__structural__bf1,rate
rate,med_05__structural__bm5,1,med_05__structural__bm5,rate
rate,med_05__structural__hf1,1,med_05__structural__hf1,rate
rate,med_05__structural__hm4,1,med_05__structural__hm4,rate
rate,med_05__structural__wf5,1,med_05__structural__wf5,rate
rate,med_05__structural__wm1,1,med_05__structural__wm1,rate
rate,rent_01__control__af1,1,rent_01__control__af1,rate
rate,rent_01__control__am3,1,rent_01__control__am3,rate
rate,rent_01__control__bf3,1,rent_01__control__bf3,rate
rate,rent_01__control__bm2,1,rent_01__control__bm2,rate
rate,rent_01__control__hf4,1,rent_01__control__hf4,rate
rate,rent_01__control__hm1,1,rent_01__control__hm1,rate
rate,rent_01__control__wf4,1,rent_01__control__wf4,rate
rate,rent_01__control__wm2,1,rent_01__control__wm2,rate
rate,rent_01__self_cause__af1,1,rent_01__self_cause__af1,rate
rate,rent_01__self_cause__am3,1,rent_01__self_cause__am3,rate
rate,rent_01__self_cause__bf3,1,rent_01__self_cause__bf3,rate
rate,rent_01__self_cause__bm2,1,rent_01__self_cause__bm2,rate
rate,rent_01__self_cause__hf4,1,rent_01__self_cause__hf4,rate
rate,rent_01__self_cause__hm1,1,rent_01__self_cause__hm1,rate
rate,rent_01__self_cause__wf4,1,rent_01__self_cause__wf4,rate
rate,rent_01__self_cause__wm2,1,rent_01__self_cause__wm2,rate
rate,rent_01__stigma_no_redemption__af1,1,rent_01__stigma_no_redemption__af1,rate
rate,rent_01__stigma_no_redemption__am3,1,rent_01__stigma_no_redemption__am3,rate
rate,rent_01__stigma_no_redemption__bf3,1,rent_01__stigma_no_redemption__bf3,rate
rate,rent_01__stigma_no_redemption__bm2,1,rent_01__stigma_no_redemption__bm2,rate
rate,rent_01__stigma_no_redemption__hf4,1,rent_01__stigma_no_redemption__hf4,rate
rate,rent_01__stigma_no_redemption__hm1,1,rent_01__stigma_no_redemption__hm1,rate
rate,rent_01__stigma_no_redemption__wf4,1,rent_01__stigma_no_redemption__wf4,rate
rate,rent_01__stigma_no_redemption__wm2,1,rent_01__stigma_no_redemption__wm2,rate
rate,rent_01__stigma_redemption__af1,1,rent_01__stigma_redemption__af1,rate
rate,rent_01__stigma_redemption__am3,1,rent_01__stigma_redemption__am3,rate
rate,rent_01__stigma_redemption__bf3,1,rent_01__stigma_redemption__bf3,rate
rate,rent_01__stigma_redemption__bm2,1,rent_01__stigma_redemption__bm2,rate
rate,rent_01__stigma_redemption__hf4,1,rent_01__stigma_redemption__hf4,rate
rate,rent_01__stigma_redemption__hm1,1,rent_01__stigma_redemption__hm1,rate
rate,rent_01__stigma_redemption__wf4,1,rent_01__stigma_redemption__wf4,rate
rate,rent_01__stigma_redemption__wm2,1,rent_01__stigma_redemption__wm2,rate
rate,rent_01__structural__af1,1,rent_01__structural__af1,rate
rate,rent_01__structural__am3,1,rent_01__structural__am3,rate
rate,rent_01__structural__bf3,1,rent_01__structural__bf3,rate
rate,rent_01__structural__bm2,1,rent_01__structural__bm2,rate
rate,rent_01__structural__hf4,1,rent_01__structural__hf4,rate
rate,rent_01__structural__hm1,1,rent_01__structural__hm1,rate
rate,rent_01__structural__wf4,1,rent_01__structural__wf4,rate
rate,rent_01__structural__wm2,1,rent_01__structural__wm2,rate
rate,rent_02__control__af4,1,rent_02__control__af4,rate
rate,rent_02__control__am2,1,rent_02__control__am2,rate
rate,rent_02__control__bf4,1,rent_02__control__bf4,rate
rate,rent_02__control__bm1,1,rent_02__control__bm1,rate
rate,rent_02__control__hf2,1,rent_02__control__hf2,rate
rate,rent_02__control__hm5,1,rent_02__control__hm5,rate
rate,rent_02__control__wf3,1,rent_02__control__wf3,rate
rate,rent_02__control__wm1,1,rent_02__control__wm1,rate
rate,rent_02__self_cause__af4,1,rent_02__self_cause__af4,rate
rate,rent_02__self_cause__am2,1,rent_02__self_cause__am2,rate
rate,rent_02__self_cause__bf4,1,rent_02__self_cause__bf4,rate
rate,rent_02__self_cause__bm1,1,rent_02__self_cause__bm1,rate
rate,rent_02__self_cause__hf2,1,rent_02__self_cause__hf2,rate
rate,rent_02__self_cause__hm5,1,rent_02__self_cause__hm5,rate
rate,rent_02__self_cause__wf3,1,rent_02__self_cause__wf3,rate
rate,rent_02__self_cause__wm1,1,rent_02__self_cause__wm1,rate
rate,rent_02__stigma_no_redemption__af4,1,rent_02__stigma_no_redemption__af4,rate
rate,rent_02__stigma_no_redemption__am2,1,rent_02__stigma_no_redemption__am2,rate
rate,rent_02__stigma_no_redemption__bf4,1,rent_02__stigma_no_redemption__bf4,rate
rate,rent_02__stigma_no_redemption__bm1,1,rent_02__stigma_no_redemption__bm1,rate
rate,rent_02__stigma_no_redemption__hf2,1,rent_02__stigma_no_redemption__hf2,rate
rate,rent_02__stigma_no_redemption__hm5,1,rent_02__stigma_no_redemption__hm5,rate
rate,rent_02__stigma_no_redemption__wf3,1,rent_02__stigma_no_redemption__wf3,rate
rate,rent_02__stigma_no_redemption__wm1,1,rent_02__stigma_no_redemption__wm1,rate
rate,rent_02__stigma_redemption__af4,1,rent_02__stigma_redemption__af4,rate
rate,rent_02__stigma_redemption__am2,1,rent_02__stigma_redemption__am2,rate
rate,rent_02__stigma_redemption__bf4,1,rent_02__stigma_redemption__bf4,rate
rate,rent_02__stigma_redemption__bm1,1,rent_02__stigma_redemption__bm1,rate
rate,rent_02__stigma_redemption__hf2,1,rent_02__stigma_redemption__hf2,rate
rate,rent_02__stigma_redemption__hm5,1,rent_02__stigma_redemption__hm5,rate
rate,rent_02__stigma_redemption__wf3,1,rent_02__stigma_redemption__wf3,rate
rate,rent_02__stigma_redemption__wm1,1,rent_02__stigma_redemption__wm1,rate
rate,rent_02__structural__af4,1,rent_02__structural__af4,rate
rate,rent_02__structural__am2,1,rent_02__structural__am2,rate
rate,rent_02__structural__bf4,1,rent_02__structural__bf4,rate
rate,rent_02__structural__bm1,1,rent_02__structural__bm1,rate
rate,rent_02__structural__hf2,1,rent_02__structural__hf2,rate
rate,rent_02__structural__hm5,1,rent_02__structural__hm5,rate
rate,rent_02__structural__wf3,1,rent_02__structural__wf3,rate
rate,rent_02__structural__wm1,1,rent_02__structural__wm1,rate
rate,rent_03__control__af5,1,rent_03__control__af5,rate
rate,rent_03__control__am1,1,rent_03__control__am1,rate
rate,rent_03__control__bf1,1,rent_03__control__bf1,rate
rate,rent_03__control__bm4,1,rent_03__control__bm4,rate
rate,rent_03__control__hf1,1,rent_03__control__hf1,rate
rate,rent_03__control__hm3,1,rent_03__control__hm3,rate
rate,rent_03__control__wf2,1,rent_03__control__wf2,rate
rate,rent_03__control__wm5,1,rent_03__control__wm5,rate
rate,rent_03__self_cause__af5,1,rent_03__self_cause__af5,rate
rate,rent_03__self_cause__am1,1,rent_03__self_cause__am1,rate
rate,rent_03__self_cause__bf1,1,rent_03__self_cause__bf1,rate
rate,rent_03__self_cause__bm4,1,rent_03__self_cause__bm4,rate
rate,rent_03__self_cause__hf1,1,rent_03__self_cause__hf1,rate
rate,rent_03__self_cause__hm3,1,rent_03__self_cause__hm3,rate
rate,rent_03__self_cause__wf2,1,rent_03__self_cause__wf2,rate
rate,rent_03__self_cause__wm5,1,rent_03__self_cause__wm5,rate
rate,rent_03__stigma_no_redemption__af5,1,rent_03__stigma_no_redemption__af5,rate
rate,rent_03__stigma_no_redemption__am1,1,rent_03__stigma_no_redemption__am1,rate
rate,rent_03__stigma_no_redemption__bf1,1,rent_03__stigma_no_redemption__bf1,rate
rate,rent_03__stigma_no_redemption__bm4,1,rent_03__stigma_no_redemption__bm4,rate
rate,rent_03__stigma_no_redemption__hf1,1,rent_03__stigma_no_redemption__hf1,rate
rate,rent_03__stigma_no_redemption__hm3,1,rent_03__stigma_no_redemption__hm3,rate
rate,rent_03__stigma_no_redemption__wf2,1,rent_03__stigma_no_redemption__wf2,rate
rate,rent_03__stigma_no_redemption__wm5,1,rent_03__stigma_no_redemption__wm5,rate
rate,rent_03__stigma_redemption__af5,1,rent_03__stigma_redemption__af5,rate
rate,rent_03__stigma_redemption__am1,1,rent_03__stigma_redemption__am1,rate
rate,rent_03__stigma_redemption__bf1,1,rent_03__stigma_redemption__bf1,rate
rate,rent_03__stigma_redemption__bm4,1,rent_03__stigma_redemption__bm4,rate
rate,rent_03__stigma_redemption__hf1,1,rent_03__stigma_redemption__hf1,rate
rate,rent_03__stigma_redemption__hm3,1,rent_03__stigma_redemption__hm3,rate
rate,rent_03__stigma_redemption__wf2,1,rent_03__stigma_redemption__wf2,rate
rate,rent_03__stigma_redemption__wm5,1,rent_03__stigma_redemption__wm5,rate
rate,rent_03__structural__af5,1,rent_03__structural__af5,rate
rate,rent_03__structural__am1,1,rent_03__structural__am1,rate
rate,rent_03__structural__bf1,1,rent_03__structural__bf1,rate
rate,rent_03__structural__bm4,1,rent_03__structural__bm4,rate
rate,rent_03__structural__hf1,1,rent_03__structural__hf1,rate
rate,rent_03__structural__hm3,1,rent_03__structural__hm3,rate
rate,rent_03__structural__wf2,1,rent_03__structural__wf2,rate
rate,rent_03__structural__wm5,1,rent_03__structural__wm5,rate
rate,rent_04__control__af3,1,rent_04__control__af3,rate
rate,rent_04__control__am5,1,rent_04__control__am5,rate
rate,rent_04__control__bf5,1,rent_04__control__bf5,rate
rate,rent_04__control__bm5,1,rent_04__control__bm5,rate
rate,rent_04__control__hf5,1,rent_04__control__hf5,rate
rate,rent_04__control__hm2,1,rent_04__control__hm2,rate
rate,rent_04__control__wf1,1,rent_04__control__wf1,rate
rate,rent_04__control__wm3,1,rent_04__control__wm3,rate
rate,rent_04__self_cause__af3,1,rent_04__self_cause__af3,rate
rate,rent_04__self_cause__am5,1,rent_04__self_cause__am5,rate
rate,rent_04__self_cause__bf5,1,rent_04__self_cause__bf5,rate
rate,rent_04__self_cause__bm5,1,rent_04__self_cause__bm5,rate
rate,rent_04__self_cause__hf5,1,rent_04__self_cause__hf5,rate
rate,rent_04__self_cause__hm2,1,rent_04__self_cause__hm2,rate
rate,rent_04__self_cause__wf1,1,rent_04__self_cause__wf1,rate
rate,rent_04__self_cause__wm3,1,rent_04__self_cause__wm3,rate
rate,rent_04__stigma_no_redemption__af3,1,rent_04__stigma_no_redemption__af3,rate
rate,rent_04__stigma_no_redemption__am5,1,rent_04__stigma_no_redemption__am5,rate
rate,rent_04__stigma_no_redemption__bf5,1,rent_04__stigma_no_redemption__bf5,rate
rate,rent_04__stigma_no_redemption__bm5,1,rent_04__stigma_no_redemption__bm5,rate
rate,rent_04__stigma_no_redemption__hf5,1,rent_04__stigma_no_redemption__hf5,rate
rate,rent_04__stigma_no_redemption__hm2,1,rent_04__stigma_no_redemption__hm2,rate
rate,rent_04__stigma_no_redemption__wf1,1,rent_04__stigma_no_redemption__wf1,rate
rate,rent_04__stigma_no_redemption__wm3,1,rent_04__stigma_no_redemption__wm3,rate
rate,rent_04__stigma_redemption__af3,1,rent_04__stigma_redemption__af3,rate
rate,rent_04__stigma_redemption__am5,1,rent_04__stigma_redemption__am5,rate
rate,rent_04__stigma_redemption__bf5,1,rent_04__stigma_redemption__bf5,rate
rate,rent_04__stigma_redemption__bm5,1,rent_04__stigma_redemption__bm5,rate
rate,rent_04__stigma_redemption__hf5,1,rent_04__stigma_redemption__hf5,rate
rate,rent_04__stigma_redemption__hm2,1,rent_04__stigma_redemption__hm2,rate
rate,rent_04__stigma_redemption__wf1,1,rent_04__stigma_redemption__wf1,rate
rate,rent_04__stigma_redemption__wm3,1,rent_04__stigma_redemption__wm3,rate
rate,rent_04__structural__af3,1,rent_04__structural__af3,rate
rate,rent_04__structural__am5,1,rent_04__structural__am5,rate
rate,rent_04__structural__bf5,1,rent_04__structural__bf5,rate
rate,rent_04__structural__bm5,1,rent_04__structural__bm5,rate
rate,rent_04__structural__hf5,1,rent_04__structural__hf5,rate
rate,rent_04__structural__hm2,1,rent_04__structural__hm2,rate
rate,rent_04__structural__wf1,1,rent_04__structural__wf1,rate
rate,rent_04__structural__wm3,1,rent_04__structural__wm3,rate
rate,rent_05__control__af2,1,rent_05__control__af2,rate
rate,rent_05__control__am4,1,rent_05__control__am4,rate
rate,rent_05__control__bf2,1,rent_05__control__bf2,rate
rate,rent_05__control__bm3,1,rent_05__control__bm3,rate
rate,rent_05__control__hf3,1,rent_05__control__hf3,rate
rate,rent_05__control__hm4,1,rent_05__control__hm4,rate
rate,rent_05__control__wf5,1,rent_05__control__wf5,rate
rate,rent_05__control__wm4,1,rent_05__control__wm4,rate
rate,rent_05__self_cause__af2,1,rent_05__self_cause__af2,rate
rate,rent_05__self_cause__am4,1,rent_05__self_cause__am4,rate
rate,rent_05__self_cause__bf2,1,rent_05__self_cause__bf2,rate
rate,rent_05__self_cause__bm3,1,rent_05__self_cause__bm3,rate
rate,rent_05__self_cause__hf3,1,rent_05__self_cause__hf3,rate
rate,rent_05__self_cause__hm4,1,rent_05__self_cause__hm4,rate
rate,rent_05__self_cause__wf5,1,rent_05__self_cause__wf5,rate
rate,rent_05__self_cause__wm4,1,rent_05__self_cause__wm4,rate
rate,rent_05__stigma_no_redemption__af2,1,rent_05__stigma_no_redemption__af2,rate
rate,rent_05__stigma_no_redemption__am4,1,rent_05__stigma_no_redemption__am4,rate
rate,rent_05__stigma_no_redemption__bf2,1,rent_05__stigma_no_redemption__bf2,rate
rate,rent_05__stigma_no_redemption__bm3,1,rent_05__stigma_no_redemption__bm3,rate
rate,rent_05__stigma_no_redemption__hf3,1,rent_05__stigma_no_redemption__hf3,rate
rate,rent_05__stigma_no_redemption__hm4,1,rent_05__stigma_no_redemption__hm4,rate
rate,rent_05__stigma_no_redemption__wf5,1,rent_05__stigma_no_redemption__wf5,rate
rate,rent_05__stigma_no_redemption__wm4,1,rent_05__stigma_no_redemption__wm4,rate
rate,rent_05__stigma_redemption__af2,1,rent_05__stigma_redemption__af2,rate
rate,rent_05__stigma_redemption__am4,1,rent_05__stigma_redemption__am4,rate
rate,rent_05__stigma_redemption__bf2,1,rent_05__stigma_redemption__bf2,rate
rate,rent_05__stigma_redemption__bm3,1,rent_05__stigma_redemption__bm3,rate
rate,rent_05__stigma_redemption__hf3,1,rent_05__stigma_redemption__hf3,rate
rate,rent_05__stigma_redemption__hm4,1,rent_05__stigma_redemption__hm4,rate
rate,rent_05__stigma_redemption__wf5,1,rent_05__stigma_redemption__wf5,rate
rate,rent_05__stigma_redemption__wm4,1,rent_05__stigma_redemption__wm4,rate
rate,rent_05__structural__af2,1,rent_05__structural__af2,rate
rate,rent_05__structural__am4,1,rent_05__structural__am4,rate
rate,rent_05__structural__bf2,1,rent_05__structural__bf2,rate
rate,rent_05__structural__bm3,1,rent_05__structural__bm3,rate
rate,rent_05__structural__hf3,1,rent_05__structural__hf3,rate
rate,rent_05__structural__hm4,1,rent_05__structural__hm4,rate
rate,rent_05__structural__wf5,1,rent_05__structural__wf5,rate
rate,rent_05__structural__wm4,1,rent_05__structural__wm4,rate
